Protocollo;Gruppo;DataOraIncidente;Localizzazione1;STRADA1;Localizzazione2;STRADA2;Strada02;Chilometrica;DaSpecificare;NaturaIncidente;particolaritastrade;TipoStrada;FondoStradale;Pavimentazione;Segnaletica;CondizioneAtmosferica;Traffico;Visibilita;Illuminazione;NUM_FERITI;NUM_RISERVATA;NUM_MORTI;NUM_ILLESI;Longitudine;Latitudine;Confermato;Progressivo;TipoVeicolo;StatoVeicolo;TipoPersona;Sesso;Tipolesione;Deceduto;DecedutoDopo;CinturaCascoUtilizzato;Airbag;
5132862;2;01/11/2020 08:05:00;Strada Urbana;PIAZZA GIUSEPPE VERDI;all'intersezione con;VIA GIOVANNI BATTISTA MARTINI;VIA GIOVANNI BATTISTA MARTINI;;;Scontro frontale/laterale SX fra veicoli in marcia;Incrocio;Due carreggiate;Asciutto;Asfaltata;Verticale ed orizzontale;Sereno;Scarso;Buona;;0;0;0;2;12.495;41.9196;-1;1;Autovettura privata;In marcia / fermata / arresto;Conducente;F;Illeso;0;;Non accertato;Inesploso
5132862;2;01/11/2020 08:05:00;Strada Urbana;PIAZZA GIUSEPPE VERDI;all'intersezione con;VIA GIOVANNI BATTISTA MARTINI;VIA GIOVANNI BATTISTA MARTINI;;;Scontro frontale/laterale SX fra veicoli in marcia;Incrocio;Due carreggiate;Asciutto;Asfaltata;Verticale ed orizzontale;Sereno;Scarso;Buona;;0;0;0;2;12.495;41.9196;-1;2;Autovettura privata;In marcia / fermata / arresto;Conducente;F;Illeso;0;;Non accertato;Inesploso
5132941;10;01/11/2020 10:45:00;Strada Urbana;VIA APPIA NUOVA;all'intersezione semaforizzata con;VIA AL QUARTO MIGLIO;VIA AL QUARTO MIGLIO;;;Tamponamento;Intersezione semaforizzata;Due carreggiate;Asciutto;Asfaltata;Verticale ed orizzontale;Sereno;Normale;Buona;;0;0;0;3;12.5516;41.8447;-1;1;Autovettura privata;In marcia / fermata / arresto;Conducente;M;Illeso;0;;Non accertato;Inesploso
5132941;10;01/11/2020 10:45:00;Strada Urbana;VIA APPIA NUOVA;all'intersezione semaforizzata con;VIA AL QUARTO MIGLIO;VIA AL QUARTO MIGLIO;;;Tamponamento;Intersezione semaforizzata;Due carreggiate;Asciutto;Asfaltata;Verticale ed orizzontale;Sereno;Normale;Buona;;0;0;0;3;12.5516;41.8447;-1;1;Autovettura privata;In marcia / fermata / arresto;Passeggero;F;Illeso;0;;Non accertato;Inesploso
5132941;10;01/11/2020 10:45:00;Strada Urbana;VIA APPIA NUOVA;all'intersezione semaforizzata con;VIA AL QUARTO MIGLIO;VIA AL QUARTO MIGLIO;;;Tamponamento;Intersezione semaforizzata;Due carreggiate;Asciutto;Asfaltata;Verticale ed orizzontale;Sereno;Normale;Buona;;0;0;0;3;12.5516;41.8447;-1;2;Autocarro inferiore 35 q.;In marcia / fermata / arresto;Conducente;M;Illeso;0;;Non accertato;Inesploso
5133189;18;01/11/2020 16:55:00;Strada Urbana;VIA DOMENICO TARDINI;all'intersezione semaforizzata con;VIA FRANCESCO ALBERGOTTI;VIA FRANCESCO ALBERGOTTI;;;Tamponamento;Intersezione semaforizzata;Due carreggiate;Asciutto;Asfaltata;Verticale ed orizzontale;Sereno;Normale;Buona;;0;0;0;2;12.4254;41.9045;0;1;Autovettura privata;In marcia / fermata / arresto;Conducente;M;Illeso;0;;;
5133189;18;01/11/2020 16:55:00;Strada Urbana;VIA DOMENICO TARDINI;all'intersezione semaforizzata con;VIA FRANCESCO ALBERGOTTI;VIA FRANCESCO ALBERGOTTI;;;Tamponamento;Intersezione semaforizzata;Due carreggiate;Asciutto;Asfaltata;Verticale ed orizzontale;Sereno;Normale;Buona;;0;0;0;2;12.4254;41.9045;0;1;Autovettura privata;In marcia / fermata / arresto;Passeggero;M;Illeso;0;;;
5133189;18;01/11/2020 16:55:00;Strada Urbana;VIA DOMENICO TARDINI;all'intersezione semaforizzata con;VIA FRANCESCO ALBERGOTTI;VIA FRANCESCO ALBERGOTTI;;;Tamponamento;Intersezione semaforizzata;Due carreggiate;Asciutto;Asfaltata;Verticale ed orizzontale;Sereno;Normale;Buona;;0;0;0;2;12.4254;41.9045;0;2;Autovettura privata;In marcia / fermata / arresto;;;;;;;
5133197;16;01/11/2020 09:30:00;Strada Urbana;CIRCONVALLAZIONE GIANICOLENSE;all'intersezione semaforizzata con;PIAZZALE ENRICO DUNANT;PIAZZALE ENRICO DUNANT;;;Investimento di pedone;Incrocio;Una carreggiata a senso unico di marcia;Asciutto;Asfaltata;Verticale ed orizzontale;Sereno;Normale;Buona;;1;0;0;1;12.4496;41.8725;-1;;;;Pedone;M;Rimandato;0;NON DECEDUTO;;
5133197;16;01/11/2020 09:30:00;Strada Urbana;CIRCONVALLAZIONE GIANICOLENSE;all'intersezione semaforizzata con;PIAZZALE ENRICO DUNANT;PIAZZALE ENRICO DUNANT;;;Investimento di pedone;Incrocio;Una carreggiata a senso unico di marcia;Asciutto;Asfaltata;Verticale ed orizzontale;Sereno;Normale;Buona;;1;0;0;1;12.4496;41.8725;-1;1;Autobus urbano;In marcia / fermata / arresto;Conducente;M;Illeso;0;;Non accertato;
5133483;8;01/11/2020 12:00:00;Strada Urbana;VIA ALBERTO LUTHULI;all'intersezione con;VIA RAOUL FOLLEREAU;VIA RAOUL FOLLEREAU;;;Scontro frontale/laterale DX fra veicoli in marcia;Incrocio;Una carreggiata a doppio senso;Asciutto;Asfaltata;Verticale ed orizzontale;Sereno;Scarso;Buona;;2;0;0;2;12.6763;41.8938;-1;1;Autovettura privata;In marcia / fermata / arresto;Conducente;M;Illeso;0;;Non accertato;Inesistente
5133483;8;01/11/2020 12:00:00;Strada Urbana;VIA ALBERTO LUTHULI;all'intersezione con;VIA RAOUL FOLLEREAU;VIA RAOUL FOLLEREAU;;;Scontro frontale/laterale DX fra veicoli in marcia;Incrocio;Una carreggiata a doppio senso;Asciutto;Asfaltata;Verticale ed orizzontale;Sereno;Scarso;Buona;;2;0;0;2;12.6763;41.8938;-1;2;Autobus di linea;In marcia / fermata / arresto;Conducente;M;Illeso;0;;Non accertato;Inesploso
5133483;8;01/11/2020 12:00:00;Strada Urbana;VIA ALBERTO LUTHULI;all'intersezione con;VIA RAOUL FOLLEREAU;VIA RAOUL FOLLEREAU;;;Scontro frontale/laterale DX fra veicoli in marcia;Incrocio;Una carreggiata a doppio senso;Asciutto;Asfaltata;Verticale ed orizzontale;Sereno;Scarso;Buona;;2;0;0;2;12.6763;41.8938;-1;2;Autobus di linea;In marcia / fermata / arresto;Passeggero;M;Rifiuta cure immediate;0;NON DECEDUTO;Non accertato;Inesistente
5133483;8;01/11/2020 12:00:00;Strada Urbana;VIA ALBERTO LUTHULI;all'intersezione con;VIA RAOUL FOLLEREAU;VIA RAOUL FOLLEREAU;;;Scontro frontale/laterale DX fra veicoli in marcia;Incrocio;Una carreggiata a doppio senso;Asciutto;Asfaltata;Verticale ed orizzontale;Sereno;Scarso;Buona;;2;0;0;2;12.6763;41.8938;-1;2;Autobus di linea;In marcia / fermata / arresto;Passeggero;M;Rifiuta cure immediate;0;NON DECEDUTO;Non accertato;Inesistente
5133489;8;01/11/2020 13:20:00;Strada Urbana;VIA DI LUNGHEZZINA;da specificare;;;;in prossimit� di via DONEGANI;Investimento di pedone;Rettilineo;Una carreggiata a doppio senso;Asciutto;Asfaltata;Orizzontale;Sereno;Normale;Sufficiente;;1;0;0;1;12.708;41.9293;-1;;;;Pedone;M;Rifiuta cure immediate;0;NON DECEDUTO;;
5133489;8;01/11/2020 13:20:00;Strada Urbana;VIA DI LUNGHEZZINA;da specificare;;;;in prossimit� di via DONEGANI;Investimento di pedone;Rettilineo;Una carreggiata a doppio senso;Asciutto;Asfaltata;Orizzontale;Sereno;Normale;Sufficiente;;1;0;0;1;12.708;41.9293;-1;1;Autovettura privata;In marcia / fermata / arresto;Conducente;M;Illeso;0;;;
5133493;8;01/11/2020 18:00:00;Statale entro l'abitato;VIA CASILINA;all'intersezione con;VIA DI TORRENOVA;VIA DI TORRENOVA;;;Scontro frontale/laterale SX fra veicoli in marcia;Incrocio;Una carreggiata a doppio senso;Asciutto;Asfaltata;Verticale ed orizzontale;Sereno;Normale;Sufficiente;;1;0;0;1;12.6212;41.8626;-1;1;Autovettura privata;In marcia / fermata / arresto;Conducente;M;Illeso;0;;Non utilizzato;
5133493;8;01/11/2020 18:00:00;Statale entro l'abitato;VIA CASILINA;all'intersezione con;VIA DI TORRENOVA;VIA DI TORRENOVA;;;Scontro frontale/laterale SX fra veicoli in marcia;Incrocio;Una carreggiata a doppio senso;Asciutto;Asfaltata;Verticale ed orizzontale;Sereno;Normale;Sufficiente;;1;0;0;1;12.6212;41.8626;-1;2;Motociclo a solo;In marcia / fermata / arresto;Conducente;F;Rimandato;0;NON DECEDUTO;Non accertato;
5133507;1;01/11/2020 18:30:00;Strada Urbana;VIA DEI LATERANI;all'intersezione semaforizzata con;VIA DELL'AMBA ARADAM;VIA DELL'AMBA ARADAM;;;Scontro laterale fra veicoli in marcia;Intersezione semaforizzata;Una carreggiata a senso unico di marcia;Asciutto;Asfaltata;Verticale ed orizzontale;Sereno;Normale;Buona;;0;0;0;4;12.5029;41.8856;-1;1;Autovettura privata;In marcia / fermata / arresto;Conducente;F;Illeso;0;;Non accertato;Inesploso
5133507;1;01/11/2020 18:30:00;Strada Urbana;VIA DEI LATERANI;all'intersezione semaforizzata con;VIA DELL'AMBA ARADAM;VIA DELL'AMBA ARADAM;;;Scontro laterale fra veicoli in marcia;Intersezione semaforizzata;Una carreggiata a senso unico di marcia;Asciutto;Asfaltata;Verticale ed orizzontale;Sereno;Normale;Buona;;0;0;0;4;12.5029;41.8856;-1;1;Autovettura privata;In marcia / fermata / arresto;Passeggero;F;Illeso;0;;Non accertato;Inesploso
5133507;1;01/11/2020 18:30:00;Strada Urbana;VIA DEI LATERANI;all'intersezione semaforizzata con;VIA DELL'AMBA ARADAM;VIA DELL'AMBA ARADAM;;;Scontro laterale fra veicoli in marcia;Intersezione semaforizzata;Una carreggiata a senso unico di marcia;Asciutto;Asfaltata;Verticale ed orizzontale;Sereno;Normale;Buona;;0;0;0;4;12.5029;41.8856;-1;2;Autovettura privata;In marcia / fermata / arresto;Conducente;M;Illeso;0;;Non accertato;Inesploso
5133507;1;01/11/2020 18:30:00;Strada Urbana;VIA DEI LATERANI;all'intersezione semaforizzata con;VIA DELL'AMBA ARADAM;VIA DELL'AMBA ARADAM;;;Scontro laterale fra veicoli in marcia;Intersezione semaforizzata;Una carreggiata a senso unico di marcia;Asciutto;Asfaltata;Verticale ed orizzontale;Sereno;Normale;Buona;;0;0;0;4;12.5029;41.8856;-1;2;Autovettura privata;In marcia / fermata / arresto;Passeggero;F;Illeso;0;;Non accertato;Inesploso
5133570;11;01/11/2020 13:30:00;Strada Urbana;VIA CRISTOFORO COLOMBO;all'intersezione semaforizzata con;VIA ROSA GUARNIERI CARDUCCI;VIA ROSA GUARNIERI CARDUCCI;;;Veicolo in marcia contro ostacolo fisso;Intersezione semaforizzata;Pi� di due carreggiate;Asciutto;Asfaltata;Verticale ed orizzontale;Sereno;Scarso;Buona;;0;0;0;1;12.4928;41.856;-1;1;Autovettura privata;In marcia / fermata / arresto;Conducente;F;Illeso;0;;;
5133578;1;01/11/2020 14:38:00;Strada Urbana;PIAZZA DI TOR SANGUIGNA;all'intersezione con;VIA AGONALE;VIA AGONALE;;;Veicolo in marcia contro veicolo in sosta;Incrocio;Una carreggiata a doppio senso;Asciutto;In cubetti di porfido;Verticale ed orizzontale;Sereno;Normale;Buona;;0;0;0;1;12.4727;41.9004;-1;1;Monopattino elettrico;In marcia / fermata / arresto;Conducente;M;Illeso;0;;Esente;Inesistente
5133578;1;01/11/2020 14:38:00;Strada Urbana;PIAZZA DI TOR SANGUIGNA;all'intersezione con;VIA AGONALE;VIA AGONALE;;;Veicolo in marcia contro veicolo in sosta;Incrocio;Una carreggiata a doppio senso;Asciutto;In cubetti di porfido;Verticale ed orizzontale;Sereno;Normale;Buona;;0;0;0;1;12.4727;41.9004;-1;2;Autovettura pubblica;Sosta;;;;;;;
5133582;18;01/11/2020 18:45:00;Strada Urbana;VIA DI BOCCEA;in prossimit�;;del civico n.;561;;Tamponamento;Rettilineo;Una carreggiata a doppio senso;Asciutto;Asfaltata;Orizzontale;Sereno;Normale;Buona;;2;0;0;4;12.3809;41.9153;-1;1;Autovettura privata;In marcia / fermata / arresto;Conducente;M;Rifiuta cure immediate;0;NON DECEDUTO;;
5133582;18;01/11/2020 18:45:00;Strada Urbana;VIA DI BOCCEA;in prossimit�;;del civico n.;561;;Tamponamento;Rettilineo;Una carreggiata a doppio senso;Asciutto;Asfaltata;Orizzontale;Sereno;Normale;Buona;;2;0;0;4;12.3809;41.9153;-1;1;Autovettura privata;In marcia / fermata / arresto;Passeggero;M;Illeso;0;;;
5133582;18;01/11/2020 18:45:00;Strada Urbana;VIA DI BOCCEA;in prossimit�;;del civico n.;561;;Tamponamento;Rettilineo;Una carreggiata a doppio senso;Asciutto;Asfaltata;Orizzontale;Sereno;Normale;Buona;;2;0;0;4;12.3809;41.9153;-1;2;Autovettura privata;In marcia / fermata / arresto;Conducente;M;Rimandato;0;NON DECEDUTO;;
5133582;18;01/11/2020 18:45:00;Strada Urbana;VIA DI BOCCEA;in prossimit�;;del civico n.;561;;Tamponamento;Rettilineo;Una carreggiata a doppio senso;Asciutto;Asfaltata;Orizzontale;Sereno;Normale;Buona;;2;0;0;4;12.3809;41.9153;-1;2;Autovettura privata;In marcia / fermata / arresto;Passeggero;F;Illeso;0;;;
5133582;18;01/11/2020 18:45:00;Strada Urbana;VIA DI BOCCEA;in prossimit�;;del civico n.;561;;Tamponamento;Rettilineo;Una carreggiata a doppio senso;Asciutto;Asfaltata;Orizzontale;Sereno;Normale;Buona;;2;0;0;4;12.3809;41.9153;-1;2;Autovettura privata;In marcia / fermata / arresto;Passeggero;F;Illeso;0;;;
5133582;18;01/11/2020 18:45:00;Strada Urbana;VIA DI BOCCEA;in prossimit�;;del civico n.;561;;Tamponamento;Rettilineo;Una carreggiata a doppio senso;Asciutto;Asfaltata;Orizzontale;Sereno;Normale;Buona;;2;0;0;4;12.3809;41.9153;-1;2;Autovettura privata;In marcia / fermata / arresto;Passeggero;M;Illeso;0;;;
5133591;11;01/11/2020 20:50:00;Strada Urbana;VIA CRISTOFORO COLOMBO;da specificare;;;;altezza civico 44;Scontro frontale/laterale SX fra veicoli in marcia;Rettilineo;Pi� di due carreggiate;Asciutto;Asfaltata;Verticale ed orizzontale;Sereno;Normale;Buona;;1;0;0;1;12.496;41.8687;-1;1;Autovettura privata;In marcia / fermata / arresto;Conducente;F;Illeso;0;;;
5133591;11;01/11/2020 20:50:00;Strada Urbana;VIA CRISTOFORO COLOMBO;da specificare;;;;altezza civico 44;Scontro frontale/laterale SX fra veicoli in marcia;Rettilineo;Pi� di due carreggiate;Asciutto;Asfaltata;Verticale ed orizzontale;Sereno;Normale;Buona;;1;0;0;1;12.496;41.8687;-1;2;Motociclo a solo;In marcia / fermata / arresto;Conducente;M;Rimandato;0;NON DECEDUTO;;
5133627;13;01/11/2020 20:00:00;Provinciale;VIA LITORANEA;da specificare;;;;km 2,900;Fuoriuscita dalla sede stradale;Curva a visuale libera;Una carreggiata a doppio senso;Asciutto;Asfaltata;Assente;Sereno;Scarso;Buona;;0;0;0;2;12.3483;41.7024;0;1;Autovettura privata;In marcia / fermata / arresto;Conducente;M;Illeso;0;;Non accertato;
5133627;13;01/11/2020 20:00:00;Provinciale;VIA LITORANEA;da specificare;;;;km 2,900;Fuoriuscita dalla sede stradale;Curva a visuale libera;Una carreggiata a doppio senso;Asciutto;Asfaltata;Assente;Sereno;Scarso;Buona;;0;0;0;2;12.3483;41.7024;0;1;Autovettura privata;In marcia / fermata / arresto;Passeggero;F;Illeso;0;;Non accertato;
5133639;1;01/11/2020 10:40:00;Strada Urbana;PIAZZA GIAN LORENZO BERNINI;in prossimit�;;del civico n.;18;;Veicolo in marcia contro veicoli fermi;Rettilineo;Una carreggiata a doppio senso;Asciutto;Asfaltata;Verticale ed orizzontale;Sereno;Scarso;Buona;;0;0;0;1;;;0;1;Motociclo a solo;Sosta;;;;;;;
5133639;1;01/11/2020 10:40:00;Strada Urbana;PIAZZA GIAN LORENZO BERNINI;in prossimit�;;del civico n.;18;;Veicolo in marcia contro veicoli fermi;Rettilineo;Una carreggiata a doppio senso;Asciutto;Asfaltata;Verticale ed orizzontale;Sereno;Scarso;Buona;;0;0;0;1;;;0;2;Autovettura privata;In marcia / fermata / arresto;Conducente;M;Illeso;0;;;
5133680;1;01/11/2020 11:45:00;Strada Urbana;PIAZZA DI PORTA MAGGIORE;in corrispondenza;;del civico n.;27;;Investimento di pedone;Rettilineo;Due carreggiate;Asciutto;Asfaltata;Assente;Sereno;Scarso;Buona;;1;0;0;1;12.5139;41.8913;-1;;;;Pedone;M;Rimandato;0;NON DECEDUTO;;
5133680;1;01/11/2020 11:45:00;Strada Urbana;PIAZZA DI PORTA MAGGIORE;in corrispondenza;;del civico n.;27;;Investimento di pedone;Rettilineo;Due carreggiate;Asciutto;Asfaltata;Assente;Sereno;Scarso;Buona;;1;0;0;1;12.5139;41.8913;-1;1;Autovettura privata;In marcia / fermata / arresto;Conducente;M;Illeso;0;;;
5133719;1;01/11/2020 18:50:00;Strada Urbana;VIALE MARCO POLO;da specificare;;;;ALTEZZA PALO LUCE 97;Tamponamento Multiplo;Rettilineo;Una carreggiata a senso unico di marcia;Asciutto;Asfaltata;Verticale ed orizzontale;Sereno;Normale;Sufficiente;;0;0;0;7;12.4893;41.8728;-1;1;Autovettura privata;In marcia / fermata / arresto;Conducente;M;Illeso;0;;;
5133719;1;01/11/2020 18:50:00;Strada Urbana;VIALE MARCO POLO;da specificare;;;;ALTEZZA PALO LUCE 97;Tamponamento Multiplo;Rettilineo;Una carreggiata a senso unico di marcia;Asciutto;Asfaltata;Verticale ed orizzontale;Sereno;Normale;Sufficiente;;0;0;0;7;12.4893;41.8728;-1;1;Autovettura privata;In marcia / fermata / arresto;Passeggero;F;Illeso;0;;;
5133719;1;01/11/2020 18:50:00;Strada Urbana;VIALE MARCO POLO;da specificare;;;;ALTEZZA PALO LUCE 97;Tamponamento Multiplo;Rettilineo;Una carreggiata a senso unico di marcia;Asciutto;Asfaltata;Verticale ed orizzontale;Sereno;Normale;Sufficiente;;0;0;0;7;12.4893;41.8728;-1;2;Autovettura privata;In marcia / fermata / arresto;Conducente;M;Illeso;0;;;
5133719;1;01/11/2020 18:50:00;Strada Urbana;VIALE MARCO POLO;da specificare;;;;ALTEZZA PALO LUCE 97;Tamponamento Multiplo;Rettilineo;Una carreggiata a senso unico di marcia;Asciutto;Asfaltata;Verticale ed orizzontale;Sereno;Normale;Sufficiente;;0;0;0;7;12.4893;41.8728;-1;3;Autovettura privata;In marcia / fermata / arresto;Conducente;M;Illeso;0;;;
5133719;1;01/11/2020 18:50:00;Strada Urbana;VIALE MARCO POLO;da specificare;;;;ALTEZZA PALO LUCE 97;Tamponamento Multiplo;Rettilineo;Una carreggiata a senso unico di marcia;Asciutto;Asfaltata;Verticale ed orizzontale;Sereno;Normale;Sufficiente;;0;0;0;7;12.4893;41.8728;-1;3;Autovettura privata;In marcia / fermata / arresto;Passeggero;F;Illeso;0;;;
5133719;1;01/11/2020 18:50:00;Strada Urbana;VIALE MARCO POLO;da specificare;;;;ALTEZZA PALO LUCE 97;Tamponamento Multiplo;Rettilineo;Una carreggiata a senso unico di marcia;Asciutto;Asfaltata;Verticale ed orizzontale;Sereno;Normale;Sufficiente;;0;0;0;7;12.4893;41.8728;-1;4;Autovettura privata;In marcia / fermata / arresto;Conducente;M;Illeso;0;;;
5133719;1;01/11/2020 18:50:00;Strada Urbana;VIALE MARCO POLO;da specificare;;;;ALTEZZA PALO LUCE 97;Tamponamento Multiplo;Rettilineo;Una carreggiata a senso unico di marcia;Asciutto;Asfaltata;Verticale ed orizzontale;Sereno;Normale;Sufficiente;;0;0;0;7;12.4893;41.8728;-1;5;Autovettura privata;In marcia / fermata / arresto;Conducente;M;Illeso;0;;;
5133732;20;01/11/2020 21:25:00;Strada Urbana;VIALE DI TOR DI QUINTO;in corrispondenza;;del civico n.;119;;Veicolo in marcia contro ostacolo fisso;Rettilineo;Una carreggiata a senso unico di marcia;Asciutto;Asfaltata;Verticale ed orizzontale;Sereno;Scarso;Buona;;0;0;0;1;12.4863;41.9453;-1;1;Autovettura privata;In marcia / fermata / arresto;Conducente;M;Illeso;0;;Non accertato;
5133747;20;01/11/2020 16:15:00;Strada Urbana;VIA CESANENSE;in corrispondenza;;del civico n.;122;;Veicolo in marcia contro ostacolo fisso;Curva a visuale libera;Una carreggiata a doppio senso;Asciutto;Asfaltata;Orizzontale;Sereno;Scarso;Buona;;0;0;0;4;12.3522;42.0916;-1;1;Autovettura privata;In marcia / fermata / arresto;Conducente;M;Illeso;0;;Non accertato;
5133747;20;01/11/2020 16:15:00;Strada Urbana;VIA CESANENSE;in corrispondenza;;del civico n.;122;;Veicolo in marcia contro ostacolo fisso;Curva a visuale libera;Una carreggiata a doppio senso;Asciutto;Asfaltata;Orizzontale;Sereno;Scarso;Buona;;0;0;0;4;12.3522;42.0916;-1;1;Autovettura privata;In marcia / fermata / arresto;Passeggero;F;Illeso;0;;;
5133747;20;01/11/2020 16:15:00;Strada Urbana;VIA CESANENSE;in corrispondenza;;del civico n.;122;;Veicolo in marcia contro ostacolo fisso;Curva a visuale libera;Una carreggiata a doppio senso;Asciutto;Asfaltata;Orizzontale;Sereno;Scarso;Buona;;0;0;0;4;12.3522;42.0916;-1;1;Autovettura privata;In marcia / fermata / arresto;Passeggero;F;Illeso;0;;;
5133747;20;01/11/2020 16:15:00;Strada Urbana;VIA CESANENSE;in corrispondenza;;del civico n.;122;;Veicolo in marcia contro ostacolo fisso;Curva a visuale libera;Una carreggiata a doppio senso;Asciutto;Asfaltata;Orizzontale;Sereno;Scarso;Buona;;0;0;0;4;12.3522;42.0916;-1;1;Autovettura privata;In marcia / fermata / arresto;Passeggero;F;Illeso;0;;;
5133752;20;01/11/2020 14:15:00;Strada Urbana;VIA DELLA GIUSTINIANA;in prossimit�;;del civico n.;630;;Veicolo in marcia contro ostacolo fisso;Curva senza visuale libera;Una carreggiata a doppio senso;Asciutto;Asfaltata;Assente;Sereno;Scarso;Buona;;0;0;0;1;12.4498;41.9948;-1;1;Autovettura privata;In marcia / fermata / arresto;Conducente;M;Illeso;0;;Non accertato;Inesploso
5133771;20;01/11/2020 14:30:00;Strada Urbana;VIA CASSIA;in prossimit�;;del civico n.;1142;;Scontro laterale fra veicoli in marcia;Curva senza visuale libera;Una carreggiata a doppio senso;Asciutto;Asfaltata;Verticale ed orizzontale;Sereno;Normale;Sufficiente;;2;0;0;1;12.4204;41.979;-1;1;Motociclo a solo;In marcia / fermata / arresto;Conducente;M;Illeso;0;;Non accertato;
5133771;20;01/11/2020 14:30:00;Strada Urbana;VIA CASSIA;in prossimit�;;del civico n.;1142;;Scontro laterale fra veicoli in marcia;Curva senza visuale libera;Una carreggiata a doppio senso;Asciutto;Asfaltata;Verticale ed orizzontale;Sereno;Normale;Sufficiente;;2;0;0;1;12.4204;41.979;-1;2;Motociclo con passeggero;In marcia / fermata / arresto;Conducente;M;Rifiuta cure immediate;0;NON DECEDUTO;Non accertato;
5133771;20;01/11/2020 14:30:00;Strada Urbana;VIA CASSIA;in prossimit�;;del civico n.;1142;;Scontro laterale fra veicoli in marcia;Curva senza visuale libera;Una carreggiata a doppio senso;Asciutto;Asfaltata;Verticale ed orizzontale;Sereno;Normale;Sufficiente;;2;0;0;1;12.4204;41.979;-1;2;Motociclo con passeggero;In marcia / fermata / arresto;Passeggero;F;Rifiuta cure immediate;0;NON DECEDUTO;Non accertato;
5133782;20;01/11/2020 14:40:00;Provinciale;VIA BRACCIANENSE;all'intersezione con;VIA EDOARDO PERINO;VIA EDOARDO PERINO;;;Scontro frontale/laterale SX fra veicoli in marcia;Intersezione stradale segnalata;Una carreggiata a doppio senso;Asciutto;Asfaltata;Verticale ed orizzontale;Sereno;Scarso;Buona;;1;0;0;3;12.3365;42.0354;-1;1;Motociclo a solo;In marcia / fermata / arresto;Conducente;M;Rimandato;0;NON DECEDUTO;;
5133782;20;01/11/2020 14:40:00;Provinciale;VIA BRACCIANENSE;all'intersezione con;VIA EDOARDO PERINO;VIA EDOARDO PERINO;;;Scontro frontale/laterale SX fra veicoli in marcia;Intersezione stradale segnalata;Una carreggiata a doppio senso;Asciutto;Asfaltata;Verticale ed orizzontale;Sereno;Scarso;Buona;;1;0;0;3;12.3365;42.0354;-1;2;Autovettura privata;In marcia / fermata / arresto;Conducente;M;Illeso;0;;;
5133782;20;01/11/2020 14:40:00;Provinciale;VIA BRACCIANENSE;all'intersezione con;VIA EDOARDO PERINO;VIA EDOARDO PERINO;;;Scontro frontale/laterale SX fra veicoli in marcia;Intersezione stradale segnalata;Una carreggiata a doppio senso;Asciutto;Asfaltata;Verticale ed orizzontale;Sereno;Scarso;Buona;;1;0;0;3;12.3365;42.0354;-1;2;Autovettura privata;In marcia / fermata / arresto;Passeggero;F;Illeso;0;;;
5133782;20;01/11/2020 14:40:00;Provinciale;VIA BRACCIANENSE;all'intersezione con;VIA EDOARDO PERINO;VIA EDOARDO PERINO;;;Scontro frontale/laterale SX fra veicoli in marcia;Intersezione stradale segnalata;Una carreggiata a doppio senso;Asciutto;Asfaltata;Verticale ed orizzontale;Sereno;Scarso;Buona;;1;0;0;3;12.3365;42.0354;-1;2;Autovettura privata;In marcia / fermata / arresto;Passeggero;F;Illeso;0;;;
5133806;6;01/11/2020 19:10:00;Statale entro l'abitato;VIA CASILINA;da specificare;;;;altezza incrocio con viale della Primavera;Scontro frontale/laterale SX fra veicoli in marcia;Rettilineo;Pi� di due carreggiate;Asciutto;Asfaltata;Verticale ed orizzontale;Sereno;Scarso;Buona;;1;0;0;2;12.5575;41.8754;-1;1;Autovettura di polizia;In marcia / fermata / arresto;Conducente;M;Illeso;0;;Non accertato;Inesploso
5133806;6;01/11/2020 19:10:00;Statale entro l'abitato;VIA CASILINA;da specificare;;;;altezza incrocio con viale della Primavera;Scontro frontale/laterale SX fra veicoli in marcia;Rettilineo;Pi� di due carreggiate;Asciutto;Asfaltata;Verticale ed orizzontale;Sereno;Scarso;Buona;;1;0;0;2;12.5575;41.8754;-1;1;Autovettura di polizia;In marcia / fermata / arresto;Passeggero;M;Illeso;0;;Non accertato;Inesploso
5133806;6;01/11/2020 19:10:00;Statale entro l'abitato;VIA CASILINA;da specificare;;;;altezza incrocio con viale della Primavera;Scontro frontale/laterale SX fra veicoli in marcia;Rettilineo;Pi� di due carreggiate;Asciutto;Asfaltata;Verticale ed orizzontale;Sereno;Scarso;Buona;;1;0;0;2;12.5575;41.8754;-1;2;Autovettura privata;In marcia / fermata / arresto;Conducente;M;Rifiuta cure immediate;0;NON DECEDUTO;Non accertato;Inesploso
5133832;2;01/11/2020 15:55:00;Strada Urbana;VIA SASSOFERRATO;in prossimit�;;del civico n.;2;;Veicolo in marcia contro veicoli in sosta;Rettilineo;Una carreggiata a senso unico di marcia;Asciutto;Asfaltata;Verticale ed orizzontale;Sereno;Scarso;Buona;;0;0;0;0;12.4748;41.9244;-1;1;Autovettura privata;Allontanatosi;;;;;;;