Protocollo;Gruppo;DataOraIncidente;Localizzazione1;STRADA1;Localizzazione2;STRADA2;Strada02;Chilometrica;DaSpecificare;NaturaIncidente;particolaritastrade;TipoStrada;FondoStradale;Pavimentazione;Segnaletica;CondizioneAtmosferica;Traffico;Visibilita;Illuminazione;NUM_FERITI;NUM_RISERVATA;NUM_MORTI;NUM_ILLESI;Longitudine;Latitudine;Confermato;Progressivo;TipoVeicolo;StatoVeicolo;TipoPersona;Sesso;Tipolesione;Deceduto;DecedutoDopo;CinturaCascoUtilizzato;Airbag;
5135075;13;02/11/2020 19:20:00;Strada Urbana;VIA AGOSTINO CHIGI;all'intersezione con;VIA GIULIO QUIRINO GIGLIOLI;VIA GIULIO QUIRINO GIGLIOLI;;;Scontro laterale fra veicoli in marcia;Incrocio;Una carreggiata a doppio senso;Asciutto;Asfaltata;Verticale ed orizzontale;Sereno;Normale;Buona;;1;0;0;2;12.3142;41.7635;-1;1;Autovettura privata;In marcia / fermata / arresto;Conducente;M;Rimandato;0;NON DECEDUTO;Non accertato;Inesploso
5135075;13;02/11/2020 19:20:00;Strada Urbana;VIA AGOSTINO CHIGI;all'intersezione con;VIA GIULIO QUIRINO GIGLIOLI;VIA GIULIO QUIRINO GIGLIOLI;;;Scontro laterale fra veicoli in marcia;Incrocio;Una carreggiata a doppio senso;Asciutto;Asfaltata;Verticale ed orizzontale;Sereno;Normale;Buona;;1;0;0;2;12.3142;41.7635;-1;2;Autocarro inferiore 35 q.;In marcia / fermata / arresto;Conducente;M;Illeso;0;;Non accertato;Inesploso
5135075;13;02/11/2020 19:20:00;Strada Urbana;VIA AGOSTINO CHIGI;all'intersezione con;VIA GIULIO QUIRINO GIGLIOLI;VIA GIULIO QUIRINO GIGLIOLI;;;Scontro laterale fra veicoli in marcia;Incrocio;Una carreggiata a doppio senso;Asciutto;Asfaltata;Verticale ed orizzontale;Sereno;Normale;Buona;;1;0;0;2;12.3142;41.7635;-1;2;Autocarro inferiore 35 q.;In marcia / fermata / arresto;Passeggero;M;Illeso;0;;Non accertato;Inesploso
5135080;13;02/11/2020 11:00:00;Strada Urbana;VIA CORRADO CAGLI;in corrispondenza;;del civico n.;81;;Scontro frontale/laterale SX fra veicoli in marcia;Rettilineo;Due carreggiate;Asciutto;Asfaltata;Verticale ed orizzontale;Nuvoloso;Normale;Buona;;0;0;0;3;12.3451;41.7736;-1;1;Autovettura privata;In marcia / fermata / arresto;Conducente;M;Illeso;0;;Non accertato;Inesploso
5135080;13;02/11/2020 11:00:00;Strada Urbana;VIA CORRADO CAGLI;in corrispondenza;;del civico n.;81;;Scontro frontale/laterale SX fra veicoli in marcia;Rettilineo;Due carreggiate;Asciutto;Asfaltata;Verticale ed orizzontale;Nuvoloso;Normale;Buona;;0;0;0;3;12.3451;41.7736;-1;1;Autovettura privata;In marcia / fermata / arresto;Passeggero;F;Illeso;0;;Non accertato;Inesploso
5135080;13;02/11/2020 11:00:00;Strada Urbana;VIA CORRADO CAGLI;in corrispondenza;;del civico n.;81;;Scontro frontale/laterale SX fra veicoli in marcia;Rettilineo;Due carreggiate;Asciutto;Asfaltata;Verticale ed orizzontale;Nuvoloso;Normale;Buona;;0;0;0;3;12.3451;41.7736;-1;2;Autovettura privata;In marcia / fermata / arresto;Conducente;M;Illeso;0;;Non accertato;
5135086;13;02/11/2020 17:30:00;Strada Urbana;VIA ORAZIO VECCHI;in corrispondenza;;del civico n.;1;;Veicolo in marcia contro veicolo in sosta;Rettilineo;Una carreggiata a doppio senso;Asciutto;Asfaltata;Verticale ed orizzontale;Sereno;Normale;Buona;;0;0;0;2;12.3554;41.7334;0;1;Autovettura privata;Sosta;;;;;;;
5135086;13;02/11/2020 17:30:00;Strada Urbana;VIA ORAZIO VECCHI;in corrispondenza;;del civico n.;1;;Veicolo in marcia contro veicolo in sosta;Rettilineo;Una carreggiata a doppio senso;Asciutto;Asfaltata;Verticale ed orizzontale;Sereno;Normale;Buona;;0;0;0;2;12.3554;41.7334;0;2;Autovettura privata;In marcia / fermata / arresto;Conducente;M;Illeso;0;;;
5135086;13;02/11/2020 17:30:00;Strada Urbana;VIA ORAZIO VECCHI;in corrispondenza;;del civico n.;1;;Veicolo in marcia contro veicolo in sosta;Rettilineo;Una carreggiata a doppio senso;Asciutto;Asfaltata;Verticale ed orizzontale;Sereno;Normale;Buona;;0;0;0;2;12.3554;41.7334;0;2;Autovettura privata;In marcia / fermata / arresto;Passeggero;M;Illeso;0;;;
5135087;11;02/11/2020 09:50:00;Strada Urbana;VIA OSTIENSE;in corrispondenza;;del civico n.;2a;;Investimento di pedone;Rettilineo;Pi� di due carreggiate;Asciutto;Asfaltata;Verticale ed orizzontale;Sereno;Normale;Buona;;1;0;0;1;12.4804;41.8757;-1;;;;Pedone;F;Rimandato;0;NON DECEDUTO;;
5135087;11;02/11/2020 09:50:00;Strada Urbana;VIA OSTIENSE;in corrispondenza;;del civico n.;2a;;Investimento di pedone;Rettilineo;Pi� di due carreggiate;Asciutto;Asfaltata;Verticale ed orizzontale;Sereno;Normale;Buona;;1;0;0;1;12.4804;41.8757;-1;1;Autovettura privata;In marcia / fermata / arresto;Conducente;M;Illeso;0;;Non accertato;
5135089;13;02/11/2020 16:00:00;Strada Urbana;VIA UMBERTO LILLONI;all'intersezione con;VIA ROBERTO CRIPPA;VIA ROBERTO CRIPPA;;;Scontro frontale/laterale DX fra veicoli in marcia;Incrocio;Una carreggiata a senso unico di marcia;Asciutto;Asfaltata;Assente;Sereno;Normale;Buona;;0;0;0;2;12.3466;41.7756;-1;1;Autovettura privata;In marcia / fermata / arresto;Conducente;M;Illeso;0;;;
5135089;13;02/11/2020 16:00:00;Strada Urbana;VIA UMBERTO LILLONI;all'intersezione con;VIA ROBERTO CRIPPA;VIA ROBERTO CRIPPA;;;Scontro frontale/laterale DX fra veicoli in marcia;Incrocio;Una carreggiata a senso unico di marcia;Asciutto;Asfaltata;Assente;Sereno;Normale;Buona;;0;0;0;2;12.3466;41.7756;-1;2;Motociclo a solo;In marcia / fermata / arresto;Conducente;M;Illeso;0;;;
5135096;1;02/11/2020 20:15:00;Strada Urbana;VIA GIOVANNI GIOLITTI;all'intersezione con; Sottovia Cappellini; Sottovia Cappellini;;;Scontro frontale/laterale SX fra veicoli in marcia;Intersezione stradale segnalata;Due carreggiate;Asciutto;Asfaltata;Verticale ed orizzontale;Sereno;Scarso;Sufficiente;;0;0;0;4;12.5051;41.8977;-1;1;Autovettura privata;In marcia / fermata / arresto;Conducente;M;Illeso;0;;Non accertato;Esploso
5135096;1;02/11/2020 20:15:00;Strada Urbana;VIA GIOVANNI GIOLITTI;all'intersezione con; Sottovia Cappellini; Sottovia Cappellini;;;Scontro frontale/laterale SX fra veicoli in marcia;Intersezione stradale segnalata;Due carreggiate;Asciutto;Asfaltata;Verticale ed orizzontale;Sereno;Scarso;Sufficiente;;0;0;0;4;12.5051;41.8977;-1;2;Autovettura privata;In marcia / fermata / arresto;Conducente;M;Illeso;0;;Non accertato;Inesploso
5135096;1;02/11/2020 20:15:00;Strada Urbana;VIA GIOVANNI GIOLITTI;all'intersezione con; Sottovia Cappellini; Sottovia Cappellini;;;Scontro frontale/laterale SX fra veicoli in marcia;Intersezione stradale segnalata;Due carreggiate;Asciutto;Asfaltata;Verticale ed orizzontale;Sereno;Scarso;Sufficiente;;0;0;0;4;12.5051;41.8977;-1;2;Autovettura privata;In marcia / fermata / arresto;Passeggero;M;Illeso;0;;Non accertato;Inesploso
5135096;1;02/11/2020 20:15:00;Strada Urbana;VIA GIOVANNI GIOLITTI;all'intersezione con; Sottovia Cappellini; Sottovia Cappellini;;;Scontro frontale/laterale SX fra veicoli in marcia;Intersezione stradale segnalata;Due carreggiate;Asciutto;Asfaltata;Verticale ed orizzontale;Sereno;Scarso;Sufficiente;;0;0;0;4;12.5051;41.8977;-1;2;Autovettura privata;In marcia / fermata / arresto;Passeggero;F;Illeso;0;;Non accertato;Inesploso
5135116;11;02/11/2020 18:30:00;Strada Urbana;VIA LAURENTINA;all'intersezione con;PIAZZALE ROBERTO ARDIGO';PIAZZALE ROBERTO ARDIGO';;;Scontro laterale fra veicoli in marcia;Intersezione stradale segnalata;Due carreggiate;Asciutto;Asfaltata;Verticale ed orizzontale;Sereno;Normale;Buona;;1;0;0;1;12.4814;41.8422;-1;1;Autovettura privata;In marcia / fermata / arresto;Conducente;M;Illeso;0;;;
5135116;11;02/11/2020 18:30:00;Strada Urbana;VIA LAURENTINA;all'intersezione con;PIAZZALE ROBERTO ARDIGO';PIAZZALE ROBERTO ARDIGO';;;Scontro laterale fra veicoli in marcia;Intersezione stradale segnalata;Due carreggiate;Asciutto;Asfaltata;Verticale ed orizzontale;Sereno;Normale;Buona;;1;0;0;1;12.4814;41.8422;-1;2;Bicicletta elettrica;In marcia / fermata / arresto;Conducente;M;Rimandato;0;NON DECEDUTO;Esente;
5135126;11;02/11/2020 18:15:00;Strada Urbana;VIALE CRISTOFORO COLOMBO;da specificare;;;;prossimit� Via Laurentina direzione Centro Citt�;Tamponamento;Rettilineo;Pi� di due carreggiate;Asciutto;Asfaltata;Verticale ed orizzontale;Sereno;Normale;Sufficiente;;0;0;0;4;12.4536;41.8089;-1;1;Autovettura privata;In marcia / fermata / arresto;Conducente;M;Illeso;0;;Non accertato;
5135126;11;02/11/2020 18:15:00;Strada Urbana;VIALE CRISTOFORO COLOMBO;da specificare;;;;prossimit� Via Laurentina direzione Centro Citt�;Tamponamento;Rettilineo;Pi� di due carreggiate;Asciutto;Asfaltata;Verticale ed orizzontale;Sereno;Normale;Sufficiente;;0;0;0;4;12.4536;41.8089;-1;1;Autovettura privata;In marcia / fermata / arresto;Passeggero;M;Illeso;0;;;
5135126;11;02/11/2020 18:15:00;Strada Urbana;VIALE CRISTOFORO COLOMBO;da specificare;;;;prossimit� Via Laurentina direzione Centro Citt�;Tamponamento;Rettilineo;Pi� di due carreggiate;Asciutto;Asfaltata;Verticale ed orizzontale;Sereno;Normale;Sufficiente;;0;0;0;4;12.4536;41.8089;-1;1;Autovettura privata;In marcia / fermata / arresto;Passeggero;F;Illeso;0;;;
5135126;11;02/11/2020 18:15:00;Strada Urbana;VIALE CRISTOFORO COLOMBO;da specificare;;;;prossimit� Via Laurentina direzione Centro Citt�;Tamponamento;Rettilineo;Pi� di due carreggiate;Asciutto;Asfaltata;Verticale ed orizzontale;Sereno;Normale;Sufficiente;;0;0;0;4;12.4536;41.8089;-1;2;Autovettura privata;In marcia / fermata / arresto;Conducente;M;Illeso;0;;;
5135135;8;02/11/2020 11:50:00;Strada Urbana;VIA DI TOR BELLA MONACA;da specificare;;;;rampa di accesso per VIA DEL FUOCO SACRO;Tamponamento;Curva a visuale libera;Una carreggiata a doppio senso;Asciutto;Asfaltata;Orizzontale;Nuvoloso;Normale;Buona;;0;0;0;2;12.6281;41.8764;-1;1;Autovettura privata;In marcia / fermata / arresto;Conducente;M;Illeso;0;;;
5135135;8;02/11/2020 11:50:00;Strada Urbana;VIA DI TOR BELLA MONACA;da specificare;;;;rampa di accesso per VIA DEL FUOCO SACRO;Tamponamento;Curva a visuale libera;Una carreggiata a doppio senso;Asciutto;Asfaltata;Orizzontale;Nuvoloso;Normale;Buona;;0;0;0;2;12.6281;41.8764;-1;2;Autovettura privata;In marcia / fermata / arresto;Conducente;M;Illeso;0;;;
5135136;20;02/11/2020 14:15:00;Strada Urbana;VIA DI S. CORNELIA;in prossimit�;;del palo luce n.;97;;Veicolo in marcia contro ostacolo fisso;Rettilineo;Una carreggiata a doppio senso;Asciutto;Asfaltata;Orizzontale;Nuvoloso;Normale;Sufficiente;;1;0;0;0;12.437;42.0298;-1;1;Autovettura privata;In marcia / fermata / arresto;Conducente;M;Rimandato;0;NON DECEDUTO;Non accertato;
5135137;8;02/11/2020 12:30:00;Strada Urbana;VIA CORVARA;in prossimit�;;del civico n.;43;;Scontro frontale/laterale SX fra veicoli in marcia;Rettilineo;Una carreggiata a senso unico di marcia;Asciutto;Asfaltata;Verticale ed orizzontale;Sereno;Scarso;Buona;;0;0;0;2;12.6944;41.9068;-1;1;Autocarro inferiore 35 q.;In marcia / fermata / arresto;Conducente;M;Illeso;0;;Non accertato;Inesploso
5135137;8;02/11/2020 12:30:00;Strada Urbana;VIA CORVARA;in prossimit�;;del civico n.;43;;Scontro frontale/laterale SX fra veicoli in marcia;Rettilineo;Una carreggiata a senso unico di marcia;Asciutto;Asfaltata;Verticale ed orizzontale;Sereno;Scarso;Buona;;0;0;0;2;12.6944;41.9068;-1;2;Autovettura privata;In marcia / fermata / arresto;Conducente;M;Illeso;0;;Non accertato;Inesploso
5135137;8;02/11/2020 12:30:00;Strada Urbana;VIA CORVARA;in prossimit�;;del civico n.;43;;Scontro frontale/laterale SX fra veicoli in marcia;Rettilineo;Una carreggiata a senso unico di marcia;Asciutto;Asfaltata;Verticale ed orizzontale;Sereno;Scarso;Buona;;0;0;0;2;12.6944;41.9068;-1;3;Autovettura privata;Sosta;;;;;;;
5135143;18;02/11/2020 20:00:00;Strada Urbana;VIA DELLA STAZIONE DI S. PIETRO;all'intersezione con;PIAZZA DELLA STAZIONE DI S. PIETRO;PIAZZA DELLA STAZIONE DI S. PIETRO;;;Investimento di pedone;Intersezione non regolata/non segnalata;Una carreggiata a senso unico di marcia;Asciutto;Asfaltata;Verticale ed orizzontale;Sereno;Scarso;Buona;;1;0;0;1;12.4554;41.8972;-1;;;;Pedone;F;Rimandato;0;NON DECEDUTO;;
5135143;18;02/11/2020 20:00:00;Strada Urbana;VIA DELLA STAZIONE DI S. PIETRO;all'intersezione con;PIAZZA DELLA STAZIONE DI S. PIETRO;PIAZZA DELLA STAZIONE DI S. PIETRO;;;Investimento di pedone;Intersezione non regolata/non segnalata;Una carreggiata a senso unico di marcia;Asciutto;Asfaltata;Verticale ed orizzontale;Sereno;Scarso;Buona;;1;0;0;1;12.4554;41.8972;-1;1;Motociclo a solo;In marcia / fermata / arresto;Conducente;M;Illeso;0;;;
5135155;8;02/11/2020 12:30:00;Strada Urbana;VIA PIETRO BELON;in prossimit�;;del civico n.;129;;Veicolo in marcia contro veicolo in sosta;Rettilineo;Una carreggiata a senso unico alternato;Asciutto;Asfaltata;Assente;Nuvoloso;Normale;Buona;;0;0;0;0;12.5911;41.8708;-1;1;Autovettura privata;Sosta;;;;;;;
5135155;8;02/11/2020 12:30:00;Strada Urbana;VIA PIETRO BELON;in prossimit�;;del civico n.;129;;Veicolo in marcia contro veicolo in sosta;Rettilineo;Una carreggiata a senso unico alternato;Asciutto;Asfaltata;Assente;Nuvoloso;Normale;Buona;;0;0;0;0;12.5911;41.8708;-1;2;Autovettura privata;In marcia / fermata / arresto;;;;;;;
5135159;8;02/11/2020 13:59:00;Strada Urbana;VIA AMICO ASPERTINI;in prossimit�;;del civico n.;386;;Scontro laterale fra veicoli in marcia;Rettilineo;Una carreggiata a doppio senso;Asciutto;Asfaltata;Orizzontale;Nuvoloso;Normale;Buona;;0;0;0;3;12.632;41.8684;-1;1;Autovettura privata;In marcia / fermata / arresto;Conducente;M;Illeso;0;;;
5135159;8;02/11/2020 13:59:00;Strada Urbana;VIA AMICO ASPERTINI;in prossimit�;;del civico n.;386;;Scontro laterale fra veicoli in marcia;Rettilineo;Una carreggiata a doppio senso;Asciutto;Asfaltata;Orizzontale;Nuvoloso;Normale;Buona;;0;0;0;3;12.632;41.8684;-1;2;Autovettura privata;In marcia / fermata / arresto;Conducente;F;Illeso;0;;;
5135159;8;02/11/2020 13:59:00;Strada Urbana;VIA AMICO ASPERTINI;in prossimit�;;del civico n.;386;;Scontro laterale fra veicoli in marcia;Rettilineo;Una carreggiata a doppio senso;Asciutto;Asfaltata;Orizzontale;Nuvoloso;Normale;Buona;;0;0;0;3;12.632;41.8684;-1;2;Autovettura privata;In marcia / fermata / arresto;Passeggero;F;Illeso;0;;;
5135167;8;02/11/2020 18:00:00;Strada Urbana;VIA PRENESTINA;da specificare;;;;prossimit� VIA DI VALLE BAGNATA;Scontro laterale fra veicoli in marcia;Rettilineo;Una carreggiata a doppio senso;Asciutto;Asfaltata;Verticale ed orizzontale;Sereno;Intenso;Buona;;0;0;0;2;12.6155;41.8933;-1;1;Autovettura privata;In marcia / fermata / arresto;Conducente;M;Illeso;0;;Non accertato;Inesploso
5135167;8;02/11/2020 18:00:00;Strada Urbana;VIA PRENESTINA;da specificare;;;;prossimit� VIA DI VALLE BAGNATA;Scontro laterale fra veicoli in marcia;Rettilineo;Una carreggiata a doppio senso;Asciutto;Asfaltata;Verticale ed orizzontale;Sereno;Intenso;Buona;;0;0;0;2;12.6155;41.8933;-1;2;Autocarro inferiore 35 q.;In marcia / fermata / arresto;Conducente;M;Illeso;0;;Non accertato;Inesploso
5135178;8;02/11/2020 18:50:00;Strada Urbana;VIALE S. RITA DA CASCIA;all'intersezione con;VIA GIUSEPPE BALDRIGHI;VIA GIUSEPPE BALDRIGHI;;;Scontro frontale/laterale SX fra veicoli in marcia;Intersezione non regolata/non segnalata;Una carreggiata a doppio senso;Asciutto;Asfaltata;Assente;Sereno;Normale;Sufficiente;;0;0;0;5;12.6465;41.8672;-1;1;Autovettura privata;In marcia / fermata / arresto;Conducente;M;Illeso;0;;Non accertato;
5135178;8;02/11/2020 18:50:00;Strada Urbana;VIALE S. RITA DA CASCIA;all'intersezione con;VIA GIUSEPPE BALDRIGHI;VIA GIUSEPPE BALDRIGHI;;;Scontro frontale/laterale SX fra veicoli in marcia;Intersezione non regolata/non segnalata;Una carreggiata a doppio senso;Asciutto;Asfaltata;Assente;Sereno;Normale;Sufficiente;;0;0;0;5;12.6465;41.8672;-1;1;Autovettura privata;In marcia / fermata / arresto;Passeggero;M;Illeso;0;;;
5135178;8;02/11/2020 18:50:00;Strada Urbana;VIALE S. RITA DA CASCIA;all'intersezione con;VIA GIUSEPPE BALDRIGHI;VIA GIUSEPPE BALDRIGHI;;;Scontro frontale/laterale SX fra veicoli in marcia;Intersezione non regolata/non segnalata;Una carreggiata a doppio senso;Asciutto;Asfaltata;Assente;Sereno;Normale;Sufficiente;;0;0;0;5;12.6465;41.8672;-1;2;Autoveicolo trasp.promisc.;In marcia / fermata / arresto;Conducente;M;Illeso;0;;;
5135178;8;02/11/2020 18:50:00;Strada Urbana;VIALE S. RITA DA CASCIA;all'intersezione con;VIA GIUSEPPE BALDRIGHI;VIA GIUSEPPE BALDRIGHI;;;Scontro frontale/laterale SX fra veicoli in marcia;Intersezione non regolata/non segnalata;Una carreggiata a doppio senso;Asciutto;Asfaltata;Assente;Sereno;Normale;Sufficiente;;0;0;0;5;12.6465;41.8672;-1;2;Autoveicolo trasp.promisc.;In marcia / fermata / arresto;Passeggero;M;Illeso;0;;;
5135178;8;02/11/2020 18:50:00;Strada Urbana;VIALE S. RITA DA CASCIA;all'intersezione con;VIA GIUSEPPE BALDRIGHI;VIA GIUSEPPE BALDRIGHI;;;Scontro frontale/laterale SX fra veicoli in marcia;Intersezione non regolata/non segnalata;Una carreggiata a doppio senso;Asciutto;Asfaltata;Assente;Sereno;Normale;Sufficiente;;0;0;0;5;12.6465;41.8672;-1;2;Autoveicolo trasp.promisc.;In marcia / fermata / arresto;Passeggero;M;Illeso;0;;;
5135191;8;02/11/2020 23:45:00;Strada Urbana;VIA SICULIANA;all'intersezione con;VIA ACI BONACCORSI;VIA ACI BONACCORSI;;;Scontro frontale/laterale DX fra veicoli in marcia;Incrocio;Una carreggiata a doppio senso;Asciutto;Asfaltata;Verticale ed orizzontale;Sereno;Scarso;Sufficiente;;0;0;0;3;12.6511;41.8754;-1;1;Autovettura privata;In marcia / fermata / arresto;Conducente;M;Illeso;0;;Non accertato;Inesploso
5135191;8;02/11/2020 23:45:00;Strada Urbana;VIA SICULIANA;all'intersezione con;VIA ACI BONACCORSI;VIA ACI BONACCORSI;;;Scontro frontale/laterale DX fra veicoli in marcia;Incrocio;Una carreggiata a doppio senso;Asciutto;Asfaltata;Verticale ed orizzontale;Sereno;Scarso;Sufficiente;;0;0;0;3;12.6511;41.8754;-1;2;Autovettura privata;In marcia / fermata / arresto;Conducente;M;Illeso;0;;Non accertato;Inesploso
5135191;8;02/11/2020 23:45:00;Strada Urbana;VIA SICULIANA;all'intersezione con;VIA ACI BONACCORSI;VIA ACI BONACCORSI;;;Scontro frontale/laterale DX fra veicoli in marcia;Incrocio;Una carreggiata a doppio senso;Asciutto;Asfaltata;Verticale ed orizzontale;Sereno;Scarso;Sufficiente;;0;0;0;3;12.6511;41.8754;-1;2;Autovettura privata;In marcia / fermata / arresto;Passeggero;M;Illeso;0;;Non accertato;Inesploso
5135202;1;02/11/2020 12:00:00;Strada Urbana;VIA DEL VIMINALE;all'intersezione con;VIA TORINO;VIA TORINO;;;Scontro frontale/laterale SX fra veicoli in marcia;Incrocio;Una carreggiata a senso unico di marcia;Asciutto;Asfaltata;Verticale ed orizzontale;Nuvoloso;Normale;Buona;;0;0;0;4;12.4963;41.9005;-1;1;Autovettura privata;In marcia / fermata / arresto;Conducente;M;Illeso;0;;Non accertato;Inesploso
5135202;1;02/11/2020 12:00:00;Strada Urbana;VIA DEL VIMINALE;all'intersezione con;VIA TORINO;VIA TORINO;;;Scontro frontale/laterale SX fra veicoli in marcia;Incrocio;Una carreggiata a senso unico di marcia;Asciutto;Asfaltata;Verticale ed orizzontale;Nuvoloso;Normale;Buona;;0;0;0;4;12.4963;41.9005;-1;1;Autovettura privata;In marcia / fermata / arresto;Passeggero;M;Illeso;0;;Non accertato;Inesploso
5135202;1;02/11/2020 12:00:00;Strada Urbana;VIA DEL VIMINALE;all'intersezione con;VIA TORINO;VIA TORINO;;;Scontro frontale/laterale SX fra veicoli in marcia;Incrocio;Una carreggiata a senso unico di marcia;Asciutto;Asfaltata;Verticale ed orizzontale;Nuvoloso;Normale;Buona;;0;0;0;4;12.4963;41.9005;-1;2;Motociclo con passeggero;In marcia / fermata / arresto;Conducente;M;Illeso;0;;Non accertato;
5135202;1;02/11/2020 12:00:00;Strada Urbana;VIA DEL VIMINALE;all'intersezione con;VIA TORINO;VIA TORINO;;;Scontro frontale/laterale SX fra veicoli in marcia;Incrocio;Una carreggiata a senso unico di marcia;Asciutto;Asfaltata;Verticale ed orizzontale;Nuvoloso;Normale;Buona;;0;0;0;4;12.4963;41.9005;-1;2;Motociclo con passeggero;In marcia / fermata / arresto;Passeggero;M;Illeso;0;;Non accertato;
5135203;18;02/11/2020 19:50:00;Strada Urbana;VIA TEMISTOCLE CALISTI;all'intersezione con;VIA DI MONTESPACCATO;VIA DI MONTESPACCATO;;;Scontro frontale/laterale DX fra veicoli in marcia;Intersezione stradale segnalata;Una carreggiata a senso unico di marcia;Asciutto;Asfaltata;Verticale ed orizzontale;Sereno;Normale;Buona;;0;0;0;2;12.3919;41.9071;-1;1;Autovettura privata;In marcia / fermata / arresto;Conducente;M;Illeso;0;;;
5135203;18;02/11/2020 19:50:00;Strada Urbana;VIA TEMISTOCLE CALISTI;all'intersezione con;VIA DI MONTESPACCATO;VIA DI MONTESPACCATO;;;Scontro frontale/laterale DX fra veicoli in marcia;Intersezione stradale segnalata;Una carreggiata a senso unico di marcia;Asciutto;Asfaltata;Verticale ed orizzontale;Sereno;Normale;Buona;;0;0;0;2;12.3919;41.9071;-1;2;Autovettura privata;In marcia / fermata / arresto;Conducente;F;Illeso;0;;;
5135212;17;02/11/2020 16:30:00;Strada Urbana;VIA ANGELO EMO;all'intersezione con;VIA GIUSEPPE DI BARTOLO;VIA GIUSEPPE DI BARTOLO;;;Scontro frontale fra veicoli in marcia;Incrocio;Una carreggiata a doppio senso;Asciutto;Asfaltata;Verticale ed orizzontale;Sereno;Normale;Buona;;1;0;0;1;12.4462;41.9044;-1;1;Autovettura privata;In marcia / fermata / arresto;Conducente;M;Illeso;0;;;
5135212;17;02/11/2020 16:30:00;Strada Urbana;VIA ANGELO EMO;all'intersezione con;VIA GIUSEPPE DI BARTOLO;VIA GIUSEPPE DI BARTOLO;;;Scontro frontale fra veicoli in marcia;Incrocio;Una carreggiata a doppio senso;Asciutto;Asfaltata;Verticale ed orizzontale;Sereno;Normale;Buona;;1;0;0;1;12.4462;41.9044;-1;2;Motociclo a solo;In marcia / fermata / arresto;Conducente;M;Ricoverato;0;NON DECEDUTO;;
5135216;20;02/11/2020 13:00:00;Strada Urbana;VIA CASSIA;all'intersezione con;VIA DELLA TORRE DELLE CORNACCHIE;VIA DELLA TORRE DELLE CORNACCHIE;;;Scontro frontale/laterale DX fra veicoli in marcia;Intersezione stradale segnalata;Una carreggiata a doppio senso;Asciutto;Asfaltata;Verticale ed orizzontale;Sereno;Normale;Buona;;1;0;0;1;12.4137;41.9828;-1;1;Autovettura privata;In marcia / fermata / arresto;Conducente;F;Illeso;0;;Non accertato;Inesploso
5135216;20;02/11/2020 13:00:00;Strada Urbana;VIA CASSIA;all'intersezione con;VIA DELLA TORRE DELLE CORNACCHIE;VIA DELLA TORRE DELLE CORNACCHIE;;;Scontro frontale/laterale DX fra veicoli in marcia;Intersezione stradale segnalata;Una carreggiata a doppio senso;Asciutto;Asfaltata;Verticale ed orizzontale;Sereno;Normale;Buona;;1;0;0;1;12.4137;41.9828;-1;2;Autovettura privata;In marcia / fermata / arresto;Conducente;M;Rifiuta cure immediate;0;NON DECEDUTO;Non accertato;Inesploso
5135219;20;02/11/2020 20:30:00;Regionale entro l'abitato;VIA CASSIA;in prossimit�;;del civico n.;1711;;Scontro frontale fra veicoli in marcia;Rettilineo;Una carreggiata a doppio senso;Asciutto;Asfaltata;Orizzontale;Sereno;Scarso;Sufficiente;;0;0;0;2;12.3796;42.0078;-1;1;Autovettura privata;In marcia / fermata / arresto;Conducente;M;Illeso;0;;Non accertato;
5135219;20;02/11/2020 20:30:00;Regionale entro l'abitato;VIA CASSIA;in prossimit�;;del civico n.;1711;;Scontro frontale fra veicoli in marcia;Rettilineo;Una carreggiata a doppio senso;Asciutto;Asfaltata;Orizzontale;Sereno;Scarso;Sufficiente;;0;0;0;2;12.3796;42.0078;-1;2;Autovettura privata;In marcia / fermata / arresto;Conducente;M;Illeso;0;;Non accertato;
5135234;4;02/11/2020 14:15:00;Strada Urbana;PIAZZA MONTE GENNARO;in corrispondenza;;del civico n.;54;;Scontro laterale fra veicoli in marcia;Rettilineo;Una carreggiata a doppio senso;Asciutto;Asfaltata;Verticale ed orizzontale;Nuvoloso;Normale;Buona;;0;0;0;4;12.5377;41.9442;-1;1;Autovettura privata;In marcia / fermata / arresto;Conducente;F;Illeso;0;;Non accertato;Inesploso
5135234;4;02/11/2020 14:15:00;Strada Urbana;PIAZZA MONTE GENNARO;in corrispondenza;;del civico n.;54;;Scontro laterale fra veicoli in marcia;Rettilineo;Una carreggiata a doppio senso;Asciutto;Asfaltata;Verticale ed orizzontale;Nuvoloso;Normale;Buona;;0;0;0;4;12.5377;41.9442;-1;1;Autovettura privata;In marcia / fermata / arresto;Passeggero;F;Illeso;0;;Non accertato;Inesploso
5135234;4;02/11/2020 14:15:00;Strada Urbana;PIAZZA MONTE GENNARO;in corrispondenza;;del civico n.;54;;Scontro laterale fra veicoli in marcia;Rettilineo;Una carreggiata a doppio senso;Asciutto;Asfaltata;Verticale ed orizzontale;Nuvoloso;Normale;Buona;;0;0;0;4;12.5377;41.9442;-1;2;Autovettura privata;In marcia / fermata / arresto;Conducente;F;Illeso;0;;Non accertato;
5135234;4;02/11/2020 14:15:00;Strada Urbana;PIAZZA MONTE GENNARO;in corrispondenza;;del civico n.;54;;Scontro laterale fra veicoli in marcia;Rettilineo;Una carreggiata a doppio senso;Asciutto;Asfaltata;Verticale ed orizzontale;Nuvoloso;Normale;Buona;;0;0;0;4;12.5377;41.9442;-1;2;Autovettura privata;In marcia / fermata / arresto;Passeggero;F;Illeso;0;;Non accertato;