Protocollo;Gruppo;DataOraIncidente;Localizzazione1;STRADA1;Localizzazione2;STRADA2;Strada02;Chilometrica;DaSpecificare;NaturaIncidente;particolaritastrade;TipoStrada;FondoStradale;Pavimentazione;Segnaletica;CondizioneAtmosferica;Traffico;Visibilita;Illuminazione;NUM_FERITI;NUM_RISERVATA;NUM_MORTI;NUM_ILLESI;Longitudine;Latitudine;Confermato;Progressivo;TipoVeicolo;StatoVeicolo;TipoPersona;Sesso;Tipolesione;Deceduto;DecedutoDopo;CinturaCascoUtilizzato;Airbag;
5136543;15;03/11/2020 11:50:00;Strada Urbana;VIA DELLA PISANA;all'intersezione con;VIA DEI VALDERETTI;VIA DEI VALDERETTI;;;Scontro laterale fra veicoli in marcia;Incrocio;Una carreggiata a doppio senso;Asciutto;Asfaltata;Verticale ed orizzontale;Sereno;Normale;Sufficiente;;0;0;0;3;12.389;41.8577;-1;2;Motociclo a solo;In marcia / fermata / arresto;Conducente;M;Illeso;0;;Non accertato;
5136545;15;03/11/2020 10:40:00;Strada Urbana;PIAZZA ANTONIO MEUCCI;da specificare;;;;prossimit� fronte civico 14 b;Tamponamento;Curva a visuale libera;Una carreggiata a senso unico di marcia;Asciutto;Asfaltata;Verticale ed orizzontale;Sereno;Intenso;Buona;;1;0;0;1;12.4631;41.8618;-1;1;Autovettura privata;In marcia / fermata / arresto;Conducente;F;Rimandato;0;NON DECEDUTO;Non accertato;Inesploso
5136545;15;03/11/2020 10:40:00;Strada Urbana;PIAZZA ANTONIO MEUCCI;da specificare;;;;prossimit� fronte civico 14 b;Tamponamento;Curva a visuale libera;Una carreggiata a senso unico di marcia;Asciutto;Asfaltata;Verticale ed orizzontale;Sereno;Intenso;Buona;;1;0;0;1;12.4631;41.8618;-1;2;Autovettura privata;In marcia / fermata / arresto;Conducente;M;Illeso;0;;Non accertato;Inesploso
5136778;5;03/11/2020 08:10:00;Strada Urbana;VIA DIEGO ANGELI;da specificare;;;;prossimit� via dei Crispolti;Veicolo in marcia contro veicolo in sosta;Rettilineo;Una carreggiata a senso unico di marcia;Asciutto;Asfaltata;Verticale ed orizzontale;Sereno;Normale;Buona;;0;0;0;1;12.5507;41.9096;-1;1;Autovettura privata;Sosta;;;;;;;
5136778;5;03/11/2020 08:10:00;Strada Urbana;VIA DIEGO ANGELI;da specificare;;;;prossimit� via dei Crispolti;Veicolo in marcia contro veicolo in sosta;Rettilineo;Una carreggiata a senso unico di marcia;Asciutto;Asfaltata;Verticale ed orizzontale;Sereno;Normale;Buona;;0;0;0;1;12.5507;41.9096;-1;2;Veicolo speciale;In marcia / fermata / arresto;Conducente;M;Illeso;0;;;
5136783;11;03/11/2020 14:30:00;Strada Urbana;VIALE GUGLIELMO MARCONI;in prossimit�;;del civico n.;440;;Scontro laterale fra veicoli in marcia;Rettilineo;Due carreggiate;Asciutto;Asfaltata;Verticale ed orizzontale;Sereno;Normale;Buona;;0;0;0;2;12.4708;41.857;-1;1;Autovettura privata;In marcia / fermata / arresto;Conducente;F;Illeso;0;;Non accertato;
5136783;11;03/11/2020 14:30:00;Strada Urbana;VIALE GUGLIELMO MARCONI;in prossimit�;;del civico n.;440;;Scontro laterale fra veicoli in marcia;Rettilineo;Due carreggiate;Asciutto;Asfaltata;Verticale ed orizzontale;Sereno;Normale;Buona;;0;0;0;2;12.4708;41.857;-1;2;Autovettura privata;In marcia / fermata / arresto;Conducente;F;Illeso;0;;Non accertato;
5136785;11;03/11/2020 18:00:00;Strada Urbana;VIA FLAVIO DOMIZIANO;all'intersezione con;LARGO FLAVIO DOMIZIANO;LARGO FLAVIO DOMIZIANO;;;Veicolo in marcia contro veicoli in sosta;Incrocio;Una carreggiata a senso unico di marcia;Asciutto;Asfaltata;Verticale ed orizzontale;Sereno;Normale;Buona;;0;0;0;1;12.4847;41.8519;-1;1;Autovettura privata;Sosta;;;;;;;
5136785;11;03/11/2020 18:00:00;Strada Urbana;VIA FLAVIO DOMIZIANO;all'intersezione con;LARGO FLAVIO DOMIZIANO;LARGO FLAVIO DOMIZIANO;;;Veicolo in marcia contro veicoli in sosta;Incrocio;Una carreggiata a senso unico di marcia;Asciutto;Asfaltata;Verticale ed orizzontale;Sereno;Normale;Buona;;0;0;0;1;12.4847;41.8519;-1;2;Autovettura privata;In marcia / fermata / arresto;Conducente;M;Illeso;0;;;
5136792;11;03/11/2020 18:10:00;Strada Urbana;VIA APPIA PIGNATELLI;in prossimit�;;del civico n.;88;;Scontro laterale fra veicoli in marcia;Rettilineo;Una carreggiata a doppio senso;Asciutto;Asfaltata;Verticale ed orizzontale;Sereno;Normale;Buona;;0;0;0;3;12.5264;41.8533;-1;1;Autocarro inferiore 35 q.;In marcia / fermata / arresto;Conducente;F;Illeso;0;;Non accertato;
5136792;11;03/11/2020 18:10:00;Strada Urbana;VIA APPIA PIGNATELLI;in prossimit�;;del civico n.;88;;Scontro laterale fra veicoli in marcia;Rettilineo;Una carreggiata a doppio senso;Asciutto;Asfaltata;Verticale ed orizzontale;Sereno;Normale;Buona;;0;0;0;3;12.5264;41.8533;-1;1;Autocarro inferiore 35 q.;In marcia / fermata / arresto;Passeggero;M;Illeso;0;;Non accertato;
5136792;11;03/11/2020 18:10:00;Strada Urbana;VIA APPIA PIGNATELLI;in prossimit�;;del civico n.;88;;Scontro laterale fra veicoli in marcia;Rettilineo;Una carreggiata a doppio senso;Asciutto;Asfaltata;Verticale ed orizzontale;Sereno;Normale;Buona;;0;0;0;3;12.5264;41.8533;-1;1;Autocarro inferiore 35 q.;In marcia / fermata / arresto;Passeggero;M;Illeso;0;;Non accertato;
5136792;11;03/11/2020 18:10:00;Strada Urbana;VIA APPIA PIGNATELLI;in prossimit�;;del civico n.;88;;Scontro laterale fra veicoli in marcia;Rettilineo;Una carreggiata a doppio senso;Asciutto;Asfaltata;Verticale ed orizzontale;Sereno;Normale;Buona;;0;0;0;3;12.5264;41.8533;-1;2;Autoambulanza in servizio;Allontanatosi;;;;;;;
5136794;8;03/11/2020 14:45:00;Strada Urbana;VIA DI ROCCA CENCIA;all'intersezione con;VIA POLENSE;VIA POLENSE;;;Scontro frontale/laterale DX fra veicoli in marcia;Incrocio;Una carreggiata a doppio senso;Asciutto;Asfaltata;Verticale ed orizzontale;Sereno;Normale;Buona;;0;0;0;2;12.695;41.89;-1;1;Autovettura privata;In marcia / fermata / arresto;Conducente;M;Illeso;0;;Non accertato;Inesploso
5136794;8;03/11/2020 14:45:00;Strada Urbana;VIA DI ROCCA CENCIA;all'intersezione con;VIA POLENSE;VIA POLENSE;;;Scontro frontale/laterale DX fra veicoli in marcia;Incrocio;Una carreggiata a doppio senso;Asciutto;Asfaltata;Verticale ed orizzontale;Sereno;Normale;Buona;;0;0;0;2;12.695;41.89;-1;2;Autovettura privata;In marcia / fermata / arresto;Conducente;M;Illeso;0;;Non accertato;Inesploso
5136808;10;03/11/2020 19:54:00;Strada Urbana;VIA TUSCOLANA;in corrispondenza;;del civico n.;855b;;Veicolo in marcia contro veicoli in sosta;Rettilineo;Due carreggiate;Asciutto;Asfaltata;Verticale ed orizzontale;Sereno;Normale;Buona;;2;0;0;0;12.5603;41.8582;-1;;;;Pedone;M;Rimandato;0;NON DECEDUTO;;
5136808;10;03/11/2020 19:54:00;Strada Urbana;VIA TUSCOLANA;in corrispondenza;;del civico n.;855b;;Veicolo in marcia contro veicoli in sosta;Rettilineo;Due carreggiate;Asciutto;Asfaltata;Verticale ed orizzontale;Sereno;Normale;Buona;;2;0;0;0;12.5603;41.8582;-1;1;Autovettura privata;In marcia / fermata / arresto;Conducente;M;Rimandato;0;NON DECEDUTO;Non accertato;Esploso
5136808;10;03/11/2020 19:54:00;Strada Urbana;VIA TUSCOLANA;in corrispondenza;;del civico n.;855b;;Veicolo in marcia contro veicoli in sosta;Rettilineo;Due carreggiate;Asciutto;Asfaltata;Verticale ed orizzontale;Sereno;Normale;Buona;;2;0;0;0;12.5603;41.8582;-1;2;Autovettura privata;Sosta;;;;;;;
5136808;10;03/11/2020 19:54:00;Strada Urbana;VIA TUSCOLANA;in corrispondenza;;del civico n.;855b;;Veicolo in marcia contro veicoli in sosta;Rettilineo;Due carreggiate;Asciutto;Asfaltata;Verticale ed orizzontale;Sereno;Normale;Buona;;2;0;0;0;12.5603;41.8582;-1;3;Autovettura privata;Sosta;;;;;;;
5136808;10;03/11/2020 19:54:00;Strada Urbana;VIA TUSCOLANA;in corrispondenza;;del civico n.;855b;;Veicolo in marcia contro veicoli in sosta;Rettilineo;Due carreggiate;Asciutto;Asfaltata;Verticale ed orizzontale;Sereno;Normale;Buona;;2;0;0;0;12.5603;41.8582;-1;4;Motociclo a solo;Sosta;;;;;;;
5136808;10;03/11/2020 19:54:00;Strada Urbana;VIA TUSCOLANA;in corrispondenza;;del civico n.;855b;;Veicolo in marcia contro veicoli in sosta;Rettilineo;Due carreggiate;Asciutto;Asfaltata;Verticale ed orizzontale;Sereno;Normale;Buona;;2;0;0;0;12.5603;41.8582;-1;5;Autovettura privata;Sosta;;;;;;;
5136822;9;03/11/2020 11:30:00;Strada Urbana;VIA MANLIO CAPITOLINO;in prossimit�;;del civico n.;1;;Veicolo in marcia contro veicoli in sosta;Rettilineo;Due carreggiate;Asciutto;Asfaltata;Verticale ed orizzontale;Sereno;Normale;Buona;;0;0;0;1;12.5263;41.8754;-1;1;Autovettura privata;In marcia / fermata / arresto;Conducente;M;Illeso;0;;Non accertato;Inesploso
5136822;9;03/11/2020 11:30:00;Strada Urbana;VIA MANLIO CAPITOLINO;in prossimit�;;del civico n.;1;;Veicolo in marcia contro veicoli in sosta;Rettilineo;Due carreggiate;Asciutto;Asfaltata;Verticale ed orizzontale;Sereno;Normale;Buona;;0;0;0;1;12.5263;41.8754;-1;2;Autovettura privata;Sosta;;;;;;;
5136822;9;03/11/2020 11:30:00;Strada Urbana;VIA MANLIO CAPITOLINO;in prossimit�;;del civico n.;1;;Veicolo in marcia contro veicoli in sosta;Rettilineo;Due carreggiate;Asciutto;Asfaltata;Verticale ed orizzontale;Sereno;Normale;Buona;;0;0;0;1;12.5263;41.8754;-1;3;Autovettura privata;Sosta;;;;;;;
5136826;5;03/11/2020 09:30:00;Strada Urbana;VIALE BATTISTA BARDANZELLU;all'intersezione semaforizzata con;VIALE PALMIRO TOGLIATTI;VIALE PALMIRO TOGLIATTI;;;Tamponamento;Incrocio;Due carreggiate;Asciutto;Asfaltata;Verticale ed orizzontale;Sereno;Normale;Buona;;0;0;0;4;12.5702;41.9147;-1;1;Autovettura privata;In marcia / fermata / arresto;Conducente;M;Illeso;0;;;
5136826;5;03/11/2020 09:30:00;Strada Urbana;VIALE BATTISTA BARDANZELLU;all'intersezione semaforizzata con;VIALE PALMIRO TOGLIATTI;VIALE PALMIRO TOGLIATTI;;;Tamponamento;Incrocio;Due carreggiate;Asciutto;Asfaltata;Verticale ed orizzontale;Sereno;Normale;Buona;;0;0;0;4;12.5702;41.9147;-1;1;Autovettura privata;In marcia / fermata / arresto;Passeggero;F;Illeso;0;;;
5136826;5;03/11/2020 09:30:00;Strada Urbana;VIALE BATTISTA BARDANZELLU;all'intersezione semaforizzata con;VIALE PALMIRO TOGLIATTI;VIALE PALMIRO TOGLIATTI;;;Tamponamento;Incrocio;Due carreggiate;Asciutto;Asfaltata;Verticale ed orizzontale;Sereno;Normale;Buona;;0;0;0;4;12.5702;41.9147;-1;2;Autovettura privata;In marcia / fermata / arresto;Conducente;F;Illeso;0;;;
5136826;5;03/11/2020 09:30:00;Strada Urbana;VIALE BATTISTA BARDANZELLU;all'intersezione semaforizzata con;VIALE PALMIRO TOGLIATTI;VIALE PALMIRO TOGLIATTI;;;Tamponamento;Incrocio;Due carreggiate;Asciutto;Asfaltata;Verticale ed orizzontale;Sereno;Normale;Buona;;0;0;0;4;12.5702;41.9147;-1;2;Autovettura privata;In marcia / fermata / arresto;Passeggero;F;Illeso;0;;;
5136827;9;03/11/2020 17:00:00;Strada Urbana;VIA MONZA;in prossimit�;;del civico n.;15;;Infortunio per sola frenata improvvisa;Rettilineo;Una carreggiata a doppio senso;Asciutto;Asfaltata;Verticale ed orizzontale;Sereno;Intenso;Buona;;1;0;0;0;12.5155;41.8855;-1;1;Motociclo a solo;In marcia / fermata / arresto;Conducente;M;Rimandato;0;NON DECEDUTO;Non accertato;
5136842;20;03/11/2020 06:10:00;Strada Urbana;VIA CASSIA;in corrispondenza;;del civico n.;680;;Scontro frontale/laterale DX fra veicoli in marcia;Rettilineo;Una carreggiata a doppio senso;Asciutto;Asfaltata;Verticale ed orizzontale;Sereno;Scarso;Buona;;1;0;0;1;12.4456;41.9641;-1;1;Autovettura privata;In marcia / fermata / arresto;Conducente;M;Rifiuta cure immediate;0;NON DECEDUTO;Non accertato;Inesploso
5136842;20;03/11/2020 06:10:00;Strada Urbana;VIA CASSIA;in corrispondenza;;del civico n.;680;;Scontro frontale/laterale DX fra veicoli in marcia;Rettilineo;Una carreggiata a doppio senso;Asciutto;Asfaltata;Verticale ed orizzontale;Sereno;Scarso;Buona;;1;0;0;1;12.4456;41.9641;-1;2;Autovettura privata;In marcia / fermata / arresto;Conducente;M;Illeso;0;;Non accertato;Inesploso
5136842;20;03/11/2020 06:10:00;Strada Urbana;VIA CASSIA;in corrispondenza;;del civico n.;680;;Scontro frontale/laterale DX fra veicoli in marcia;Rettilineo;Una carreggiata a doppio senso;Asciutto;Asfaltata;Verticale ed orizzontale;Sereno;Scarso;Buona;;1;0;0;1;12.4456;41.9641;-1;3;Autovettura privata;Sosta;;;;;;;
5136854;15;03/11/2020 20:50:00;Strada Urbana;VIA DELLA CASETTA MATTEI;in prossimit�;;del civico n.;224;;Scontro laterale fra veicoli in marcia;Rettilineo;Una carreggiata a doppio senso;Asciutto;Asfaltata;Orizzontale;Sereno;Scarso;Sufficiente;;0;0;0;2;12.4199;41.8589;-1;1;Autovettura privata;In marcia / fermata / arresto;Conducente;M;Illeso;0;;Non accertato;Inesploso
5136854;15;03/11/2020 20:50:00;Strada Urbana;VIA DELLA CASETTA MATTEI;in prossimit�;;del civico n.;224;;Scontro laterale fra veicoli in marcia;Rettilineo;Una carreggiata a doppio senso;Asciutto;Asfaltata;Orizzontale;Sereno;Scarso;Sufficiente;;0;0;0;2;12.4199;41.8589;-1;2;Autovettura privata;In marcia / fermata / arresto;Conducente;M;Illeso;0;;Non accertato;Inesploso
5136862;9;03/11/2020 19:50:00;Strada Urbana;VIA ETRURIA;all'intersezione con;VIA SOLUNTO;VIA SOLUNTO;;;Scontro frontale/laterale SX fra veicoli in marcia;Intersezione non regolata/non segnalata;Una carreggiata a doppio senso;Asciutto;Asfaltata;Orizzontale;Sereno;Scarso;Buona;;1;0;0;3;12.5125;41.8791;-1;1;Autovettura privata;In marcia / fermata / arresto;Conducente;M;Illeso;0;;Non accertato;Inesploso
5136862;9;03/11/2020 19:50:00;Strada Urbana;VIA ETRURIA;all'intersezione con;VIA SOLUNTO;VIA SOLUNTO;;;Scontro frontale/laterale SX fra veicoli in marcia;Intersezione non regolata/non segnalata;Una carreggiata a doppio senso;Asciutto;Asfaltata;Orizzontale;Sereno;Scarso;Buona;;1;0;0;3;12.5125;41.8791;-1;1;Autovettura privata;In marcia / fermata / arresto;Passeggero;M;Illeso;0;;Non accertato;Inesploso
5136862;9;03/11/2020 19:50:00;Strada Urbana;VIA ETRURIA;all'intersezione con;VIA SOLUNTO;VIA SOLUNTO;;;Scontro frontale/laterale SX fra veicoli in marcia;Intersezione non regolata/non segnalata;Una carreggiata a doppio senso;Asciutto;Asfaltata;Orizzontale;Sereno;Scarso;Buona;;1;0;0;3;12.5125;41.8791;-1;2;Motociclo a solo;In marcia / fermata / arresto;Conducente;M;Rimandato;0;NON DECEDUTO;Non accertato;
5136862;9;03/11/2020 19:50:00;Strada Urbana;VIA ETRURIA;all'intersezione con;VIA SOLUNTO;VIA SOLUNTO;;;Scontro frontale/laterale SX fra veicoli in marcia;Intersezione non regolata/non segnalata;Una carreggiata a doppio senso;Asciutto;Asfaltata;Orizzontale;Sereno;Scarso;Buona;;1;0;0;3;12.5125;41.8791;-1;3;Autovettura privata;Sosta;Passeggero;F;Illeso;0;;Non accertato;Inesploso
5136896;20;03/11/2020 18:00:00;Statale;VIA FLAMINIA;all'intersezione con;VIA VIGNANELLO;VIA VIGNANELLO;;;Scontro frontale/laterale DX fra veicoli in marcia;Incrocio;Una carreggiata a doppio senso;Asciutto;Asfaltata;Verticale ed orizzontale;Sereno;Normale;Insufficiente;;1;0;0;1;12.4718;41.9419;-1;1;Autovettura privata;In marcia / fermata / arresto;Conducente;M;Rifiuta cure immediate;0;NON DECEDUTO;Non accertato;Inesploso
5136896;20;03/11/2020 18:00:00;Statale;VIA FLAMINIA;all'intersezione con;VIA VIGNANELLO;VIA VIGNANELLO;;;Scontro frontale/laterale DX fra veicoli in marcia;Incrocio;Una carreggiata a doppio senso;Asciutto;Asfaltata;Verticale ed orizzontale;Sereno;Normale;Insufficiente;;1;0;0;1;12.4718;41.9419;-1;2;Autovettura privata;In marcia / fermata / arresto;Conducente;F;Illeso;0;;Non accertato;Esploso
5136903;13;03/11/2020 09:40:00;Strada Urbana;PIAZZA FRANCESCO CONTEDUCA;all'intersezione con;VIA CAPO PALINURO;VIA CAPO PALINURO;;;Scontro frontale fra veicoli in marcia;Incrocio;Una carreggiata a senso unico di marcia;Asciutto;Asfaltata;Assente;Sereno;Normale;Buona;;1;0;0;1;12.2881;41.7357;-1;1;Autovettura privata;In marcia / fermata / arresto;Conducente;M;Illeso;0;;Non accertato;Inesploso
5136903;13;03/11/2020 09:40:00;Strada Urbana;PIAZZA FRANCESCO CONTEDUCA;all'intersezione con;VIA CAPO PALINURO;VIA CAPO PALINURO;;;Scontro frontale fra veicoli in marcia;Incrocio;Una carreggiata a senso unico di marcia;Asciutto;Asfaltata;Assente;Sereno;Normale;Buona;;1;0;0;1;12.2881;41.7357;-1;2;Velocipede;In marcia / fermata / arresto;Conducente;M;Rimandato;0;NON DECEDUTO;Esente;
5136910;4;03/11/2020 10:30:00;Strada Urbana;VIA DELLE VIGNE NUOVE;in prossimit�;;del civico n.;51;;Scontro laterale fra veicoli in marcia;Rettilineo;Una carreggiata a doppio senso;Asciutto;Asfaltata;Verticale ed orizzontale;Sereno;Normale;Buona;;0;0;0;3;12.5371;41.9474;-1;1;Autovettura di polizia;In marcia / fermata / arresto;Conducente;M;Illeso;0;;Non accertato;Inesploso
5136910;4;03/11/2020 10:30:00;Strada Urbana;VIA DELLE VIGNE NUOVE;in prossimit�;;del civico n.;51;;Scontro laterale fra veicoli in marcia;Rettilineo;Una carreggiata a doppio senso;Asciutto;Asfaltata;Verticale ed orizzontale;Sereno;Normale;Buona;;0;0;0;3;12.5371;41.9474;-1;1;Autovettura di polizia;In marcia / fermata / arresto;Passeggero;M;Illeso;0;;Non accertato;Inesploso
5136910;4;03/11/2020 10:30:00;Strada Urbana;VIA DELLE VIGNE NUOVE;in prossimit�;;del civico n.;51;;Scontro laterale fra veicoli in marcia;Rettilineo;Una carreggiata a doppio senso;Asciutto;Asfaltata;Verticale ed orizzontale;Sereno;Normale;Buona;;0;0;0;3;12.5371;41.9474;-1;2;Autovettura privata;In marcia / fermata / arresto;Conducente;F;Illeso;0;;Non accertato;Inesploso
5136920;20;03/11/2020 13:00:00;Regionale entro l'abitato;VIA CASSIA;in corrispondenza;;del civico n.;600;;Tamponamento;Rettilineo;Una carreggiata a doppio senso;Asciutto;Asfaltata;Verticale ed orizzontale;Sereno;Normale;Buona;;2;0;0;1;12.4485;41.9626;-1;1;Motociclo a solo;In marcia / fermata / arresto;Conducente;M;Illeso;0;;Non accertato;
5136920;20;03/11/2020 13:00:00;Regionale entro l'abitato;VIA CASSIA;in corrispondenza;;del civico n.;600;;Tamponamento;Rettilineo;Una carreggiata a doppio senso;Asciutto;Asfaltata;Verticale ed orizzontale;Sereno;Normale;Buona;;2;0;0;1;12.4485;41.9626;-1;2;Motociclo con passeggero;In marcia / fermata / arresto;Conducente;M;Rimandato;0;NON DECEDUTO;Non accertato;
5136920;20;03/11/2020 13:00:00;Regionale entro l'abitato;VIA CASSIA;in corrispondenza;;del civico n.;600;;Tamponamento;Rettilineo;Una carreggiata a doppio senso;Asciutto;Asfaltata;Verticale ed orizzontale;Sereno;Normale;Buona;;2;0;0;1;12.4485;41.9626;-1;2;Motociclo con passeggero;In marcia / fermata / arresto;Passeggero;F;Rimandato;0;NON DECEDUTO;Non accertato;
5136935;19;03/11/2020 17:50:00;Strada Urbana;VIA MATTIA BATTISTINI;in corrispondenza;;del civico n.;216;;Scontro frontale/laterale SX fra veicoli in marcia;Rettilineo;Una carreggiata a doppio senso;Asciutto;Asfaltata;Verticale ed orizzontale;Sereno;Intenso;Sufficiente;;3;0;0;0;12.4187;41.9137;-1;1;Motociclo a solo;In marcia / fermata / arresto;Conducente;M;Ricoverato;0;NON DECEDUTO;Non accertato;
5136935;19;03/11/2020 17:50:00;Strada Urbana;VIA MATTIA BATTISTINI;in corrispondenza;;del civico n.;216;;Scontro frontale/laterale SX fra veicoli in marcia;Rettilineo;Una carreggiata a doppio senso;Asciutto;Asfaltata;Verticale ed orizzontale;Sereno;Intenso;Sufficiente;;3;0;0;0;12.4187;41.9137;-1;2;Motociclo a solo;In marcia / fermata / arresto;Conducente;M;Ricoverato;0;NON DECEDUTO;Non accertato;
5136935;19;03/11/2020 17:50:00;Strada Urbana;VIA MATTIA BATTISTINI;in corrispondenza;;del civico n.;216;;Scontro frontale/laterale SX fra veicoli in marcia;Rettilineo;Una carreggiata a doppio senso;Asciutto;Asfaltata;Verticale ed orizzontale;Sereno;Intenso;Sufficiente;;3;0;0;0;12.4187;41.9137;-1;2;Motociclo a solo;In marcia / fermata / arresto;Passeggero;M;Ricoverato;0;NON DECEDUTO;Non accertato;
5136958;19;03/11/2020 11:00:00;Strada Urbana;VIA GIUSEPPE TAVERNA;da specificare;;;;FRONTE CIVICO 2;Scontro laterale fra veicoli in marcia;Rettilineo;Una carreggiata a doppio senso;Asciutto;Asfaltata;Verticale ed orizzontale;Sereno;Normale;Buona;;0;0;0;3;12.4289;41.9402;-1;1;Autovettura privata;In marcia / fermata / arresto;Conducente;M;Illeso;0;;;
5136958;19;03/11/2020 11:00:00;Strada Urbana;VIA GIUSEPPE TAVERNA;da specificare;;;;FRONTE CIVICO 2;Scontro laterale fra veicoli in marcia;Rettilineo;Una carreggiata a doppio senso;Asciutto;Asfaltata;Verticale ed orizzontale;Sereno;Normale;Buona;;0;0;0;3;12.4289;41.9402;-1;1;Autovettura privata;In marcia / fermata / arresto;Passeggero;F;Illeso;0;;;
5136958;19;03/11/2020 11:00:00;Strada Urbana;VIA GIUSEPPE TAVERNA;da specificare;;;;FRONTE CIVICO 2;Scontro laterale fra veicoli in marcia;Rettilineo;Una carreggiata a doppio senso;Asciutto;Asfaltata;Verticale ed orizzontale;Sereno;Normale;Buona;;0;0;0;3;12.4289;41.9402;-1;2;Autovettura privata;In marcia / fermata / arresto;Conducente;M;Illeso;0;;;
5136973;19;03/11/2020 15:00:00;Strada Urbana;VIA PIETRO MAFFI;in prossimit�;;del civico n.;144;;Veicolo in marcia contro veicolo in sosta;Rettilineo;Una carreggiata a doppio senso;Asciutto;Asfaltata;Assente;Sereno;Normale;Buona;;0;0;0;0;12.4206;41.9261;-1;1;Autovettura privata;Allontanatosi;;;;;;;
5136973;19;03/11/2020 15:00:00;Strada Urbana;VIA PIETRO MAFFI;in prossimit�;;del civico n.;144;;Veicolo in marcia contro veicolo in sosta;Rettilineo;Una carreggiata a doppio senso;Asciutto;Asfaltata;Assente;Sereno;Normale;Buona;;0;0;0;0;12.4206;41.9261;-1;2;Autovettura privata;Sosta;;;;;;;
5136989;13;03/11/2020 17:52:00;Strada Urbana;VIA DI ACILIA;all'intersezione con;VIA LEONARDO MELLANO;VIA LEONARDO MELLANO;;;Scontro frontale/laterale DX fra veicoli in marcia;Incrocio;Una carreggiata a doppio senso;Asciutto;Asfaltata;Verticale ed orizzontale;Sereno;Normale;Sufficiente;;0;0;0;2;12.3693;41.7766;-1;1;Autovettura privata;In marcia / fermata / arresto;Conducente;M;Illeso;0;;Non accertato;Inesploso
5136989;13;03/11/2020 17:52:00;Strada Urbana;VIA DI ACILIA;all'intersezione con;VIA LEONARDO MELLANO;VIA LEONARDO MELLANO;;;Scontro frontale/laterale DX fra veicoli in marcia;Incrocio;Una carreggiata a doppio senso;Asciutto;Asfaltata;Verticale ed orizzontale;Sereno;Normale;Sufficiente;;0;0;0;2;12.3693;41.7766;-1;2;Autovettura privata;In marcia / fermata / arresto;Conducente;M;Illeso;0;;Non accertato;Inesploso
5137023;2;03/11/2020 08:40:00;Strada Urbana;VIALE LIEGI;in prossimit�;;del civico n.;64;;Scontro laterale fra veicoli in marcia;Rettilineo;Una carreggiata a doppio senso;Asciutto;Asfaltata;Verticale ed orizzontale;Sereno;Normale;Buona;;0;0;0;4;12.4931;41.9225;-1;1;Autocarro inferiore 35 q.;In marcia / fermata / arresto;Conducente;M;Illeso;0;;Non accertato;Inesploso
5137023;2;03/11/2020 08:40:00;Strada Urbana;VIALE LIEGI;in prossimit�;;del civico n.;64;;Scontro laterale fra veicoli in marcia;Rettilineo;Una carreggiata a doppio senso;Asciutto;Asfaltata;Verticale ed orizzontale;Sereno;Normale;Buona;;0;0;0;4;12.4931;41.9225;-1;1;Autocarro inferiore 35 q.;In marcia / fermata / arresto;Passeggero;M;Illeso;0;;Non accertato;Inesploso
5137023;2;03/11/2020 08:40:00;Strada Urbana;VIALE LIEGI;in prossimit�;;del civico n.;64;;Scontro laterale fra veicoli in marcia;Rettilineo;Una carreggiata a doppio senso;Asciutto;Asfaltata;Verticale ed orizzontale;Sereno;Normale;Buona;;0;0;0;4;12.4931;41.9225;-1;2;Autocarro inferiore 35 q.;In marcia / fermata / arresto;Conducente;M;Illeso;0;;Non accertato;Inesploso
5137026;2;03/11/2020 09:15:00;Strada Urbana;LARGO GIUSEPPE TARTINI;in prossimit�;;del civico n.;2c;;Scontro laterale fra veicoli in marcia;Curva a visuale libera;Una carreggiata a senso unico di marcia;Asciutto;Asfaltata;Verticale ed orizzontale;Sereno;Normale;Buona;;0;0;0;2;12.4947;41.9162;-1;1;Autovettura privata;In marcia / fermata / arresto;Conducente;M;Illeso;0;;Non accertato;Inesploso
5137026;2;03/11/2020 09:15:00;Strada Urbana;LARGO GIUSEPPE TARTINI;in prossimit�;;del civico n.;2c;;Scontro laterale fra veicoli in marcia;Curva a visuale libera;Una carreggiata a senso unico di marcia;Asciutto;Asfaltata;Verticale ed orizzontale;Sereno;Normale;Buona;;0;0;0;2;12.4947;41.9162;-1;2;Autovettura privata;In marcia / fermata / arresto;Conducente;M;Illeso;0;;Non accertato;Inesploso
5137027;13;03/11/2020 12:00:00;Strada Urbana;VIA GEROCARNE;in corrispondenza;;del civico n.;107;;Veicolo in marcia contro veicolo in sosta;Rettilineo;Una carreggiata a doppio senso;Asciutto;Asfaltata;Assente;Sereno;Normale;Buona;;0;0;0;0;12.3796;41.797;0;1;Autocarro superiore 35 q.;Allontanatosi;;;;;;;