Protocollo;Gruppo;DataOraIncidente;Localizzazione1;STRADA1;Localizzazione2;STRADA2;Strada02;Chilometrica;DaSpecificare;NaturaIncidente;particolaritastrade;TipoStrada;FondoStradale;Pavimentazione;Segnaletica;CondizioneAtmosferica;Traffico;Visibilita;Illuminazione;NUM_FERITI;NUM_RISERVATA;NUM_MORTI;NUM_ILLESI;Longitudine;Latitudine;Confermato;Progressivo;TipoVeicolo;StatoVeicolo;TipoPersona;Sesso;Tipolesione;Deceduto;DecedutoDopo;CinturaCascoUtilizzato;Airbag;
5137027;13;03/11/2020 12:00:00;Strada Urbana;VIA GEROCARNE;in corrispondenza;;del civico n.;107;;Veicolo in marcia contro veicolo in sosta;Rettilineo;Una carreggiata a doppio senso;Asciutto;Asfaltata;Assente;Sereno;Normale;Buona;;0;0;0;0;12.3796;41.797;0;2;Autovettura privata;Sosta;;;;;;;
5137028;2;03/11/2020 09:30:00;Strada Urbana;VIA RUGGERO FAURO;in prossimit�;;del civico n.;96;;Scontro laterale fra veicoli in marcia;Rettilineo;Una carreggiata a senso unico di marcia;Asciutto;Asfaltata;Verticale ed orizzontale;Sereno;Scarso;Buona;;1;0;0;1;12.4872;41.9288;-1;1;Autocarro inferiore 35 q.;In marcia / fermata / arresto;Conducente;F;Illeso;0;;Non accertato;Inesploso
5137028;2;03/11/2020 09:30:00;Strada Urbana;VIA RUGGERO FAURO;in prossimit�;;del civico n.;96;;Scontro laterale fra veicoli in marcia;Rettilineo;Una carreggiata a senso unico di marcia;Asciutto;Asfaltata;Verticale ed orizzontale;Sereno;Scarso;Buona;;1;0;0;1;12.4872;41.9288;-1;2;Motociclo a solo;In marcia / fermata / arresto;Conducente;F;Rimandato;0;NON DECEDUTO;Non accertato;
5137037;2;03/11/2020 12:25:00;Strada Urbana;LUNGOTEVERE FLAMINIO;da specificare;;;;alt. VIA CANINA;Investimento di pedone;Rettilineo;Una carreggiata a doppio senso;Asciutto;Asfaltata;Verticale ed orizzontale;Sereno;Normale;Buona;;1;0;0;1;12.4661;41.9238;-1;;;;Pedone;F;Rimandato;0;NON DECEDUTO;;
5137037;2;03/11/2020 12:25:00;Strada Urbana;LUNGOTEVERE FLAMINIO;da specificare;;;;alt. VIA CANINA;Investimento di pedone;Rettilineo;Una carreggiata a doppio senso;Asciutto;Asfaltata;Verticale ed orizzontale;Sereno;Normale;Buona;;1;0;0;1;12.4661;41.9238;-1;1;Autovettura privata;In marcia / fermata / arresto;Conducente;M;Illeso;0;;Non accertato;Inesploso
5137038;13;03/11/2020 11:30:00;Strada Urbana;VIA PINDARO;in corrispondenza;;del civico n.;28;;Veicolo in marcia contro veicolo in sosta;Rettilineo;Una carreggiata a doppio senso;Asciutto;Asfaltata;Orizzontale;Sereno;Scarso;Buona;;0;0;0;0;12.3682;41.7565;-1;1;Autovettura privata;Sosta;;;;;;;
5137038;13;03/11/2020 11:30:00;Strada Urbana;VIA PINDARO;in corrispondenza;;del civico n.;28;;Veicolo in marcia contro veicolo in sosta;Rettilineo;Una carreggiata a doppio senso;Asciutto;Asfaltata;Orizzontale;Sereno;Scarso;Buona;;0;0;0;0;12.3682;41.7565;-1;2;Autovettura privata;Allontanatosi;;;;;;;
5137041;2;03/11/2020 13:30:00;Strada Urbana;VIA DI PRISCILLA;in corrispondenza;;del civico n.;55;;Scontro laterale fra veicoli in marcia;Rettilineo;Una carreggiata a doppio senso;Asciutto;Asfaltata;Orizzontale;Sereno;Normale;Buona;;0;0;0;2;12.51;41.9304;-1;1;Autovettura privata;In marcia / fermata / arresto;Conducente;M;Illeso;0;;;
5137041;2;03/11/2020 13:30:00;Strada Urbana;VIA DI PRISCILLA;in corrispondenza;;del civico n.;55;;Scontro laterale fra veicoli in marcia;Rettilineo;Una carreggiata a doppio senso;Asciutto;Asfaltata;Orizzontale;Sereno;Normale;Buona;;0;0;0;2;12.51;41.9304;-1;2;Autovettura privata;In marcia / fermata / arresto;Conducente;M;Illeso;0;;;
5137042;2;03/11/2020 21:30:00;Strada Urbana;VIA SALARIA;all'intersezione semaforizzata con;VIALE SOMALIA;VIALE SOMALIA;;;Tamponamento;Intersezione semaforizzata;Una carreggiata a doppio senso;Asciutto;Asfaltata;Verticale ed orizzontale;Sereno;Scarso;Buona;;0;0;0;3;12.5151;41.936;-1;1;Autovettura di polizia;In marcia / fermata / arresto;Conducente;M;Illeso;0;;Non accertato;Inesploso
5137042;2;03/11/2020 21:30:00;Strada Urbana;VIA SALARIA;all'intersezione semaforizzata con;VIALE SOMALIA;VIALE SOMALIA;;;Tamponamento;Intersezione semaforizzata;Una carreggiata a doppio senso;Asciutto;Asfaltata;Verticale ed orizzontale;Sereno;Scarso;Buona;;0;0;0;3;12.5151;41.936;-1;1;Autovettura di polizia;In marcia / fermata / arresto;Passeggero;M;Illeso;0;;Non accertato;Inesploso
5137042;2;03/11/2020 21:30:00;Strada Urbana;VIA SALARIA;all'intersezione semaforizzata con;VIALE SOMALIA;VIALE SOMALIA;;;Tamponamento;Intersezione semaforizzata;Una carreggiata a doppio senso;Asciutto;Asfaltata;Verticale ed orizzontale;Sereno;Scarso;Buona;;0;0;0;3;12.5151;41.936;-1;2;Autovettura privata;In marcia / fermata / arresto;Conducente;M;Illeso;0;;Non accertato;Inesploso
5137046;7;03/11/2020 12:25:00;Strada Urbana;VIALE PALMIRO TOGLIATTI;all'intersezione semaforizzata con;VIA PRENESTINA;VIA PRENESTINA;;;Tamponamento;Intersezione semaforizzata;Due carreggiate;Asciutto;Asfaltata;Verticale ed orizzontale;Sereno;Normale;Buona;;0;0;0;3;12.5733;41.8872;-1;1;Autovettura privata;In marcia / fermata / arresto;Conducente;M;Illeso;0;;Non accertato;Inesploso
5137046;7;03/11/2020 12:25:00;Strada Urbana;VIALE PALMIRO TOGLIATTI;all'intersezione semaforizzata con;VIA PRENESTINA;VIA PRENESTINA;;;Tamponamento;Intersezione semaforizzata;Due carreggiate;Asciutto;Asfaltata;Verticale ed orizzontale;Sereno;Normale;Buona;;0;0;0;3;12.5733;41.8872;-1;1;Autovettura privata;In marcia / fermata / arresto;Passeggero;F;Illeso;0;;Non accertato;Inesploso
5137046;7;03/11/2020 12:25:00;Strada Urbana;VIALE PALMIRO TOGLIATTI;all'intersezione semaforizzata con;VIA PRENESTINA;VIA PRENESTINA;;;Tamponamento;Intersezione semaforizzata;Due carreggiate;Asciutto;Asfaltata;Verticale ed orizzontale;Sereno;Normale;Buona;;0;0;0;3;12.5733;41.8872;-1;2;Autovettura privata;In marcia / fermata / arresto;Conducente;F;Illeso;0;;Non accertato;Inesploso
5137051;12;03/11/2020 13:45:00;Strada Urbana;VIA DI TRIGORIA;in corrispondenza;;del civico n.;90;;Scontro laterale fra veicoli in marcia;Rettilineo;Una carreggiata a doppio senso;Asciutto;Asfaltata;Verticale ed orizzontale;Sereno;Normale;Buona;;0;0;0;3;12.4778;41.7674;-1;1;Autovettura privata;In marcia / fermata / arresto;Conducente;F;Illeso;0;;Non accertato;Inesploso
5137051;12;03/11/2020 13:45:00;Strada Urbana;VIA DI TRIGORIA;in corrispondenza;;del civico n.;90;;Scontro laterale fra veicoli in marcia;Rettilineo;Una carreggiata a doppio senso;Asciutto;Asfaltata;Verticale ed orizzontale;Sereno;Normale;Buona;;0;0;0;3;12.4778;41.7674;-1;1;Autovettura privata;In marcia / fermata / arresto;Passeggero;F;Illeso;0;;Utilizzato;Inesploso
5137051;12;03/11/2020 13:45:00;Strada Urbana;VIA DI TRIGORIA;in corrispondenza;;del civico n.;90;;Scontro laterale fra veicoli in marcia;Rettilineo;Una carreggiata a doppio senso;Asciutto;Asfaltata;Verticale ed orizzontale;Sereno;Normale;Buona;;0;0;0;3;12.4778;41.7674;-1;2;Autovettura privata;In marcia / fermata / arresto;Conducente;F;Illeso;0;;Non accertato;Inesploso
5137057;4;03/11/2020 10:30:00;Strada Urbana;VIA FRANCO SACCHETTI;in prossimit�;;del civico n.;9;;Scontro laterale fra veicoli in marcia;Rettilineo;Una carreggiata a doppio senso;Asciutto;Asfaltata;Verticale ed orizzontale;Sereno;Normale;Buona;;0;0;0;2;12.547;41.9508;-1;1;Autovettura privata;In marcia / fermata / arresto;Conducente;M;Illeso;0;;;
5137057;4;03/11/2020 10:30:00;Strada Urbana;VIA FRANCO SACCHETTI;in prossimit�;;del civico n.;9;;Scontro laterale fra veicoli in marcia;Rettilineo;Una carreggiata a doppio senso;Asciutto;Asfaltata;Verticale ed orizzontale;Sereno;Normale;Buona;;0;0;0;2;12.547;41.9508;-1;2;Autovettura privata;In marcia / fermata / arresto;Conducente;F;Illeso;0;;Non accertato;Inesploso
5137080;12;03/11/2020 16:40:00;Strada Urbana;VIA LAURENTINA;da specificare;;;;ROTATORIA VIA DI TOR PAGNOTTA;Scontro laterale fra veicoli in marcia;Rotatoria;Una carreggiata a senso unico di marcia;Asciutto;Asfaltata;Verticale ed orizzontale;Sereno;Normale;Buona;;0;0;0;4;12.4826;41.8039;-1;1;Autovettura privata;In marcia / fermata / arresto;Conducente;F;Illeso;0;;Non accertato;Inesploso
5137080;12;03/11/2020 16:40:00;Strada Urbana;VIA LAURENTINA;da specificare;;;;ROTATORIA VIA DI TOR PAGNOTTA;Scontro laterale fra veicoli in marcia;Rotatoria;Una carreggiata a senso unico di marcia;Asciutto;Asfaltata;Verticale ed orizzontale;Sereno;Normale;Buona;;0;0;0;4;12.4826;41.8039;-1;1;Autovettura privata;In marcia / fermata / arresto;Passeggero;M;Illeso;0;;Utilizzato;Inesploso
5137080;12;03/11/2020 16:40:00;Strada Urbana;VIA LAURENTINA;da specificare;;;;ROTATORIA VIA DI TOR PAGNOTTA;Scontro laterale fra veicoli in marcia;Rotatoria;Una carreggiata a senso unico di marcia;Asciutto;Asfaltata;Verticale ed orizzontale;Sereno;Normale;Buona;;0;0;0;4;12.4826;41.8039;-1;2;Autovettura privata;In marcia / fermata / arresto;Conducente;M;Illeso;0;;Non accertato;Inesploso
5137080;12;03/11/2020 16:40:00;Strada Urbana;VIA LAURENTINA;da specificare;;;;ROTATORIA VIA DI TOR PAGNOTTA;Scontro laterale fra veicoli in marcia;Rotatoria;Una carreggiata a senso unico di marcia;Asciutto;Asfaltata;Verticale ed orizzontale;Sereno;Normale;Buona;;0;0;0;4;12.4826;41.8039;-1;2;Autovettura privata;In marcia / fermata / arresto;Passeggero;F;Illeso;0;;Utilizzato;Inesploso
5137100;4;03/11/2020 10:45:00;Provinciale entro l'abitato;VIA NOMENTANA;in prossimit�;;del civico n.;871;;Investimento di pedone;Rettilineo;Una carreggiata a doppio senso;Asciutto;Asfaltata;Verticale ed orizzontale;Sereno;Normale;Buona;;1;0;0;2;12.5535;41.9416;-1;;;;Pedone;F;Rimandato;0;NON DECEDUTO;;
5137100;4;03/11/2020 10:45:00;Provinciale entro l'abitato;VIA NOMENTANA;in prossimit�;;del civico n.;871;;Investimento di pedone;Rettilineo;Una carreggiata a doppio senso;Asciutto;Asfaltata;Verticale ed orizzontale;Sereno;Normale;Buona;;1;0;0;2;12.5535;41.9416;-1;1;Autovettura privata;In marcia / fermata / arresto;Conducente;F;Illeso;0;;Non accertato;
5137100;4;03/11/2020 10:45:00;Provinciale entro l'abitato;VIA NOMENTANA;in prossimit�;;del civico n.;871;;Investimento di pedone;Rettilineo;Una carreggiata a doppio senso;Asciutto;Asfaltata;Verticale ed orizzontale;Sereno;Normale;Buona;;1;0;0;2;12.5535;41.9416;-1;2;Autovettura privata;In marcia / fermata / arresto;Conducente;M;Illeso;0;;Non accertato;Inesploso
5137106;7;03/11/2020 20:45:00;Strada Urbana;VIA COLLATINA;all'intersezione con;VIA ACHILLE VERTUNNI;VIA ACHILLE VERTUNNI;;;Scontro laterale fra veicoli in marcia;Intersezione stradale segnalata;Una carreggiata a doppio senso;Asciutto;Asfaltata;Verticale ed orizzontale;Sereno;Normale;Sufficiente;;0;0;0;2;12.6108;41.9058;-1;1;Autovettura privata;In marcia / fermata / arresto;Conducente;M;Illeso;0;;Non accertato;Inesploso
5137106;7;03/11/2020 20:45:00;Strada Urbana;VIA COLLATINA;all'intersezione con;VIA ACHILLE VERTUNNI;VIA ACHILLE VERTUNNI;;;Scontro laterale fra veicoli in marcia;Intersezione stradale segnalata;Una carreggiata a doppio senso;Asciutto;Asfaltata;Verticale ed orizzontale;Sereno;Normale;Sufficiente;;0;0;0;2;12.6108;41.9058;-1;2;Autovettura privata;In marcia / fermata / arresto;Conducente;M;Illeso;0;;Non accertato;Inesploso
5137106;7;03/11/2020 20:45:00;Strada Urbana;VIA COLLATINA;all'intersezione con;VIA ACHILLE VERTUNNI;VIA ACHILLE VERTUNNI;;;Scontro laterale fra veicoli in marcia;Intersezione stradale segnalata;Una carreggiata a doppio senso;Asciutto;Asfaltata;Verticale ed orizzontale;Sereno;Normale;Sufficiente;;0;0;0;2;12.6108;41.9058;-1;3;Autovettura privata;In marcia / fermata / arresto;;;;;;;
5137136;6;03/11/2020 16:15:00;Strada Urbana;VIA CASILINA;all'intersezione con;VIALE DELLA PRIMAVERA;VIALE DELLA PRIMAVERA;;;Scontro frontale/laterale DX fra veicoli in marcia;Intersezione semaforizzata;Due carreggiate;Asciutto;Asfaltata;Verticale ed orizzontale;Sereno;Normale;Buona;;0;0;0;3;12.5574;41.8754;-1;1;Autovettura privata;In marcia / fermata / arresto;Conducente;M;Illeso;0;;Non accertato;Inesploso
5137136;6;03/11/2020 16:15:00;Strada Urbana;VIA CASILINA;all'intersezione con;VIALE DELLA PRIMAVERA;VIALE DELLA PRIMAVERA;;;Scontro frontale/laterale DX fra veicoli in marcia;Intersezione semaforizzata;Due carreggiate;Asciutto;Asfaltata;Verticale ed orizzontale;Sereno;Normale;Buona;;0;0;0;3;12.5574;41.8754;-1;1;Autovettura privata;In marcia / fermata / arresto;Passeggero;F;Illeso;0;;Non accertato;Inesploso
5137136;6;03/11/2020 16:15:00;Strada Urbana;VIA CASILINA;all'intersezione con;VIALE DELLA PRIMAVERA;VIALE DELLA PRIMAVERA;;;Scontro frontale/laterale DX fra veicoli in marcia;Intersezione semaforizzata;Due carreggiate;Asciutto;Asfaltata;Verticale ed orizzontale;Sereno;Normale;Buona;;0;0;0;3;12.5574;41.8754;-1;2;Autovettura privata;In marcia / fermata / arresto;Conducente;M;Illeso;0;;Non accertato;Inesploso
5137154;6;03/11/2020 16:45:00;Strada Urbana;VIA CASILINA;in corrispondenza;;del civico n.;618;;Scontro laterale fra veicoli in marcia;Rettilineo;Due carreggiate;Asciutto;Asfaltata;Verticale ed orizzontale;Sereno;Normale;Buona;;1;0;0;1;12.5508;41.8773;-1;1;Autovettura privata;In marcia / fermata / arresto;Conducente;M;Illeso;0;;;
5137154;6;03/11/2020 16:45:00;Strada Urbana;VIA CASILINA;in corrispondenza;;del civico n.;618;;Scontro laterale fra veicoli in marcia;Rettilineo;Due carreggiate;Asciutto;Asfaltata;Verticale ed orizzontale;Sereno;Normale;Buona;;1;0;0;1;12.5508;41.8773;-1;2;Autovettura privata;In marcia / fermata / arresto;Conducente;F;Rifiuta cure immediate;0;NON DECEDUTO;;
5137160;4;03/11/2020 11:00:00;Strada Urbana;VIA DI VALLE MELAINA;in prossimit�;;del civico n.;4;;Scontro laterale fra veicoli in marcia;Rettilineo;Due carreggiate;Asciutto;Asfaltata;Verticale ed orizzontale;Sereno;Normale;Buona;;0;0;0;2;12.5257;41.9465;-1;1;Autovettura privata;In marcia / fermata / arresto;Conducente;F;Illeso;0;;Non accertato;Inesploso
5137160;4;03/11/2020 11:00:00;Strada Urbana;VIA DI VALLE MELAINA;in prossimit�;;del civico n.;4;;Scontro laterale fra veicoli in marcia;Rettilineo;Due carreggiate;Asciutto;Asfaltata;Verticale ed orizzontale;Sereno;Normale;Buona;;0;0;0;2;12.5257;41.9465;-1;2;Autovettura privata;In marcia / fermata / arresto;Conducente;M;Illeso;0;;Non accertato;Inesploso
5137166;13;03/11/2020 14:56:00;Strada Urbana;VIA TORCEGNO;in corrispondenza;;del civico n.;37E;;Investimento di pedone;Rettilineo;Una carreggiata a doppio senso;Asciutto;Asfaltata;Assente;Sereno;Scarso;Buona;;1;0;0;1;12.3764;41.7368;-1;;;;Pedone;M;Ricoverato;0;NON DECEDUTO;;
5137166;13;03/11/2020 14:56:00;Strada Urbana;VIA TORCEGNO;in corrispondenza;;del civico n.;37E;;Investimento di pedone;Rettilineo;Una carreggiata a doppio senso;Asciutto;Asfaltata;Assente;Sereno;Scarso;Buona;;1;0;0;1;12.3764;41.7368;-1;1;Autocarro inferiore 35 q.;In marcia / fermata / arresto;Conducente;M;Illeso;0;;Non accertato;Inesploso
5137179;6;03/11/2020 18:45:00;Strada Urbana;PIAZZALE PRENESTINO;da specificare;;;;FRONTE VIA ASCOLI PICENO;Tamponamento Multiplo;Rettilineo;Una carreggiata a doppio senso;Asciutto;Asfaltata;Verticale ed orizzontale;Sereno;Normale;Buona;;1;0;0;2;12.5257;41.8907;-1;1;Autovettura privata;In marcia / fermata / arresto;Conducente;M;Illeso;0;;;
5137179;6;03/11/2020 18:45:00;Strada Urbana;PIAZZALE PRENESTINO;da specificare;;;;FRONTE VIA ASCOLI PICENO;Tamponamento Multiplo;Rettilineo;Una carreggiata a doppio senso;Asciutto;Asfaltata;Verticale ed orizzontale;Sereno;Normale;Buona;;1;0;0;2;12.5257;41.8907;-1;2;Motociclo a solo;In marcia / fermata / arresto;Conducente;M;Rimandato;0;NON DECEDUTO;;
5137179;6;03/11/2020 18:45:00;Strada Urbana;PIAZZALE PRENESTINO;da specificare;;;;FRONTE VIA ASCOLI PICENO;Tamponamento Multiplo;Rettilineo;Una carreggiata a doppio senso;Asciutto;Asfaltata;Verticale ed orizzontale;Sereno;Normale;Buona;;1;0;0;2;12.5257;41.8907;-1;3;Autovettura privata;In marcia / fermata / arresto;Conducente;M;Illeso;0;;;
5137246;1;04/11/2020 08:50:00;Strada Urbana;VIA DELL'ARA MASSIMA DI ERCOLE;in prossimit�;;del civico n.;97;;Scontro laterale fra veicoli in marcia;Rettilineo;Una carreggiata a doppio senso;Asciutto;Asfaltata;Verticale ed orizzontale;Nuvoloso;Intenso;Buona;;0;0;0;2;;;0;1;Autovettura privata;In marcia / fermata / arresto;Conducente;M;Illeso;0;;;
5137246;1;04/11/2020 08:50:00;Strada Urbana;VIA DELL'ARA MASSIMA DI ERCOLE;in prossimit�;;del civico n.;97;;Scontro laterale fra veicoli in marcia;Rettilineo;Una carreggiata a doppio senso;Asciutto;Asfaltata;Verticale ed orizzontale;Nuvoloso;Intenso;Buona;;0;0;0;2;;;0;2;Motociclo a solo;In marcia / fermata / arresto;Conducente;M;Illeso;0;;;
5137337;4;03/11/2020 16:15:00;Strada Urbana;PIAZZA DEGLI EUGANEI;all'intersezione con;VIA DELLE ISOLE CURZOLANE;VIA DELLE ISOLE CURZOLANE;;;Scontro frontale/laterale DX fra veicoli in marcia;Intersezione stradale segnalata;Una carreggiata a senso unico di marcia;Asciutto;Asfaltata;Verticale ed orizzontale;Sereno;Normale;Buona;;1;0;0;3;12.5324;41.9487;-1;1;Autovettura privata;In marcia / fermata / arresto;Conducente;M;Illeso;0;;Non accertato;
5137337;4;03/11/2020 16:15:00;Strada Urbana;PIAZZA DEGLI EUGANEI;all'intersezione con;VIA DELLE ISOLE CURZOLANE;VIA DELLE ISOLE CURZOLANE;;;Scontro frontale/laterale DX fra veicoli in marcia;Intersezione stradale segnalata;Una carreggiata a senso unico di marcia;Asciutto;Asfaltata;Verticale ed orizzontale;Sereno;Normale;Buona;;1;0;0;3;12.5324;41.9487;-1;1;Autovettura privata;In marcia / fermata / arresto;Passeggero;F;Illeso;0;;Non accertato;
5137337;4;03/11/2020 16:15:00;Strada Urbana;PIAZZA DEGLI EUGANEI;all'intersezione con;VIA DELLE ISOLE CURZOLANE;VIA DELLE ISOLE CURZOLANE;;;Scontro frontale/laterale DX fra veicoli in marcia;Intersezione stradale segnalata;Una carreggiata a senso unico di marcia;Asciutto;Asfaltata;Verticale ed orizzontale;Sereno;Normale;Buona;;1;0;0;3;12.5324;41.9487;-1;1;Autovettura privata;In marcia / fermata / arresto;Passeggero;M;Illeso;0;;Non accertato;
5137337;4;03/11/2020 16:15:00;Strada Urbana;PIAZZA DEGLI EUGANEI;all'intersezione con;VIA DELLE ISOLE CURZOLANE;VIA DELLE ISOLE CURZOLANE;;;Scontro frontale/laterale DX fra veicoli in marcia;Intersezione stradale segnalata;Una carreggiata a senso unico di marcia;Asciutto;Asfaltata;Verticale ed orizzontale;Sereno;Normale;Buona;;1;0;0;3;12.5324;41.9487;-1;2;Motociclo a solo;In marcia / fermata / arresto;Conducente;M;Rimandato;0;NON DECEDUTO;Non accertato;
5137481;18;04/11/2020 07:40:00;Strada Urbana;CIRCONVALLAZIONE AURELIA;da specificare;;;;IN PROX FRONTE VIA G. PALOMBINI;Tamponamento;Rettilineo;Due carreggiate;Asciutto;Asfaltata;Verticale ed orizzontale;Nuvoloso;Normale;Buona;;1;0;0;1;12.4283;41.897;-1;1;Autovettura privata;In marcia / fermata / arresto;Conducente;F;Rimandato;0;NON DECEDUTO;;
5137481;18;04/11/2020 07:40:00;Strada Urbana;CIRCONVALLAZIONE AURELIA;da specificare;;;;IN PROX FRONTE VIA G. PALOMBINI;Tamponamento;Rettilineo;Due carreggiate;Asciutto;Asfaltata;Verticale ed orizzontale;Nuvoloso;Normale;Buona;;1;0;0;1;12.4283;41.897;-1;2;Autovettura privata;In marcia / fermata / arresto;Conducente;M;Illeso;0;;;
5137491;18;03/11/2020 18:30:00;Strada Urbana;PIAZZA PIO XI;da specificare;;;;FRONTE CIV. 93;Scontro laterale fra veicoli in marcia;Rettilineo;Pi� di due carreggiate;Asciutto;Asfaltata;Verticale ed orizzontale;Sereno;Normale;Buona;;0;0;0;4;12.4386;41.895;-1;1;Autovettura privata;In marcia / fermata / arresto;Conducente;M;Illeso;0;;;
5137491;18;03/11/2020 18:30:00;Strada Urbana;PIAZZA PIO XI;da specificare;;;;FRONTE CIV. 93;Scontro laterale fra veicoli in marcia;Rettilineo;Pi� di due carreggiate;Asciutto;Asfaltata;Verticale ed orizzontale;Sereno;Normale;Buona;;0;0;0;4;12.4386;41.895;-1;1;Autovettura privata;In marcia / fermata / arresto;Passeggero;F;Illeso;0;;;
5137491;18;03/11/2020 18:30:00;Strada Urbana;PIAZZA PIO XI;da specificare;;;;FRONTE CIV. 93;Scontro laterale fra veicoli in marcia;Rettilineo;Pi� di due carreggiate;Asciutto;Asfaltata;Verticale ed orizzontale;Sereno;Normale;Buona;;0;0;0;4;12.4386;41.895;-1;2;Autovettura privata;In marcia / fermata / arresto;Conducente;M;Illeso;0;;;
5137491;18;03/11/2020 18:30:00;Strada Urbana;PIAZZA PIO XI;da specificare;;;;FRONTE CIV. 93;Scontro laterale fra veicoli in marcia;Rettilineo;Pi� di due carreggiate;Asciutto;Asfaltata;Verticale ed orizzontale;Sereno;Normale;Buona;;0;0;0;4;12.4386;41.895;-1;2;Autovettura privata;In marcia / fermata / arresto;Passeggero;M;Illeso;0;;;
5137501;18;03/11/2020 18:50:00;Strada Urbana;VIA GREGORIO VII;in prossimit�;;del civico n.;549;;Tamponamento;Rettilineo;Pi� di due carreggiate;Asciutto;Asfaltata;Verticale ed orizzontale;Sereno;Normale;Buona;;2;0;0;1;12.4335;41.8935;-1;1;Autovettura privata;In marcia / fermata / arresto;Conducente;M;Rifiuta cure immediate;0;NON DECEDUTO;Non accertato;Esploso
5137501;18;03/11/2020 18:50:00;Strada Urbana;VIA GREGORIO VII;in prossimit�;;del civico n.;549;;Tamponamento;Rettilineo;Pi� di due carreggiate;Asciutto;Asfaltata;Verticale ed orizzontale;Sereno;Normale;Buona;;2;0;0;1;12.4335;41.8935;-1;2;Autovettura privata;In marcia / fermata / arresto;Conducente;F;Rifiuta cure immediate;0;NON DECEDUTO;Non accertato;Inesploso
5137501;18;03/11/2020 18:50:00;Strada Urbana;VIA GREGORIO VII;in prossimit�;;del civico n.;549;;Tamponamento;Rettilineo;Pi� di due carreggiate;Asciutto;Asfaltata;Verticale ed orizzontale;Sereno;Normale;Buona;;2;0;0;1;12.4335;41.8935;-1;2;Autovettura privata;In marcia / fermata / arresto;Passeggero;F;Illeso;0;;Non accertato;Inesploso
5137510;18;03/11/2020 19:00:00;Strada Urbana;VIA BALDO DEGLI UBALDI;in corrispondenza;;del civico n.;71;;Investimento di pedone;Rettilineo;Due carreggiate;Asciutto;Asfaltata;Verticale ed orizzontale;Sereno;Normale;Buona;;1;0;0;1;12.4326;41.8991;0;;;;Pedone;M;Rimandato;0;NON DECEDUTO;;
5137510;18;03/11/2020 19:00:00;Strada Urbana;VIA BALDO DEGLI UBALDI;in corrispondenza;;del civico n.;71;;Investimento di pedone;Rettilineo;Due carreggiate;Asciutto;Asfaltata;Verticale ed orizzontale;Sereno;Normale;Buona;;1;0;0;1;12.4326;41.8991;0;1;Autovettura privata;In marcia / fermata / arresto;Conducente;F;Illeso;0;;;
5137566;9;04/11/2020 12:20:00;Strada Urbana;VIA ROCCAGORGA;da specificare;;;;fronte civico 23;Veicolo in marcia contro veicoli in sosta;Rettilineo;Una carreggiata a senso unico di marcia;Asciutto;Asfaltata;Assente;Sereno;Scarso;Buona;;0;0;0;1;12.5321;41.8657;-1;1;Autocarro inferiore 35 q.;In marcia / fermata / arresto;Conducente;M;Illeso;0;;;
5137566;9;04/11/2020 12:20:00;Strada Urbana;VIA ROCCAGORGA;da specificare;;;;fronte civico 23;Veicolo in marcia contro veicoli in sosta;Rettilineo;Una carreggiata a senso unico di marcia;Asciutto;Asfaltata;Assente;Sereno;Scarso;Buona;;0;0;0;1;12.5321;41.8657;-1;2;Autovettura privata;Sosta;;;;;;;
5137566;9;04/11/2020 12:20:00;Strada Urbana;VIA ROCCAGORGA;da specificare;;;;fronte civico 23;Veicolo in marcia contro veicoli in sosta;Rettilineo;Una carreggiata a senso unico di marcia;Asciutto;Asfaltata;Assente;Sereno;Scarso;Buona;;0;0;0;1;12.5321;41.8657;-1;3;Autovettura privata;Sosta;;;;;;;
5137566;9;04/11/2020 12:20:00;Strada Urbana;VIA ROCCAGORGA;da specificare;;;;fronte civico 23;Veicolo in marcia contro veicoli in sosta;Rettilineo;Una carreggiata a senso unico di marcia;Asciutto;Asfaltata;Assente;Sereno;Scarso;Buona;;0;0;0;1;12.5321;41.8657;-1;4;Autovettura privata;Sosta;;;;;;;
5137635;9;04/11/2020 09:40:00;Strada Urbana;VIA LA SPEZIA;da specificare;;;;fronte civico 61;Scontro frontale/laterale DX fra veicoli in marcia;Rettilineo;Una carreggiata a doppio senso;Asciutto;Asfaltata;Verticale ed orizzontale;Sereno;Intenso;Buona;;2;0;0;2;12.5153;41.8863;-1;1;Autovettura di polizia;In marcia / fermata / arresto;Conducente;M;Illeso;0;;Non accertato;Inesploso
5137635;9;04/11/2020 09:40:00;Strada Urbana;VIA LA SPEZIA;da specificare;;;;fronte civico 61;Scontro frontale/laterale DX fra veicoli in marcia;Rettilineo;Una carreggiata a doppio senso;Asciutto;Asfaltata;Verticale ed orizzontale;Sereno;Intenso;Buona;;2;0;0;2;12.5153;41.8863;-1;1;Autovettura di polizia;In marcia / fermata / arresto;Passeggero;M;Illeso;0;;Non accertato;Inesploso
5137635;9;04/11/2020 09:40:00;Strada Urbana;VIA LA SPEZIA;da specificare;;;;fronte civico 61;Scontro frontale/laterale DX fra veicoli in marcia;Rettilineo;Una carreggiata a doppio senso;Asciutto;Asfaltata;Verticale ed orizzontale;Sereno;Intenso;Buona;;2;0;0;2;12.5153;41.8863;-1;2;Motociclo con passeggero;In marcia / fermata / arresto;Conducente;M;Rimandato;0;NON DECEDUTO;Non accertato;