Protocollo;Gruppo;DataOraIncidente;Localizzazione1;STRADA1;Localizzazione2;STRADA2;Strada02;Chilometrica;DaSpecificare;NaturaIncidente;particolaritastrade;TipoStrada;FondoStradale;Pavimentazione;Segnaletica;CondizioneAtmosferica;Traffico;Visibilita;Illuminazione;NUM_FERITI;NUM_RISERVATA;NUM_MORTI;NUM_ILLESI;Longitudine;Latitudine;Confermato;Progressivo;TipoVeicolo;StatoVeicolo;TipoPersona;Sesso;Tipolesione;Deceduto;DecedutoDopo;CinturaCascoUtilizzato;Airbag;
5144411;4;07/11/2020 21:20:00;Comunale extraurbana;VIA NOMENTANA;all'intersezione con;VIA ANTONIO FOGAZZARO;VIA ANTONIO FOGAZZARO;;;Scontro frontale/laterale SX fra veicoli in marcia;Intersezione non regolata/non segnalata;Una carreggiata a doppio senso;Asciutto;Asfaltata;Verticale ed orizzontale;Sereno;Scarso;Buona;;0;0;0;2;12.5498;41.9398;-1;2;Motociclo a solo;In marcia / fermata / arresto;Conducente;M;Illeso;0;;Non accertato;
5144420;4;08/11/2020 17:30:00;Strada Urbana;PIAZZA PIER CARLO TALENTI;in prossimit�;;del civico n.;10;;Tamponamento;Rettilineo;Due carreggiate;Asciutto;Asfaltata;Verticale ed orizzontale;Sereno;Normale;Sufficiente;;0;0;0;5;12.5476;41.9442;-1;1;Autovettura privata;In marcia / fermata / arresto;Conducente;M;Illeso;0;;Non accertato;Inesploso
5144420;4;08/11/2020 17:30:00;Strada Urbana;PIAZZA PIER CARLO TALENTI;in prossimit�;;del civico n.;10;;Tamponamento;Rettilineo;Due carreggiate;Asciutto;Asfaltata;Verticale ed orizzontale;Sereno;Normale;Sufficiente;;0;0;0;5;12.5476;41.9442;-1;1;Autovettura privata;In marcia / fermata / arresto;Passeggero;M;Illeso;0;;Non accertato;Inesploso
5144420;4;08/11/2020 17:30:00;Strada Urbana;PIAZZA PIER CARLO TALENTI;in prossimit�;;del civico n.;10;;Tamponamento;Rettilineo;Due carreggiate;Asciutto;Asfaltata;Verticale ed orizzontale;Sereno;Normale;Sufficiente;;0;0;0;5;12.5476;41.9442;-1;1;Autovettura privata;In marcia / fermata / arresto;Passeggero;M;Illeso;0;;Non accertato;Inesploso
5144420;4;08/11/2020 17:30:00;Strada Urbana;PIAZZA PIER CARLO TALENTI;in prossimit�;;del civico n.;10;;Tamponamento;Rettilineo;Due carreggiate;Asciutto;Asfaltata;Verticale ed orizzontale;Sereno;Normale;Sufficiente;;0;0;0;5;12.5476;41.9442;-1;2;Autovettura privata;In marcia / fermata / arresto;Conducente;M;Illeso;0;;Non accertato;Inesploso
5144420;4;08/11/2020 17:30:00;Strada Urbana;PIAZZA PIER CARLO TALENTI;in prossimit�;;del civico n.;10;;Tamponamento;Rettilineo;Due carreggiate;Asciutto;Asfaltata;Verticale ed orizzontale;Sereno;Normale;Sufficiente;;0;0;0;5;12.5476;41.9442;-1;2;Autovettura privata;In marcia / fermata / arresto;Passeggero;F;Illeso;0;;Non accertato;Inesploso
5144467;4;08/11/2020 12:50:00;Provinciale;VIA NOMENTANA;in corrispondenza;;del civico n.;1363;;Scontro frontale/laterale SX fra veicoli in marcia;Rettilineo;Una carreggiata a doppio senso;Asciutto;Asfaltata;Verticale ed orizzontale;Sereno;Normale;Buona;;1;0;0;3;12.6005;41.9673;-1;1;Autovettura privata;In marcia / fermata / arresto;Conducente;M;Illeso;0;;Non accertato;Inesploso
5144467;4;08/11/2020 12:50:00;Provinciale;VIA NOMENTANA;in corrispondenza;;del civico n.;1363;;Scontro frontale/laterale SX fra veicoli in marcia;Rettilineo;Una carreggiata a doppio senso;Asciutto;Asfaltata;Verticale ed orizzontale;Sereno;Normale;Buona;;1;0;0;3;12.6005;41.9673;-1;1;Autovettura privata;In marcia / fermata / arresto;Passeggero;M;Illeso;0;;Non accertato;Inesploso
5144467;4;08/11/2020 12:50:00;Provinciale;VIA NOMENTANA;in corrispondenza;;del civico n.;1363;;Scontro frontale/laterale SX fra veicoli in marcia;Rettilineo;Una carreggiata a doppio senso;Asciutto;Asfaltata;Verticale ed orizzontale;Sereno;Normale;Buona;;1;0;0;3;12.6005;41.9673;-1;2;Autovettura privata;In marcia / fermata / arresto;Conducente;M;Ricoverato;0;NON DECEDUTO;;Inesploso
5144485;6;09/11/2020 09:45:00;Strada Urbana;VIALE DELLA PRIMAVERA;in prossimit�;;del civico n.;211;;Veicolo in marcia contro veicolo in sosta;Rettilineo;Due carreggiate;Asciutto;Asfaltata;Orizzontale;Sereno;Scarso;Buona;;0;0;0;1;12.5607;41.8819;-1;1;Autovettura privata;In marcia / fermata / arresto;Conducente;M;Illeso;0;;Non accertato;Inesploso
5144485;6;09/11/2020 09:45:00;Strada Urbana;VIALE DELLA PRIMAVERA;in prossimit�;;del civico n.;211;;Veicolo in marcia contro veicolo in sosta;Rettilineo;Due carreggiate;Asciutto;Asfaltata;Orizzontale;Sereno;Scarso;Buona;;0;0;0;1;12.5607;41.8819;-1;2;Autovettura privata;Sosta;;;;;;;
5144488;5;08/11/2020 18:10:00;Strada Urbana;VIA DELLA TENUTA DEL CAVALIERE;all'intersezione con;VIA OSTERIA DELLE CAPANNACCE;VIA OSTERIA DELLE CAPANNACCE;;;Scontro frontale/laterale DX fra veicoli in marcia;Incrocio;Una carreggiata a doppio senso;Asciutto;Asfaltata;Verticale ed orizzontale;Sereno;Normale;Insufficiente;;3;0;0;4;12.6605;41.932;-1;1;Autovettura privata;In marcia / fermata / arresto;Conducente;M;Illeso;0;;Non accertato;
5144488;5;08/11/2020 18:10:00;Strada Urbana;VIA DELLA TENUTA DEL CAVALIERE;all'intersezione con;VIA OSTERIA DELLE CAPANNACCE;VIA OSTERIA DELLE CAPANNACCE;;;Scontro frontale/laterale DX fra veicoli in marcia;Incrocio;Una carreggiata a doppio senso;Asciutto;Asfaltata;Verticale ed orizzontale;Sereno;Normale;Insufficiente;;3;0;0;4;12.6605;41.932;-1;1;Autovettura privata;In marcia / fermata / arresto;Passeggero;F;Rimandato;0;NON DECEDUTO;Non accertato;Esploso
5144488;5;08/11/2020 18:10:00;Strada Urbana;VIA DELLA TENUTA DEL CAVALIERE;all'intersezione con;VIA OSTERIA DELLE CAPANNACCE;VIA OSTERIA DELLE CAPANNACCE;;;Scontro frontale/laterale DX fra veicoli in marcia;Incrocio;Una carreggiata a doppio senso;Asciutto;Asfaltata;Verticale ed orizzontale;Sereno;Normale;Insufficiente;;3;0;0;4;12.6605;41.932;-1;1;Autovettura privata;In marcia / fermata / arresto;Passeggero;F;Rimandato;0;NON DECEDUTO;Non accertato;
5144488;5;08/11/2020 18:10:00;Strada Urbana;VIA DELLA TENUTA DEL CAVALIERE;all'intersezione con;VIA OSTERIA DELLE CAPANNACCE;VIA OSTERIA DELLE CAPANNACCE;;;Scontro frontale/laterale DX fra veicoli in marcia;Incrocio;Una carreggiata a doppio senso;Asciutto;Asfaltata;Verticale ed orizzontale;Sereno;Normale;Insufficiente;;3;0;0;4;12.6605;41.932;-1;1;Autovettura privata;In marcia / fermata / arresto;Passeggero;M;Rimandato;0;NON DECEDUTO;Non accertato;
5144488;5;08/11/2020 18:10:00;Strada Urbana;VIA DELLA TENUTA DEL CAVALIERE;all'intersezione con;VIA OSTERIA DELLE CAPANNACCE;VIA OSTERIA DELLE CAPANNACCE;;;Scontro frontale/laterale DX fra veicoli in marcia;Incrocio;Una carreggiata a doppio senso;Asciutto;Asfaltata;Verticale ed orizzontale;Sereno;Normale;Insufficiente;;3;0;0;4;12.6605;41.932;-1;2;Autovettura privata;In marcia / fermata / arresto;Conducente;M;Illeso;0;;Non accertato;
5144488;5;08/11/2020 18:10:00;Strada Urbana;VIA DELLA TENUTA DEL CAVALIERE;all'intersezione con;VIA OSTERIA DELLE CAPANNACCE;VIA OSTERIA DELLE CAPANNACCE;;;Scontro frontale/laterale DX fra veicoli in marcia;Incrocio;Una carreggiata a doppio senso;Asciutto;Asfaltata;Verticale ed orizzontale;Sereno;Normale;Insufficiente;;3;0;0;4;12.6605;41.932;-1;2;Autovettura privata;In marcia / fermata / arresto;Passeggero;F;Illeso;0;;Non accertato;
5144488;5;08/11/2020 18:10:00;Strada Urbana;VIA DELLA TENUTA DEL CAVALIERE;all'intersezione con;VIA OSTERIA DELLE CAPANNACCE;VIA OSTERIA DELLE CAPANNACCE;;;Scontro frontale/laterale DX fra veicoli in marcia;Incrocio;Una carreggiata a doppio senso;Asciutto;Asfaltata;Verticale ed orizzontale;Sereno;Normale;Insufficiente;;3;0;0;4;12.6605;41.932;-1;2;Autovettura privata;In marcia / fermata / arresto;Passeggero;F;Illeso;0;;Non accertato;Esploso
5144491;5;08/11/2020 09:50:00;Strada Urbana;VIA CASTROPIGNANO;all'intersezione con;VIA CERCEPICCOLA;VIA CERCEPICCOLA;;;Scontro frontale/laterale SX fra veicoli in marcia;Incrocio;Una carreggiata a senso unico di marcia;Asciutto;Asfaltata;Verticale ed orizzontale;Sereno;Normale;Buona;;1;0;0;1;12.6454;41.9331;-1;1;Autovettura privata;In marcia / fermata / arresto;Conducente;F;Rimandato;0;NON DECEDUTO;Non accertato;Esploso
5144491;5;08/11/2020 09:50:00;Strada Urbana;VIA CASTROPIGNANO;all'intersezione con;VIA CERCEPICCOLA;VIA CERCEPICCOLA;;;Scontro frontale/laterale SX fra veicoli in marcia;Incrocio;Una carreggiata a senso unico di marcia;Asciutto;Asfaltata;Verticale ed orizzontale;Sereno;Normale;Buona;;1;0;0;1;12.6454;41.9331;-1;2;Autovettura privata;In marcia / fermata / arresto;Conducente;M;Illeso;0;;Non accertato;Esploso
5144585;5;08/11/2020 11:20:00;Strada Urbana;VIA BELMONTE IN SABINA;da specificare;;;;dir. Palombarese altezza inversione di marcia ;Scontro laterale fra veicoli in marcia;Rettilineo;Una carreggiata a senso unico di marcia;Asciutto;Asfaltata;Orizzontale;Sereno;Normale;Buona;;0;0;0;2;12.5937;41.9465;-1;1;Autovettura privata;In marcia / fermata / arresto;Conducente;F;Illeso;0;;;
5144585;5;08/11/2020 11:20:00;Strada Urbana;VIA BELMONTE IN SABINA;da specificare;;;;dir. Palombarese altezza inversione di marcia ;Scontro laterale fra veicoli in marcia;Rettilineo;Una carreggiata a senso unico di marcia;Asciutto;Asfaltata;Orizzontale;Sereno;Normale;Buona;;0;0;0;2;12.5937;41.9465;-1;2;Autovettura privata;In marcia / fermata / arresto;Conducente;M;Illeso;0;;;
5144601;9;09/11/2020 12:50:00;Strada Urbana;VIA DELLE CAVE;in prossimit�;;del civico n.;60;;Investimento di pedone;Rettilineo;Una carreggiata a senso unico di marcia;Asciutto;Asfaltata;Verticale ed orizzontale;Sereno;Normale;Buona;;0;0;0;3;12.5298;41.8715;-1;;;;Pedone;M;Illeso;0;;;
5144601;9;09/11/2020 12:50:00;Strada Urbana;VIA DELLE CAVE;in prossimit�;;del civico n.;60;;Investimento di pedone;Rettilineo;Una carreggiata a senso unico di marcia;Asciutto;Asfaltata;Verticale ed orizzontale;Sereno;Normale;Buona;;0;0;0;3;12.5298;41.8715;-1;1;Autovettura privata;In marcia / fermata / arresto;Conducente;M;Illeso;0;;Non accertato;Inesploso
5144601;9;09/11/2020 12:50:00;Strada Urbana;VIA DELLE CAVE;in prossimit�;;del civico n.;60;;Investimento di pedone;Rettilineo;Una carreggiata a senso unico di marcia;Asciutto;Asfaltata;Verticale ed orizzontale;Sereno;Normale;Buona;;0;0;0;3;12.5298;41.8715;-1;1;Autovettura privata;In marcia / fermata / arresto;Passeggero;F;Illeso;0;;Non accertato;Inesploso
5144603;15;09/11/2020 08:40:00;Strada Urbana;VIA ODERISI DA GUBBIO;all'intersezione con;PIAZZA ANTONIO MEUCCI;PIAZZA ANTONIO MEUCCI;;;Tamponamento;Incrocio;Una carreggiata a doppio senso;Asciutto;Asfaltata;Verticale ed orizzontale;Sereno;Normale;Buona;;0;0;0;2;12.4653;41.8654;-1;1;Autovettura privata;In marcia / fermata / arresto;Conducente;M;Illeso;0;;;
5144603;15;09/11/2020 08:40:00;Strada Urbana;VIA ODERISI DA GUBBIO;all'intersezione con;PIAZZA ANTONIO MEUCCI;PIAZZA ANTONIO MEUCCI;;;Tamponamento;Incrocio;Una carreggiata a doppio senso;Asciutto;Asfaltata;Verticale ed orizzontale;Sereno;Normale;Buona;;0;0;0;2;12.4653;41.8654;-1;2;Autocarro inferiore 35 q.;In marcia / fermata / arresto;Conducente;M;Illeso;0;;Utilizzato;Inesploso
5144607;1;09/11/2020 09:35:00;Strada Urbana;VICOLO DEI MODELLI;in prossimit�;;del civico n.;79;;Veicolo in marcia contro veicolo in sosta;Rettilineo;Una carreggiata a senso unico di marcia;Asciutto;In cubetti di porfido;Verticale;Sereno;Scarso;Buona;;0;0;0;1;12.4843;41.9006;-1;1;Autovettura privata;In marcia / fermata / arresto;Conducente;M;Illeso;0;;Non accertato;Inesploso
5144607;1;09/11/2020 09:35:00;Strada Urbana;VICOLO DEI MODELLI;in prossimit�;;del civico n.;79;;Veicolo in marcia contro veicolo in sosta;Rettilineo;Una carreggiata a senso unico di marcia;Asciutto;In cubetti di porfido;Verticale;Sereno;Scarso;Buona;;0;0;0;1;12.4843;41.9006;-1;2;Autovettura privata;Sosta;;;;;;;
5144667;1;09/11/2020 09:50:00;Strada Urbana;VIA DEL CIRCO MASSIMO;all'intersezione con;PIAZZALE UGO LA MALFA;PIAZZALE UGO LA MALFA;;;Scontro laterale fra veicoli in marcia;Incrocio;Una carreggiata a doppio senso;Asciutto;Asfaltata;Verticale ed orizzontale;Sereno;Scarso;Buona;;1;0;0;1;12.485;41.8853;-1;1;Autovettura privata;In marcia / fermata / arresto;Conducente;M;Illeso;0;;Non accertato;Inesploso
5144667;1;09/11/2020 09:50:00;Strada Urbana;VIA DEL CIRCO MASSIMO;all'intersezione con;PIAZZALE UGO LA MALFA;PIAZZALE UGO LA MALFA;;;Scontro laterale fra veicoli in marcia;Incrocio;Una carreggiata a doppio senso;Asciutto;Asfaltata;Verticale ed orizzontale;Sereno;Scarso;Buona;;1;0;0;1;12.485;41.8853;-1;2;Motociclo a solo;In marcia / fermata / arresto;Conducente;M;Rimandato;0;NON DECEDUTO;Non accertato;
5144822;1;09/11/2020 11:50:00;Strada Urbana;VIALE PRETORIANO;all'intersezione con;VIA DEI FRENTANI;VIA DEI FRENTANI;;;Scontro frontale/laterale DX fra veicoli in marcia;Incrocio;Una carreggiata a doppio senso;Asciutto;Asfaltata;Verticale ed orizzontale;Sereno;Normale;Buona;;1;0;0;1;12.5082;41.9005;-1;1;Autovettura privata;In marcia / fermata / arresto;Conducente;F;Illeso;0;;Non accertato;Inesploso
5144822;1;09/11/2020 11:50:00;Strada Urbana;VIALE PRETORIANO;all'intersezione con;VIA DEI FRENTANI;VIA DEI FRENTANI;;;Scontro frontale/laterale DX fra veicoli in marcia;Incrocio;Una carreggiata a doppio senso;Asciutto;Asfaltata;Verticale ed orizzontale;Sereno;Normale;Buona;;1;0;0;1;12.5082;41.9005;-1;2;Motociclo a solo;In marcia / fermata / arresto;Conducente;M;Rimandato;0;NON DECEDUTO;Non accertato;
5145017;6;09/11/2020 15:45:00;Strada Urbana;VIA PRENESTINA;all'intersezione con;CIRCONVALLAZIONE CASILINA;CIRCONVALLAZIONE CASILINA;;;Scontro laterale fra veicoli in marcia;Incrocio;Pi� di due carreggiate;Asciutto;Asfaltata;Verticale ed orizzontale;Sereno;Normale;Buona;;0;0;0;2;12.5281;41.8912;-1;1;Autovettura privata;In marcia / fermata / arresto;Conducente;F;Illeso;0;;Non accertato;Inesploso
5145017;6;09/11/2020 15:45:00;Strada Urbana;VIA PRENESTINA;all'intersezione con;CIRCONVALLAZIONE CASILINA;CIRCONVALLAZIONE CASILINA;;;Scontro laterale fra veicoli in marcia;Incrocio;Pi� di due carreggiate;Asciutto;Asfaltata;Verticale ed orizzontale;Sereno;Normale;Buona;;0;0;0;2;12.5281;41.8912;-1;2;Autovettura privata;In marcia / fermata / arresto;Conducente;F;Illeso;0;;Non accertato;Inesploso
5145039;1;06/11/2020 09:30:00;Strada Urbana;VIA VOLTURNO;all'intersezione semaforizzata con;VIA SOLFERINO;VIA SOLFERINO;;;Scontro frontale/laterale DX fra veicoli in marcia;Intersezione semaforizzata;Pi� di due carreggiate;Asciutto;Asfaltata;Verticale ed orizzontale;Sereno;Normale;Buona;;1;0;0;1;12.5009;41.9035;-1;1;Autovettura privata;In marcia / fermata / arresto;Conducente;M;Illeso;0;;Non accertato;Inesploso
5145039;1;06/11/2020 09:30:00;Strada Urbana;VIA VOLTURNO;all'intersezione semaforizzata con;VIA SOLFERINO;VIA SOLFERINO;;;Scontro frontale/laterale DX fra veicoli in marcia;Intersezione semaforizzata;Pi� di due carreggiate;Asciutto;Asfaltata;Verticale ed orizzontale;Sereno;Normale;Buona;;1;0;0;1;12.5009;41.9035;-1;2;Motociclo a solo;In marcia / fermata / arresto;Conducente;M;Rimandato;0;NON DECEDUTO;Non accertato;
5145080;1;09/11/2020 14:50:00;Strada Urbana;VIA CRISTOFORO COLOMBO;in corrispondenza;;del palo luce n.;23;;Scontro laterale fra veicoli in marcia;Rettilineo;Pi� di due carreggiate;Asciutto;Asfaltata;Verticale;Sereno;Normale;Buona;;0;0;0;4;12.4963;41.872;-1;1;Autovettura privata;In marcia / fermata / arresto;Conducente;F;Illeso;0;;Non accertato;Inesploso
5145080;1;09/11/2020 14:50:00;Strada Urbana;VIA CRISTOFORO COLOMBO;in corrispondenza;;del palo luce n.;23;;Scontro laterale fra veicoli in marcia;Rettilineo;Pi� di due carreggiate;Asciutto;Asfaltata;Verticale;Sereno;Normale;Buona;;0;0;0;4;12.4963;41.872;-1;1;Autovettura privata;In marcia / fermata / arresto;Passeggero;M;Illeso;0;;Non accertato;Inesploso
5145080;1;09/11/2020 14:50:00;Strada Urbana;VIA CRISTOFORO COLOMBO;in corrispondenza;;del palo luce n.;23;;Scontro laterale fra veicoli in marcia;Rettilineo;Pi� di due carreggiate;Asciutto;Asfaltata;Verticale;Sereno;Normale;Buona;;0;0;0;4;12.4963;41.872;-1;1;Autovettura privata;In marcia / fermata / arresto;Passeggero;F;Illeso;0;;Non accertato;Inesploso
5145080;1;09/11/2020 14:50:00;Strada Urbana;VIA CRISTOFORO COLOMBO;in corrispondenza;;del palo luce n.;23;;Scontro laterale fra veicoli in marcia;Rettilineo;Pi� di due carreggiate;Asciutto;Asfaltata;Verticale;Sereno;Normale;Buona;;0;0;0;4;12.4963;41.872;-1;2;Autocarro superiore 35 q.;In marcia / fermata / arresto;Conducente;M;Illeso;0;;Non accertato;Inesploso
5145108;12;09/11/2020 12:25:00;Regionale;VIA PONTINA;in corrispondenza;;della chilometrica;23.1;;Tamponamento;Rettilineo;Due carreggiate;Asciutto;Asfaltata;Verticale ed orizzontale;Sereno;Intenso;Buona;;0;0;0;3;12.4522;41.7941;-1;1;Autocarro superiore 35 q.;In marcia / fermata / arresto;Conducente;M;Illeso;0;;;
5145108;12;09/11/2020 12:25:00;Regionale;VIA PONTINA;in corrispondenza;;della chilometrica;23.1;;Tamponamento;Rettilineo;Due carreggiate;Asciutto;Asfaltata;Verticale ed orizzontale;Sereno;Intenso;Buona;;0;0;0;3;12.4522;41.7941;-1;2;Autovettura privata;In marcia / fermata / arresto;Conducente;M;Illeso;0;;;
5145108;12;09/11/2020 12:25:00;Regionale;VIA PONTINA;in corrispondenza;;della chilometrica;23.1;;Tamponamento;Rettilineo;Due carreggiate;Asciutto;Asfaltata;Verticale ed orizzontale;Sereno;Intenso;Buona;;0;0;0;3;12.4522;41.7941;-1;2;Autovettura privata;In marcia / fermata / arresto;Passeggero;F;Illeso;0;;;
5145142;1;09/11/2020 17:30:00;Strada Urbana;VIA ANICIA;in corrispondenza;;del civico n.;23;;Veicolo in marcia contro ostacolo fisso;Rettilineo;Una carreggiata a doppio senso;Asciutto;In cubetti di porfido;Verticale ed orizzontale;Sereno;Scarso;Buona;;0;0;0;1;12.4743;41.8862;0;1;Motociclo a solo;In marcia / fermata / arresto;Conducente;;Illeso;0;;;
5145173;15;09/11/2020 12:45:00;Strada Urbana;VIALE GUGLIELMO MARCONI;da specificare;;;;fronte civ. 190;Scontro frontale/laterale SX fra veicoli in marcia;Rettilineo;Due carreggiate;Asciutto;Asfaltata;Verticale ed orizzontale;Sereno;Normale;Buona;;0;0;0;2;12.4713;41.8573;-1;1;Autocarro inferiore 35 q.;In marcia / fermata / arresto;Conducente;M;Illeso;0;;Non accertato;Inesploso
5145173;15;09/11/2020 12:45:00;Strada Urbana;VIALE GUGLIELMO MARCONI;da specificare;;;;fronte civ. 190;Scontro frontale/laterale SX fra veicoli in marcia;Rettilineo;Due carreggiate;Asciutto;Asfaltata;Verticale ed orizzontale;Sereno;Normale;Buona;;0;0;0;2;12.4713;41.8573;-1;2;Motociclo a solo;In marcia / fermata / arresto;Conducente;M;Illeso;0;;Non accertato;
5145398;11;09/11/2020 12:35:00;Strada Urbana;VIA SIMONE MARTINI;in corrispondenza;;del civico n.;18;;Veicolo in marcia contro veicolo in sosta;Rettilineo;Una carreggiata a doppio senso;Asciutto;Asfaltata;Verticale ed orizzontale;Sereno;Normale;Buona;;0;0;0;1;12.4881;41.8299;-1;1;Autovettura privata;Sosta;;;;;;;
5145398;11;09/11/2020 12:35:00;Strada Urbana;VIA SIMONE MARTINI;in corrispondenza;;del civico n.;18;;Veicolo in marcia contro veicolo in sosta;Rettilineo;Una carreggiata a doppio senso;Asciutto;Asfaltata;Verticale ed orizzontale;Sereno;Normale;Buona;;0;0;0;1;12.4881;41.8299;-1;2;Autobus di linea;In marcia / fermata / arresto;Conducente;M;Illeso;0;;;
5145405;11;09/11/2020 16:15:00;Strada Urbana;VIALE FERDINANDO BALDELLI;da specificare;;;;prossimit� VIA OSTIENSE;Scontro laterale fra veicoli in marcia;Rettilineo;Due carreggiate;Asciutto;Asfaltata;Verticale ed orizzontale;Sereno;Normale;Buona;;1;0;0;0;12.4773;41.857;-1;1;Autovettura privata;In marcia / fermata / arresto;Conducente;M;Rifiuta cure immediate;0;NON DECEDUTO;;
5145405;11;09/11/2020 16:15:00;Strada Urbana;VIALE FERDINANDO BALDELLI;da specificare;;;;prossimit� VIA OSTIENSE;Scontro laterale fra veicoli in marcia;Rettilineo;Due carreggiate;Asciutto;Asfaltata;Verticale ed orizzontale;Sereno;Normale;Buona;;1;0;0;0;12.4773;41.857;-1;2;Autovettura privata;In marcia / fermata / arresto;;;;;;;
5145408;9;09/11/2020 15:25:00;Strada Urbana;VIA AOSTA;in prossimit�;;del civico n.;35;;Scontro frontale/laterale DX fra veicoli in marcia;Rettilineo;Una carreggiata a doppio senso;Asciutto;Asfaltata;Verticale ed orizzontale;Sereno;Intenso;Buona;;0;0;0;4;12.5144;41.8834;-1;1;Autovettura privata;In marcia / fermata / arresto;Conducente;M;Illeso;0;;Non accertato;Inesploso
5145408;9;09/11/2020 15:25:00;Strada Urbana;VIA AOSTA;in prossimit�;;del civico n.;35;;Scontro frontale/laterale DX fra veicoli in marcia;Rettilineo;Una carreggiata a doppio senso;Asciutto;Asfaltata;Verticale ed orizzontale;Sereno;Intenso;Buona;;0;0;0;4;12.5144;41.8834;-1;2;Autovettura privata;In marcia / fermata / arresto;Conducente;M;Illeso;0;;Non accertato;Inesploso
5145408;9;09/11/2020 15:25:00;Strada Urbana;VIA AOSTA;in prossimit�;;del civico n.;35;;Scontro frontale/laterale DX fra veicoli in marcia;Rettilineo;Una carreggiata a doppio senso;Asciutto;Asfaltata;Verticale ed orizzontale;Sereno;Intenso;Buona;;0;0;0;4;12.5144;41.8834;-1;2;Autovettura privata;In marcia / fermata / arresto;Passeggero;M;Illeso;0;;Non accertato;Inesploso
5145408;9;09/11/2020 15:25:00;Strada Urbana;VIA AOSTA;in prossimit�;;del civico n.;35;;Scontro frontale/laterale DX fra veicoli in marcia;Rettilineo;Una carreggiata a doppio senso;Asciutto;Asfaltata;Verticale ed orizzontale;Sereno;Intenso;Buona;;0;0;0;4;12.5144;41.8834;-1;3;Autocarro inferiore 35 q.;In marcia / fermata / arresto;Conducente;M;Illeso;0;;Non accertato;Inesploso
5145409;10;09/11/2020 14:20:00;Strada Urbana;VIA CONTARDO FERRINI;all'intersezione con;VIA CARLO CALISSE;VIA CARLO CALISSE;;;Scontro frontale/laterale SX fra veicoli in marcia;Intersezione stradale segnalata;Una carreggiata a senso unico di marcia;Asciutto;Asfaltata;Verticale ed orizzontale;Sereno;Normale;Buona;;0;0;0;4;12.5734;41.8586;-1;1;Autovettura privata;In marcia / fermata / arresto;Conducente;M;Illeso;0;;;Inesploso
5145409;10;09/11/2020 14:20:00;Strada Urbana;VIA CONTARDO FERRINI;all'intersezione con;VIA CARLO CALISSE;VIA CARLO CALISSE;;;Scontro frontale/laterale SX fra veicoli in marcia;Intersezione stradale segnalata;Una carreggiata a senso unico di marcia;Asciutto;Asfaltata;Verticale ed orizzontale;Sereno;Normale;Buona;;0;0;0;4;12.5734;41.8586;-1;1;Autovettura privata;In marcia / fermata / arresto;Passeggero;M;Illeso;0;;;Inesploso
5145409;10;09/11/2020 14:20:00;Strada Urbana;VIA CONTARDO FERRINI;all'intersezione con;VIA CARLO CALISSE;VIA CARLO CALISSE;;;Scontro frontale/laterale SX fra veicoli in marcia;Intersezione stradale segnalata;Una carreggiata a senso unico di marcia;Asciutto;Asfaltata;Verticale ed orizzontale;Sereno;Normale;Buona;;0;0;0;4;12.5734;41.8586;-1;1;Autovettura privata;In marcia / fermata / arresto;Passeggero;F;Illeso;0;;;Inesploso
5145409;10;09/11/2020 14:20:00;Strada Urbana;VIA CONTARDO FERRINI;all'intersezione con;VIA CARLO CALISSE;VIA CARLO CALISSE;;;Scontro frontale/laterale SX fra veicoli in marcia;Intersezione stradale segnalata;Una carreggiata a senso unico di marcia;Asciutto;Asfaltata;Verticale ed orizzontale;Sereno;Normale;Buona;;0;0;0;4;12.5734;41.8586;-1;2;Monopattino elettrico;In marcia / fermata / arresto;Conducente;M;Illeso;0;;;Inesistente
5145412;8;09/11/2020 10:30:00;Strada Urbana;VIA PRENESTINA;in prossimit�;;del civico n.;1051;;Fuoriuscita dalla sede stradale;Rettilineo;Una carreggiata a doppio senso;Asciutto;Asfaltata;Verticale ed orizzontale;Sereno;Normale;Buona;;1;0;0;0;12.6203;41.8931;-1;1;Motociclo a solo;In marcia / fermata / arresto;Conducente;F;Rimandato;0;NON DECEDUTO;;
5145415;11;09/11/2020 22:45:00;Strada Urbana;VIA APPIA ANTICA;in prossimit�;;del civico n.;109;;Veicolo in marcia contro ostacolo accidentale;Rettilineo;Una carreggiata a doppio senso;Asciutto;In cubetti di porfido;Verticale ed orizzontale;Sereno;Scarso;Sufficiente;;0;0;0;1;12.5117;41.8601;-1;1;Autovettura pubblica;In marcia / fermata / arresto;Conducente;M;Illeso;0;;;
5145417;8;09/11/2020 11:30:00;Strada Urbana;VIA CASILINA;in prossimit�;;del civico n.;1665;;Tamponamento;Pendenza;Una carreggiata a doppio senso;Asciutto;Asfaltata;Verticale ed orizzontale;Sereno;Intenso;Buona;;1;0;0;1;12.6443;41.8627;-1;1;Autovettura privata;In marcia / fermata / arresto;Conducente;F;Rimandato;0;NON DECEDUTO;;
5145417;8;09/11/2020 11:30:00;Strada Urbana;VIA CASILINA;in prossimit�;;del civico n.;1665;;Tamponamento;Pendenza;Una carreggiata a doppio senso;Asciutto;Asfaltata;Verticale ed orizzontale;Sereno;Intenso;Buona;;1;0;0;1;12.6443;41.8627;-1;2;Autovettura privata;In marcia / fermata / arresto;Conducente;M;Illeso;0;;;