Protocollo;Gruppo;DataOraIncidente;Localizzazione1;STRADA1;Localizzazione2;STRADA2;Strada02;Chilometrica;DaSpecificare;NaturaIncidente;particolaritastrade;TipoStrada;FondoStradale;Pavimentazione;Segnaletica;CondizioneAtmosferica;Traffico;Visibilita;Illuminazione;NUM_FERITI;NUM_RISERVATA;NUM_MORTI;NUM_ILLESI;Longitudine;Latitudine;Confermato;Progressivo;TipoVeicolo;StatoVeicolo;TipoPersona;Sesso;Tipolesione;Deceduto;DecedutoDopo;CinturaCascoUtilizzato;Airbag;
5145561;4;09/11/2020 13:45:00;Strada Urbana;VIA MONTAPPONE;all'intersezione con;SALITA DI CASTEL GIUBILEO;SALITA DI CASTEL GIUBILEO;;;Scontro frontale/laterale SX fra veicoli in marcia;Incrocio;Una carreggiata a doppio senso;Asciutto;Asfaltata;Verticale ed orizzontale;Sereno;Scarso;Buona;;0;0;0;2;12.5091;41.9894;-1;1;Autovettura privata;In marcia / fermata / arresto;Conducente;F;Illeso;0;;Non accertato;Inesploso
5145561;4;09/11/2020 13:45:00;Strada Urbana;VIA MONTAPPONE;all'intersezione con;SALITA DI CASTEL GIUBILEO;SALITA DI CASTEL GIUBILEO;;;Scontro frontale/laterale SX fra veicoli in marcia;Incrocio;Una carreggiata a doppio senso;Asciutto;Asfaltata;Verticale ed orizzontale;Sereno;Scarso;Buona;;0;0;0;2;12.5091;41.9894;-1;2;Autovettura privata;In marcia / fermata / arresto;Conducente;M;Illeso;0;;Non accertato;Inesploso
5145563;20;09/11/2020 20:00:00;Comunale extraurbana;VIA DI BACCANELLO;in corrispondenza;;del civico n.;212;;Veicolo in marcia contro ostacolo fisso;Rettilineo;Una carreggiata a doppio senso;Asciutto;Asfaltata;Orizzontale;Sereno;Normale;Buona;;0;0;0;1;12.3477;42.0635;-1;1;Autovettura privata;In marcia / fermata / arresto;Conducente;M;Illeso;0;;Non accertato;Inesploso
5145564;7;09/11/2020 18:35:00;Strada Urbana;VIA DEI CASTANI;in corrispondenza;;del civico n.;302;;Investimento di pedone;Rettilineo;Una carreggiata a doppio senso;Asciutto;Asfaltata;Orizzontale;Sereno;Normale;Buona;;1;0;0;1;12.5652;41.8899;-1;;;;Pedone;F;Ricoverato;0;NON DECEDUTO;;
5145564;7;09/11/2020 18:35:00;Strada Urbana;VIA DEI CASTANI;in corrispondenza;;del civico n.;302;;Investimento di pedone;Rettilineo;Una carreggiata a doppio senso;Asciutto;Asfaltata;Orizzontale;Sereno;Normale;Buona;;1;0;0;1;12.5652;41.8899;-1;1;Autovettura privata;In marcia / fermata / arresto;Conducente;M;Illeso;0;;Non accertato;Inesploso
5145567;20;09/11/2020 14:20:00;Strada Urbana;LARGO MARESCIALLO DIAZ;in corrispondenza;;del civico n.;19;;Tamponamento;Rettilineo;Due carreggiate;Asciutto;Asfaltata;Orizzontale;Sereno;Normale;Buona;;0;0;0;3;12.4654;41.9366;-1;1;Autovettura privata;In marcia / fermata / arresto;Conducente;M;Illeso;0;;Non accertato;Inesploso
5145567;20;09/11/2020 14:20:00;Strada Urbana;LARGO MARESCIALLO DIAZ;in corrispondenza;;del civico n.;19;;Tamponamento;Rettilineo;Due carreggiate;Asciutto;Asfaltata;Orizzontale;Sereno;Normale;Buona;;0;0;0;3;12.4654;41.9366;-1;2;Autovettura privata;In marcia / fermata / arresto;Conducente;M;Illeso;0;;Non accertato;Inesploso
5145567;20;09/11/2020 14:20:00;Strada Urbana;LARGO MARESCIALLO DIAZ;in corrispondenza;;del civico n.;19;;Tamponamento;Rettilineo;Due carreggiate;Asciutto;Asfaltata;Orizzontale;Sereno;Normale;Buona;;0;0;0;3;12.4654;41.9366;-1;2;Autovettura privata;In marcia / fermata / arresto;Passeggero;F;Illeso;0;;Non accertato;Inesploso
5145580;20;09/11/2020 08:40:00;Strada Urbana;LUNGOTEVERE MARESCIALLO DIAZ;da specificare;;;;fronte Viale del Ministero Affari Esteri;Scontro laterale fra veicoli in marcia;Rettilineo;Una carreggiata a senso unico di marcia;Asciutto;Asfaltata;Verticale ed orizzontale;Sereno;Scarso;Buona;;1;0;0;2;12.4618;41.9341;-1;1;Autovettura privata;In marcia / fermata / arresto;Conducente;M;Illeso;0;;Non accertato;Inesploso
5145580;20;09/11/2020 08:40:00;Strada Urbana;LUNGOTEVERE MARESCIALLO DIAZ;da specificare;;;;fronte Viale del Ministero Affari Esteri;Scontro laterale fra veicoli in marcia;Rettilineo;Una carreggiata a senso unico di marcia;Asciutto;Asfaltata;Verticale ed orizzontale;Sereno;Scarso;Buona;;1;0;0;2;12.4618;41.9341;-1;1;Autovettura privata;In marcia / fermata / arresto;Passeggero;M;Illeso;0;;Non accertato;Inesploso
5145580;20;09/11/2020 08:40:00;Strada Urbana;LUNGOTEVERE MARESCIALLO DIAZ;da specificare;;;;fronte Viale del Ministero Affari Esteri;Scontro laterale fra veicoli in marcia;Rettilineo;Una carreggiata a senso unico di marcia;Asciutto;Asfaltata;Verticale ed orizzontale;Sereno;Scarso;Buona;;1;0;0;2;12.4618;41.9341;-1;2;Motociclo a solo;In marcia / fermata / arresto;Conducente;M;Rimandato;0;NON DECEDUTO;Non accertato;
5145599;20;09/11/2020 13:30:00;Regionale entro l'abitato;VIA CASSIA;in corrispondenza;;del civico n.;1856;;Scontro frontale/laterale DX fra veicoli in marcia;Rettilineo;Una carreggiata a doppio senso;Asciutto;Asfaltata;Orizzontale;Sereno;Normale;Buona;;2;0;0;1;12.3771;42.0214;-1;1;Autovettura privata;In marcia / fermata / arresto;Conducente;F;Illeso;0;;Non accertato;Inesploso
5145599;20;09/11/2020 13:30:00;Regionale entro l'abitato;VIA CASSIA;in corrispondenza;;del civico n.;1856;;Scontro frontale/laterale DX fra veicoli in marcia;Rettilineo;Una carreggiata a doppio senso;Asciutto;Asfaltata;Orizzontale;Sereno;Normale;Buona;;2;0;0;1;12.3771;42.0214;-1;2;Motociclo con passeggero;In marcia / fermata / arresto;Conducente;M;Rimandato;0;NON DECEDUTO;Non accertato;
5145599;20;09/11/2020 13:30:00;Regionale entro l'abitato;VIA CASSIA;in corrispondenza;;del civico n.;1856;;Scontro frontale/laterale DX fra veicoli in marcia;Rettilineo;Una carreggiata a doppio senso;Asciutto;Asfaltata;Orizzontale;Sereno;Normale;Buona;;2;0;0;1;12.3771;42.0214;-1;2;Motociclo con passeggero;In marcia / fermata / arresto;Passeggero;M;Ricoverato;0;NON DECEDUTO;Non accertato;
5145625;7;09/11/2020 16:40:00;Strada Urbana;VIALE PALMIRO TOGLIATTI;in prossimit�;;del civico n.;474;;Veicolo in marcia contro ostacolo accidentale;Rettilineo;Due carreggiate;Asciutto;Asfaltata;Orizzontale;Sereno;Normale;Sufficiente;;0;0;0;1;12.5693;41.8719;-1;1;Motociclo a solo;In marcia / fermata / arresto;Conducente;M;Illeso;0;;;
5145631;7;10/11/2020 01:20:00;Strada Urbana;VIA CASILINA;in corrispondenza;;del civico n.;900;;Tamponamento;Rettilineo;Due carreggiate;Asciutto;Asfaltata;Verticale ed orizzontale;Sereno;Scarso;Buona;;2;0;0;5;12.5695;41.8739;-1;1;Autovettura di polizia;In marcia / fermata / arresto;Conducente;M;Rimandato;0;NON DECEDUTO;Esente;Inesploso
5145631;7;10/11/2020 01:20:00;Strada Urbana;VIA CASILINA;in corrispondenza;;del civico n.;900;;Tamponamento;Rettilineo;Due carreggiate;Asciutto;Asfaltata;Verticale ed orizzontale;Sereno;Scarso;Buona;;2;0;0;5;12.5695;41.8739;-1;1;Autovettura di polizia;In marcia / fermata / arresto;Passeggero;M;Rimandato;0;NON DECEDUTO;Non accertato;Inesploso
5145631;7;10/11/2020 01:20:00;Strada Urbana;VIA CASILINA;in corrispondenza;;del civico n.;900;;Tamponamento;Rettilineo;Due carreggiate;Asciutto;Asfaltata;Verticale ed orizzontale;Sereno;Scarso;Buona;;2;0;0;5;12.5695;41.8739;-1;2;Autovettura privata;In marcia / fermata / arresto;Conducente;M;Illeso;0;;Non accertato;
5145631;7;10/11/2020 01:20:00;Strada Urbana;VIA CASILINA;in corrispondenza;;del civico n.;900;;Tamponamento;Rettilineo;Due carreggiate;Asciutto;Asfaltata;Verticale ed orizzontale;Sereno;Scarso;Buona;;2;0;0;5;12.5695;41.8739;-1;2;Autovettura privata;In marcia / fermata / arresto;Passeggero;F;Illeso;0;;Non accertato;
5145631;7;10/11/2020 01:20:00;Strada Urbana;VIA CASILINA;in corrispondenza;;del civico n.;900;;Tamponamento;Rettilineo;Due carreggiate;Asciutto;Asfaltata;Verticale ed orizzontale;Sereno;Scarso;Buona;;2;0;0;5;12.5695;41.8739;-1;2;Autovettura privata;In marcia / fermata / arresto;Passeggero;F;Illeso;0;;;
5145631;7;10/11/2020 01:20:00;Strada Urbana;VIA CASILINA;in corrispondenza;;del civico n.;900;;Tamponamento;Rettilineo;Due carreggiate;Asciutto;Asfaltata;Verticale ed orizzontale;Sereno;Scarso;Buona;;2;0;0;5;12.5695;41.8739;-1;2;Autovettura privata;In marcia / fermata / arresto;Passeggero;F;Illeso;0;;;
5145631;7;10/11/2020 01:20:00;Strada Urbana;VIA CASILINA;in corrispondenza;;del civico n.;900;;Tamponamento;Rettilineo;Due carreggiate;Asciutto;Asfaltata;Verticale ed orizzontale;Sereno;Scarso;Buona;;2;0;0;5;12.5695;41.8739;-1;2;Autovettura privata;In marcia / fermata / arresto;Passeggero;M;Illeso;0;;;
5145662;2;09/11/2020 18:45:00;Strada Urbana;VIA NEMORENSE;all'intersezione con;VIA ANAPO;VIA ANAPO;;;Investimento di pedone;Incrocio;Una carreggiata a doppio senso;Asciutto;Asfaltata;Verticale ed orizzontale;Sereno;Normale;Buona;;1;0;0;1;12.5088;41.9252;-1;;;;Pedone;F;Rifiuta cure immediate;0;NON DECEDUTO;;
5145662;2;09/11/2020 18:45:00;Strada Urbana;VIA NEMORENSE;all'intersezione con;VIA ANAPO;VIA ANAPO;;;Investimento di pedone;Incrocio;Una carreggiata a doppio senso;Asciutto;Asfaltata;Verticale ed orizzontale;Sereno;Normale;Buona;;1;0;0;1;12.5088;41.9252;-1;1;Autovettura privata;In marcia / fermata / arresto;Conducente;M;Illeso;0;;;
5145663;2;09/11/2020 08:20:00;Strada Urbana;VIA GREGORIO ALLEGRI;in prossimit�;;del civico n.;14;;Veicolo in marcia contro veicolo in sosta;Rettilineo;Una carreggiata a senso unico di marcia;Asciutto;Asfaltata;Verticale ed orizzontale;Sereno;Normale;Buona;;0;0;0;2;12.4948;41.9151;-1;1;Autovettura privata;In marcia / fermata / arresto;Conducente;M;Illeso;0;;;
5145663;2;09/11/2020 08:20:00;Strada Urbana;VIA GREGORIO ALLEGRI;in prossimit�;;del civico n.;14;;Veicolo in marcia contro veicolo in sosta;Rettilineo;Una carreggiata a senso unico di marcia;Asciutto;Asfaltata;Verticale ed orizzontale;Sereno;Normale;Buona;;0;0;0;2;12.4948;41.9151;-1;1;Autovettura privata;In marcia / fermata / arresto;Passeggero;M;Illeso;0;;;
5145663;2;09/11/2020 08:20:00;Strada Urbana;VIA GREGORIO ALLEGRI;in prossimit�;;del civico n.;14;;Veicolo in marcia contro veicolo in sosta;Rettilineo;Una carreggiata a senso unico di marcia;Asciutto;Asfaltata;Verticale ed orizzontale;Sereno;Normale;Buona;;0;0;0;2;12.4948;41.9151;-1;2;Motociclo a solo;Sosta;;;;;;;
5145701;2;09/11/2020 14:00:00;Strada Urbana;VIALE DELLA MOSCHEA;da specificare;;;;prossimit� VIALE PARIOLI;Veicolo in marcia contro ostacolo fisso;Rettilineo;Due carreggiate;Asciutto;Asfaltata;Verticale ed orizzontale;Sereno;Normale;Buona;;1;0;0;0;12.493;41.9338;-1;1;Motociclo a solo;In marcia / fermata / arresto;Conducente;M;Rimandato;0;NON DECEDUTO;Non accertato;
5145721;3;08/11/2020 12:55:00;Strada Urbana;VIALE VENTUNO APRILE;all'intersezione con;PIAZZA DOMENICO GNOLI;PIAZZA DOMENICO GNOLI;;;Investimento di pedone;Incrocio;Una carreggiata a doppio senso;Asciutto;Asfaltata;Verticale ed orizzontale;Sereno;Scarso;Buona;;1;0;0;1;12.5194;41.9174;-1;;;;Pedone;F;Ricoverato;0;NON DECEDUTO;;
5145721;3;08/11/2020 12:55:00;Strada Urbana;VIALE VENTUNO APRILE;all'intersezione con;PIAZZA DOMENICO GNOLI;PIAZZA DOMENICO GNOLI;;;Investimento di pedone;Incrocio;Una carreggiata a doppio senso;Asciutto;Asfaltata;Verticale ed orizzontale;Sereno;Scarso;Buona;;1;0;0;1;12.5194;41.9174;-1;1;Autobus di linea;In marcia / fermata / arresto;Conducente;M;Illeso;0;;;
5145746;3;08/11/2020 09:30:00;Strada Urbana;CIRCONVALLAZIONE NOMENTANA;da specificare;;;;fronte civ. 186;Tamponamento;Curva a visuale libera;Una carreggiata a senso unico di marcia;Asciutto;Asfaltata;Verticale ed orizzontale;Sereno;Normale;Buona;;0;0;0;4;12.527;41.9196;-1;1;Autovettura privata;In marcia / fermata / arresto;Conducente;M;Illeso;0;;Non accertato;Inesploso
5145746;3;08/11/2020 09:30:00;Strada Urbana;CIRCONVALLAZIONE NOMENTANA;da specificare;;;;fronte civ. 186;Tamponamento;Curva a visuale libera;Una carreggiata a senso unico di marcia;Asciutto;Asfaltata;Verticale ed orizzontale;Sereno;Normale;Buona;;0;0;0;4;12.527;41.9196;-1;2;Autovettura privata;In marcia / fermata / arresto;Conducente;F;Illeso;0;;Non accertato;Inesploso
5145746;3;08/11/2020 09:30:00;Strada Urbana;CIRCONVALLAZIONE NOMENTANA;da specificare;;;;fronte civ. 186;Tamponamento;Curva a visuale libera;Una carreggiata a senso unico di marcia;Asciutto;Asfaltata;Verticale ed orizzontale;Sereno;Normale;Buona;;0;0;0;4;12.527;41.9196;-1;2;Autovettura privata;In marcia / fermata / arresto;Passeggero;F;Illeso;0;;Non accertato;Inesploso
5145746;3;08/11/2020 09:30:00;Strada Urbana;CIRCONVALLAZIONE NOMENTANA;da specificare;;;;fronte civ. 186;Tamponamento;Curva a visuale libera;Una carreggiata a senso unico di marcia;Asciutto;Asfaltata;Verticale ed orizzontale;Sereno;Normale;Buona;;0;0;0;4;12.527;41.9196;-1;2;Autovettura privata;In marcia / fermata / arresto;Passeggero;M;Illeso;0;;Non accertato;Inesploso
5145747;2;09/11/2020 11:30:00;Strada Urbana;VIALE DEL FORO ITALICO;in corrispondenza;;del civico n.;611;;Scontro laterale fra veicoli in marcia;Rettilineo;Due carreggiate;Asciutto;Asfaltata;Verticale ed orizzontale;Sereno;Normale;Buona;;0;0;0;3;12.5003;41.9405;-1;1;Autovettura privata;In marcia / fermata / arresto;Conducente;M;Illeso;0;;;
5145747;2;09/11/2020 11:30:00;Strada Urbana;VIALE DEL FORO ITALICO;in corrispondenza;;del civico n.;611;;Scontro laterale fra veicoli in marcia;Rettilineo;Due carreggiate;Asciutto;Asfaltata;Verticale ed orizzontale;Sereno;Normale;Buona;;0;0;0;3;12.5003;41.9405;-1;1;Autovettura privata;In marcia / fermata / arresto;Passeggero;F;Illeso;0;;;
5145747;2;09/11/2020 11:30:00;Strada Urbana;VIALE DEL FORO ITALICO;in corrispondenza;;del civico n.;611;;Scontro laterale fra veicoli in marcia;Rettilineo;Due carreggiate;Asciutto;Asfaltata;Verticale ed orizzontale;Sereno;Normale;Buona;;0;0;0;3;12.5003;41.9405;-1;2;Motociclo a solo;In marcia / fermata / arresto;Conducente;M;Illeso;0;;;
5145752;13;09/11/2020 18:20:00;Strada Urbana;PIAZZA REGINA PACIS;da specificare;;;;lato Via Celli;Investimento di pedone;Rettilineo;Una carreggiata a doppio senso;Asciutto;Asfaltata;Verticale ed orizzontale;Sereno;Normale;Sufficiente;;0;0;1;2;;;0;;;;Pedone;M;Deceduto sul posto;-1;;;
5145752;13;09/11/2020 18:20:00;Strada Urbana;PIAZZA REGINA PACIS;da specificare;;;;lato Via Celli;Investimento di pedone;Rettilineo;Una carreggiata a doppio senso;Asciutto;Asfaltata;Verticale ed orizzontale;Sereno;Normale;Sufficiente;;0;0;1;2;;;0;1;Autovettura privata;In marcia / fermata / arresto;Conducente;M;Illeso;0;;Non accertato;Inesploso
5145752;13;09/11/2020 18:20:00;Strada Urbana;PIAZZA REGINA PACIS;da specificare;;;;lato Via Celli;Investimento di pedone;Rettilineo;Una carreggiata a doppio senso;Asciutto;Asfaltata;Verticale ed orizzontale;Sereno;Normale;Sufficiente;;0;0;1;2;;;0;1;Autovettura privata;In marcia / fermata / arresto;Passeggero;F;Illeso;0;;Non accertato;Inesploso
5145760;17;09/11/2020 14:30:00;Strada Urbana;VIA DI BOCCEA;all'intersezione con;PIAZZA DEI GIURECONSULTI;PIAZZA DEI GIURECONSULTI;;;Tamponamento;Intersezione semaforizzata;Una carreggiata a doppio senso;Asciutto;Asfaltata;Verticale ed orizzontale;Sereno;Normale;Buona;;0;0;0;2;12.3847;41.9149;-1;1;Autovettura privata;In marcia / fermata / arresto;Conducente;F;Illeso;0;;;
5145760;17;09/11/2020 14:30:00;Strada Urbana;VIA DI BOCCEA;all'intersezione con;PIAZZA DEI GIURECONSULTI;PIAZZA DEI GIURECONSULTI;;;Tamponamento;Intersezione semaforizzata;Una carreggiata a doppio senso;Asciutto;Asfaltata;Verticale ed orizzontale;Sereno;Normale;Buona;;0;0;0;2;12.3847;41.9149;-1;2;Autovettura privata;In marcia / fermata / arresto;Conducente;F;Illeso;0;;;
5145871;3;06/11/2020 18:50:00;Strada Urbana;VIA MATILDE DI CANOSSA;in corrispondenza;;del civico n.;21;;Veicolo in marcia contro veicolo fermo;Pendenza;Una carreggiata a senso unico di marcia;Asciutto;Asfaltata;Verticale ed orizzontale;Sereno;Normale;Buona;;0;0;0;5;12.5258;41.9112;-1;1;Autovettura privata;In marcia / fermata / arresto;Conducente;M;Illeso;0;;Non accertato;Inesploso
5145871;3;06/11/2020 18:50:00;Strada Urbana;VIA MATILDE DI CANOSSA;in corrispondenza;;del civico n.;21;;Veicolo in marcia contro veicolo fermo;Pendenza;Una carreggiata a senso unico di marcia;Asciutto;Asfaltata;Verticale ed orizzontale;Sereno;Normale;Buona;;0;0;0;5;12.5258;41.9112;-1;2;Autovettura privata;In marcia / fermata / arresto;Conducente;M;Illeso;0;;Non accertato;Inesploso
5145871;3;06/11/2020 18:50:00;Strada Urbana;VIA MATILDE DI CANOSSA;in corrispondenza;;del civico n.;21;;Veicolo in marcia contro veicolo fermo;Pendenza;Una carreggiata a senso unico di marcia;Asciutto;Asfaltata;Verticale ed orizzontale;Sereno;Normale;Buona;;0;0;0;5;12.5258;41.9112;-1;2;Autovettura privata;In marcia / fermata / arresto;Passeggero;F;Illeso;0;;Non accertato;Inesploso
5145871;3;06/11/2020 18:50:00;Strada Urbana;VIA MATILDE DI CANOSSA;in corrispondenza;;del civico n.;21;;Veicolo in marcia contro veicolo fermo;Pendenza;Una carreggiata a senso unico di marcia;Asciutto;Asfaltata;Verticale ed orizzontale;Sereno;Normale;Buona;;0;0;0;5;12.5258;41.9112;-1;2;Autovettura privata;In marcia / fermata / arresto;Passeggero;M;Illeso;0;;Non accertato;Inesploso
5145871;3;06/11/2020 18:50:00;Strada Urbana;VIA MATILDE DI CANOSSA;in corrispondenza;;del civico n.;21;;Veicolo in marcia contro veicolo fermo;Pendenza;Una carreggiata a senso unico di marcia;Asciutto;Asfaltata;Verticale ed orizzontale;Sereno;Normale;Buona;;0;0;0;5;12.5258;41.9112;-1;2;Autovettura privata;In marcia / fermata / arresto;Passeggero;M;Illeso;0;;Non accertato;Inesploso
5145895;1;10/11/2020 08:10:00;Strada Urbana;VIA DI S. NICOLA DA TOLENTINO;all'intersezione con;SALITA DI S. NICOLA DA TOLENTINO;SALITA DI S. NICOLA DA TOLENTINO;;;Scontro frontale/laterale DX fra veicoli in marcia;Incrocio;Una carreggiata a senso unico di marcia;Asciutto;In cubetti di porfido;Verticale ed orizzontale;Sereno;Scarso;Buona;;0;0;0;2;12.4911;41.9049;-1;1;Autovettura privata;In marcia / fermata / arresto;Conducente;M;Illeso;0;;;
5145895;1;10/11/2020 08:10:00;Strada Urbana;VIA DI S. NICOLA DA TOLENTINO;all'intersezione con;SALITA DI S. NICOLA DA TOLENTINO;SALITA DI S. NICOLA DA TOLENTINO;;;Scontro frontale/laterale DX fra veicoli in marcia;Incrocio;Una carreggiata a senso unico di marcia;Asciutto;In cubetti di porfido;Verticale ed orizzontale;Sereno;Scarso;Buona;;0;0;0;2;12.4911;41.9049;-1;2;Autocarro inferiore 35 q.;In marcia / fermata / arresto;Conducente;M;Illeso;0;;;
5145901;12;09/11/2020 21:50:00;Strada Urbana;VIA GEMMANO;da specificare;;;;prossimit� VIA S. ARCANGELO DI ROMAGNA;Scontro frontale/laterale SX fra veicoli in marcia;Rettilineo;Una carreggiata a doppio senso;Asciutto;Asfaltata;Verticale ed orizzontale;Sereno;Normale;Buona;;0;0;0;3;12.4051;41.7931;-1;1;Autovettura privata;In marcia / fermata / arresto;Conducente;M;Illeso;0;;;
5145901;12;09/11/2020 21:50:00;Strada Urbana;VIA GEMMANO;da specificare;;;;prossimit� VIA S. ARCANGELO DI ROMAGNA;Scontro frontale/laterale SX fra veicoli in marcia;Rettilineo;Una carreggiata a doppio senso;Asciutto;Asfaltata;Verticale ed orizzontale;Sereno;Normale;Buona;;0;0;0;3;12.4051;41.7931;-1;2;Autovettura di polizia;In marcia / fermata / arresto;Conducente;M;Illeso;0;;;
5145901;12;09/11/2020 21:50:00;Strada Urbana;VIA GEMMANO;da specificare;;;;prossimit� VIA S. ARCANGELO DI ROMAGNA;Scontro frontale/laterale SX fra veicoli in marcia;Rettilineo;Una carreggiata a doppio senso;Asciutto;Asfaltata;Verticale ed orizzontale;Sereno;Normale;Buona;;0;0;0;3;12.4051;41.7931;-1;2;Autovettura di polizia;In marcia / fermata / arresto;Passeggero;M;Illeso;0;;Utilizzato;Inesploso
5145901;12;09/11/2020 21:50:00;Strada Urbana;VIA GEMMANO;da specificare;;;;prossimit� VIA S. ARCANGELO DI ROMAGNA;Scontro frontale/laterale SX fra veicoli in marcia;Rettilineo;Una carreggiata a doppio senso;Asciutto;Asfaltata;Verticale ed orizzontale;Sereno;Normale;Buona;;0;0;0;3;12.4051;41.7931;-1;3;Autovettura privata;Sosta;;;;;;;
5145910;9;09/11/2020 01:59:00;;PIAZZALE APPIO;da specificare;;;;FR. CIVICO 1/A;Veicolo in marcia contro ostacolo fisso;;;;;;;;;;0;0;0;0;;;0;1;Autovettura privata;In marcia / fermata / arresto;;;;;;;
5145941;12;09/11/2020 15:40:00;Strada Urbana;VIA CRISTOFORO COLOMBO;da specificare;;;;del Km 11,500 direzione G.R.A., carreggiata latera;Tamponamento;Rettilineo;Una carreggiata a senso unico di marcia;Asciutto;Asfaltata;Verticale ed orizzontale;Sereno;Scarso;Buona;;2;0;0;1;12.4622;41.8168;-1;1;Autovettura privata;In marcia / fermata / arresto;Conducente;M;Illeso;0;;Non accertato;Inesploso
5145941;12;09/11/2020 15:40:00;Strada Urbana;VIA CRISTOFORO COLOMBO;da specificare;;;;del Km 11,500 direzione G.R.A., carreggiata latera;Tamponamento;Rettilineo;Una carreggiata a senso unico di marcia;Asciutto;Asfaltata;Verticale ed orizzontale;Sereno;Scarso;Buona;;2;0;0;1;12.4622;41.8168;-1;2;Autovettura privata;In marcia / fermata / arresto;Conducente;M;Rimandato;0;NON DECEDUTO;Non accertato;Inesploso
5145941;12;09/11/2020 15:40:00;Strada Urbana;VIA CRISTOFORO COLOMBO;da specificare;;;;del Km 11,500 direzione G.R.A., carreggiata latera;Tamponamento;Rettilineo;Una carreggiata a senso unico di marcia;Asciutto;Asfaltata;Verticale ed orizzontale;Sereno;Scarso;Buona;;2;0;0;1;12.4622;41.8168;-1;2;Autovettura privata;In marcia / fermata / arresto;Passeggero;F;Rimandato;0;NON DECEDUTO;Non accertato;Inesploso
5146019;9;10/11/2020 10:20:00;Strada Urbana;PIAZZA DI S. MARIA AUSILIATRICE;all'intersezione con;VIA UMBERTIDE;VIA UMBERTIDE;;;Tamponamento;Incrocio;Una carreggiata a senso unico di marcia;Asciutto;Asfaltata;Verticale ed orizzontale;Sereno;Normale;Buona;;1;0;0;1;12.5305;41.8738;-1;1;Autovettura privata;In marcia / fermata / arresto;Conducente;M;Illeso;0;;Non accertato;Inesploso
5146019;9;10/11/2020 10:20:00;Strada Urbana;PIAZZA DI S. MARIA AUSILIATRICE;all'intersezione con;VIA UMBERTIDE;VIA UMBERTIDE;;;Tamponamento;Incrocio;Una carreggiata a senso unico di marcia;Asciutto;Asfaltata;Verticale ed orizzontale;Sereno;Normale;Buona;;1;0;0;1;12.5305;41.8738;-1;2;Motociclo a solo;In marcia / fermata / arresto;Conducente;F;Rimandato;0;NON DECEDUTO;Non accertato;
5146149;1;10/11/2020 12:45:00;Strada Urbana;LARGO DI TORRE ARGENTINA;in prossimit�;;del palo luce n.;1;;Infortunio per sola frenata improvvisa;Curva a visuale libera;Una carreggiata a doppio senso;Asciutto;Asfaltata;Verticale ed orizzontale;Sereno;Normale;Buona;;0;0;0;2;12.4773;41.896;-1;1;Autocarro inferiore 35 q.;In marcia / fermata / arresto;Conducente;M;Illeso;0;;Non accertato;Inesploso
5146149;1;10/11/2020 12:45:00;Strada Urbana;LARGO DI TORRE ARGENTINA;in prossimit�;;del palo luce n.;1;;Infortunio per sola frenata improvvisa;Curva a visuale libera;Una carreggiata a doppio senso;Asciutto;Asfaltata;Verticale ed orizzontale;Sereno;Normale;Buona;;0;0;0;2;12.4773;41.896;-1;2;Motociclo a solo;In marcia / fermata / arresto;Conducente;M;Illeso;0;;Non accertato;
5146165;4;10/11/2020 02:20:00;Strada Urbana;VIA ANDERSEN;in prossimit�;;del civico n.;100;;Veicolo in marcia contro veicolo in sosta;Rettilineo;Una carreggiata a doppio senso;Bagnato (umidit� in atto);Asfaltata;Orizzontale;Sereno;Scarso;Sufficiente;;0;0;1;0;12.3993;41.923;0;1;Motociclo a solo;In marcia / fermata / arresto;Conducente;M;Deceduto durante prime cure;-1;;;
5146165;4;10/11/2020 02:20:00;Strada Urbana;VIA ANDERSEN;in prossimit�;;del civico n.;100;;Veicolo in marcia contro veicolo in sosta;Rettilineo;Una carreggiata a doppio senso;Bagnato (umidit� in atto);Asfaltata;Orizzontale;Sereno;Scarso;Sufficiente;;0;0;1;0;12.3993;41.923;0;2;Autocaravan;Sosta;;;;;;;
5146167;12;10/11/2020 11:35:00;Altra strada;VIA DEL PONTE DEL FIGURONE;da specificare;;;;Parcheggio C6 Outlet Castel Romano;Veicolo in marcia contro veicolo fermo;Pianeggiante;Una carreggiata a doppio senso;Asciutto;Asfaltata;Verticale ed orizzontale;Sereno;Scarso;Buona;;0;0;0;1;12.4463;41.7169;-1;1;Autovettura privata;In marcia / fermata / arresto;Conducente;M;Illeso;0;;Non accertato;Inesploso
5146167;12;10/11/2020 11:35:00;Altra strada;VIA DEL PONTE DEL FIGURONE;da specificare;;;;Parcheggio C6 Outlet Castel Romano;Veicolo in marcia contro veicolo fermo;Pianeggiante;Una carreggiata a doppio senso;Asciutto;Asfaltata;Verticale ed orizzontale;Sereno;Scarso;Buona;;0;0;0;1;12.4463;41.7169;-1;2;Autovettura privata;In marcia / fermata / arresto;;;;;;;