Protocollo;Gruppo;DataOraIncidente;Localizzazione1;STRADA1;Localizzazione2;STRADA2;Strada02;Chilometrica;DaSpecificare;NaturaIncidente;particolaritastrade;TipoStrada;FondoStradale;Pavimentazione;Segnaletica;CondizioneAtmosferica;Traffico;Visibilita;Illuminazione;NUM_FERITI;NUM_RISERVATA;NUM_MORTI;NUM_ILLESI;Longitudine;Latitudine;Confermato;Progressivo;TipoVeicolo;StatoVeicolo;TipoPersona;Sesso;Tipolesione;Deceduto;DecedutoDopo;CinturaCascoUtilizzato;Airbag;
5146175;12;09/11/2020 16:40:00;Strada Urbana;VIADOTTO DELLA MAGLIANA;da specificare;;;;dir. Roma pross. Via del Cappellaccio;Veicolo in marcia contro ostacolo accidentale;Curva a visuale libera;Una carreggiata a senso unico di marcia;Asciutto;Asfaltata;Verticale ed orizzontale;Sereno;Normale;Buona;;1;0;0;0;12.4633;41.8419;-1;1;Motociclo a solo;In marcia / fermata / arresto;Conducente;M;Rimandato;0;NON DECEDUTO;Utilizzato;
5146181;13;09/11/2020 08:20:00;Strada Urbana;VIALE DELLA VITTORIA;all'intersezione semaforizzata con;VIALE PAOLO ORLANDO;VIALE PAOLO ORLANDO;;;Scontro laterale fra veicoli in marcia;Intersezione semaforizzata;Una carreggiata a doppio senso;Asciutto;Asfaltata;Verticale ed orizzontale;Grandine in atto;Normale;Buona;;0;0;0;2;12.2886;41.7301;-1;1;Autovettura privata;In marcia / fermata / arresto;Conducente;F;Illeso;0;;Non accertato;Inesploso
5146181;13;09/11/2020 08:20:00;Strada Urbana;VIALE DELLA VITTORIA;all'intersezione semaforizzata con;VIALE PAOLO ORLANDO;VIALE PAOLO ORLANDO;;;Scontro laterale fra veicoli in marcia;Intersezione semaforizzata;Una carreggiata a doppio senso;Asciutto;Asfaltata;Verticale ed orizzontale;Grandine in atto;Normale;Buona;;0;0;0;2;12.2886;41.7301;-1;2;Autovettura privata;In marcia / fermata / arresto;Conducente;M;Illeso;0;;Non accertato;Inesploso
5146269;16;09/11/2020 15:30:00;Strada Urbana;CIRCONVALLAZIONE GIANICOLENSE;all'intersezione semaforizzata con;VIA CLELIA GAROFOLINI;VIA CLELIA GAROFOLINI;;;Scontro laterale fra veicoli in marcia;Intersezione semaforizzata;Una carreggiata a senso unico di marcia;Asciutto;Asfaltata;Verticale ed orizzontale;Sereno;Normale;Buona;;1;0;0;1;12.4496;41.8725;-1;1;Autovettura privata;In marcia / fermata / arresto;Conducente;F;Illeso;0;;Non accertato;
5146269;16;09/11/2020 15:30:00;Strada Urbana;CIRCONVALLAZIONE GIANICOLENSE;all'intersezione semaforizzata con;VIA CLELIA GAROFOLINI;VIA CLELIA GAROFOLINI;;;Scontro laterale fra veicoli in marcia;Intersezione semaforizzata;Una carreggiata a senso unico di marcia;Asciutto;Asfaltata;Verticale ed orizzontale;Sereno;Normale;Buona;;1;0;0;1;12.4496;41.8725;-1;2;Motociclo a solo;In marcia / fermata / arresto;Conducente;F;Rimandato;0;NON DECEDUTO;Non accertato;
5146357;16;09/11/2020 17:40:00;Strada Urbana;VIALE DEI COLLI PORTUENSI;in prossimit�;;del civico n.;548;;Tamponamento Multiplo;Rettilineo;Due carreggiate;Asciutto;Asfaltata;Verticale ed orizzontale;Sereno;Normale;Sufficiente;;0;0;0;7;12.4432;41.8624;-1;1;Autovettura privata;In marcia / fermata / arresto;Conducente;M;Illeso;0;;Non accertato;Inesploso
5146357;16;09/11/2020 17:40:00;Strada Urbana;VIALE DEI COLLI PORTUENSI;in prossimit�;;del civico n.;548;;Tamponamento Multiplo;Rettilineo;Due carreggiate;Asciutto;Asfaltata;Verticale ed orizzontale;Sereno;Normale;Sufficiente;;0;0;0;7;12.4432;41.8624;-1;2;Autovettura privata;In marcia / fermata / arresto;Conducente;M;Illeso;0;;Non accertato;Inesploso
5146357;16;09/11/2020 17:40:00;Strada Urbana;VIALE DEI COLLI PORTUENSI;in prossimit�;;del civico n.;548;;Tamponamento Multiplo;Rettilineo;Due carreggiate;Asciutto;Asfaltata;Verticale ed orizzontale;Sereno;Normale;Sufficiente;;0;0;0;7;12.4432;41.8624;-1;2;Autovettura privata;In marcia / fermata / arresto;Passeggero;F;Illeso;0;;Non accertato;Inesploso
5146357;16;09/11/2020 17:40:00;Strada Urbana;VIALE DEI COLLI PORTUENSI;in prossimit�;;del civico n.;548;;Tamponamento Multiplo;Rettilineo;Due carreggiate;Asciutto;Asfaltata;Verticale ed orizzontale;Sereno;Normale;Sufficiente;;0;0;0;7;12.4432;41.8624;-1;2;Autovettura privata;In marcia / fermata / arresto;Passeggero;M;Illeso;0;;Non accertato;Inesploso
5146357;16;09/11/2020 17:40:00;Strada Urbana;VIALE DEI COLLI PORTUENSI;in prossimit�;;del civico n.;548;;Tamponamento Multiplo;Rettilineo;Due carreggiate;Asciutto;Asfaltata;Verticale ed orizzontale;Sereno;Normale;Sufficiente;;0;0;0;7;12.4432;41.8624;-1;2;Autovettura privata;In marcia / fermata / arresto;Passeggero;M;Illeso;0;;Non accertato;Inesploso
5146357;16;09/11/2020 17:40:00;Strada Urbana;VIALE DEI COLLI PORTUENSI;in prossimit�;;del civico n.;548;;Tamponamento Multiplo;Rettilineo;Due carreggiate;Asciutto;Asfaltata;Verticale ed orizzontale;Sereno;Normale;Sufficiente;;0;0;0;7;12.4432;41.8624;-1;2;Autovettura privata;In marcia / fermata / arresto;Passeggero;F;Illeso;0;;Non accertato;Inesploso
5146357;16;09/11/2020 17:40:00;Strada Urbana;VIALE DEI COLLI PORTUENSI;in prossimit�;;del civico n.;548;;Tamponamento Multiplo;Rettilineo;Due carreggiate;Asciutto;Asfaltata;Verticale ed orizzontale;Sereno;Normale;Sufficiente;;0;0;0;7;12.4432;41.8624;-1;3;Autocarro inferiore 35 q.;In marcia / fermata / arresto;Conducente;M;Illeso;0;;Non accertato;Inesploso
5146362;4;10/11/2020 09:30:00;Provinciale entro l'abitato;VIA NOMENTANA;da specificare;;;;fronte civico 1555;Scontro frontale fra veicoli in marcia;Rettilineo;Una carreggiata a doppio senso;Asciutto;Asfaltata;Orizzontale;Nebbia;Scarso;Sufficiente;;1;0;0;2;12.5736;41.959;-1;1;Autovettura privata;In marcia / fermata / arresto;Conducente;M;Illeso;0;;Non accertato;
5146362;4;10/11/2020 09:30:00;Provinciale entro l'abitato;VIA NOMENTANA;da specificare;;;;fronte civico 1555;Scontro frontale fra veicoli in marcia;Rettilineo;Una carreggiata a doppio senso;Asciutto;Asfaltata;Orizzontale;Nebbia;Scarso;Sufficiente;;1;0;0;2;12.5736;41.959;-1;1;Autovettura privata;In marcia / fermata / arresto;Passeggero;F;Illeso;0;;Non accertato;
5146362;4;10/11/2020 09:30:00;Provinciale entro l'abitato;VIA NOMENTANA;da specificare;;;;fronte civico 1555;Scontro frontale fra veicoli in marcia;Rettilineo;Una carreggiata a doppio senso;Asciutto;Asfaltata;Orizzontale;Nebbia;Scarso;Sufficiente;;1;0;0;2;12.5736;41.959;-1;2;Motociclo a solo;In marcia / fermata / arresto;Conducente;M;Rimandato;0;NON DECEDUTO;Non accertato;
5146395;16;09/11/2020 18:20:00;Strada Urbana;VIA GIUSEPPE GIUNCHI;all'intersezione con;VIA PIETRO RONDONI;VIA PIETRO RONDONI;;;Scontro frontale/laterale SX fra veicoli in marcia;Incrocio;Una carreggiata a doppio senso;Asciutto;Asfaltata;Assente;Sereno;Scarso;Sufficiente;;1;0;0;2;12.3605;41.8761;-1;1;Autovettura privata;In marcia / fermata / arresto;Conducente;M;Illeso;0;;Non accertato;Inesploso
5146395;16;09/11/2020 18:20:00;Strada Urbana;VIA GIUSEPPE GIUNCHI;all'intersezione con;VIA PIETRO RONDONI;VIA PIETRO RONDONI;;;Scontro frontale/laterale SX fra veicoli in marcia;Incrocio;Una carreggiata a doppio senso;Asciutto;Asfaltata;Assente;Sereno;Scarso;Sufficiente;;1;0;0;2;12.3605;41.8761;-1;1;Autovettura privata;In marcia / fermata / arresto;Passeggero;F;Illeso;0;;Non accertato;Inesploso
5146395;16;09/11/2020 18:20:00;Strada Urbana;VIA GIUSEPPE GIUNCHI;all'intersezione con;VIA PIETRO RONDONI;VIA PIETRO RONDONI;;;Scontro frontale/laterale SX fra veicoli in marcia;Incrocio;Una carreggiata a doppio senso;Asciutto;Asfaltata;Assente;Sereno;Scarso;Sufficiente;;1;0;0;2;12.3605;41.8761;-1;2;Velocipede;In marcia / fermata / arresto;Conducente;M;Rimandato;0;NON DECEDUTO;Esente;
5146418;10;10/11/2020 13:02:00;Strada Urbana;VIA SCRIBONIO CURIONE;in corrispondenza;;del civico n.;118;;Scontro laterale fra veicoli in marcia;Rettilineo;Due carreggiate;Asciutto;Asfaltata;Verticale ed orizzontale;Sereno;Normale;Buona;;0;0;0;2;12.5548;41.8648;-1;1;Autovettura privata;In marcia / fermata / arresto;Conducente;M;Illeso;0;;Non accertato;Inesploso
5146418;10;10/11/2020 13:02:00;Strada Urbana;VIA SCRIBONIO CURIONE;in corrispondenza;;del civico n.;118;;Scontro laterale fra veicoli in marcia;Rettilineo;Due carreggiate;Asciutto;Asfaltata;Verticale ed orizzontale;Sereno;Normale;Buona;;0;0;0;2;12.5548;41.8648;-1;2;Autovettura privata;In marcia / fermata / arresto;Conducente;M;Illeso;0;;Non accertato;Inesploso
5146492;3;10/11/2020 12:15:00;Strada Urbana;VIA ENRICO STEVENSON;in corrispondenza;;del civico n.;26;;Scontro frontale/laterale SX fra veicoli in marcia;Rettilineo;Una carreggiata a senso unico di marcia;Asciutto;Asfaltata;Verticale ed orizzontale;Sereno;Normale;Buona;;0;0;0;2;12.5208;41.9198;-1;1;Autocarro inferiore 35 q.;In marcia / fermata / arresto;Conducente;M;Illeso;0;;Non accertato;
5146492;3;10/11/2020 12:15:00;Strada Urbana;VIA ENRICO STEVENSON;in corrispondenza;;del civico n.;26;;Scontro frontale/laterale SX fra veicoli in marcia;Rettilineo;Una carreggiata a senso unico di marcia;Asciutto;Asfaltata;Verticale ed orizzontale;Sereno;Normale;Buona;;0;0;0;2;12.5208;41.9198;-1;2;Autovettura privata;In marcia / fermata / arresto;Conducente;F;Illeso;0;;Non accertato;
5146492;3;10/11/2020 12:15:00;Strada Urbana;VIA ENRICO STEVENSON;in corrispondenza;;del civico n.;26;;Scontro frontale/laterale SX fra veicoli in marcia;Rettilineo;Una carreggiata a senso unico di marcia;Asciutto;Asfaltata;Verticale ed orizzontale;Sereno;Normale;Buona;;0;0;0;2;12.5208;41.9198;-1;3;Autovettura privata;Sosta;;;;;;;
5146496;9;10/11/2020 14:00:00;Strada Urbana;VIA MONDOVI';in prossimit�;;del civico n.;5;;Veicolo in marcia contro veicolo fermo;Rettilineo;Una carreggiata a senso unico di marcia;Asciutto;Asfaltata;Verticale;Sereno;Scarso;Buona;;0;0;0;3;12.5154;41.8774;-1;1;Autocarro inferiore 35 q.;In marcia / fermata / arresto;Conducente;M;Illeso;0;;Non accertato;Inesploso
5146496;9;10/11/2020 14:00:00;Strada Urbana;VIA MONDOVI';in prossimit�;;del civico n.;5;;Veicolo in marcia contro veicolo fermo;Rettilineo;Una carreggiata a senso unico di marcia;Asciutto;Asfaltata;Verticale;Sereno;Scarso;Buona;;0;0;0;3;12.5154;41.8774;-1;1;Autocarro inferiore 35 q.;In marcia / fermata / arresto;Passeggero;M;Illeso;0;;Non accertato;Inesploso
5146496;9;10/11/2020 14:00:00;Strada Urbana;VIA MONDOVI';in prossimit�;;del civico n.;5;;Veicolo in marcia contro veicolo fermo;Rettilineo;Una carreggiata a senso unico di marcia;Asciutto;Asfaltata;Verticale;Sereno;Scarso;Buona;;0;0;0;3;12.5154;41.8774;-1;2;Autovettura privata;In marcia / fermata / arresto;Conducente;F;Illeso;0;;Non accertato;Inesploso
5146496;9;10/11/2020 14:00:00;Strada Urbana;VIA MONDOVI';in prossimit�;;del civico n.;5;;Veicolo in marcia contro veicolo fermo;Rettilineo;Una carreggiata a senso unico di marcia;Asciutto;Asfaltata;Verticale;Sereno;Scarso;Buona;;0;0;0;3;12.5154;41.8774;-1;3;Autovettura privata;Sosta;;;;;;;
5146532;9;10/11/2020 15:20:00;Strada Urbana;VIA APPIA NUOVA;in prossimit�;;del civico n.;668;;Tamponamento Multiplo;Rettilineo;Due carreggiate;Asciutto;Asfaltata;Verticale ed orizzontale;Sereno;Normale;Buona;;0;0;0;4;12.5311;41.8648;-1;1;Autovettura privata;In marcia / fermata / arresto;Conducente;F;Illeso;0;;Non accertato;Inesploso
5146532;9;10/11/2020 15:20:00;Strada Urbana;VIA APPIA NUOVA;in prossimit�;;del civico n.;668;;Tamponamento Multiplo;Rettilineo;Due carreggiate;Asciutto;Asfaltata;Verticale ed orizzontale;Sereno;Normale;Buona;;0;0;0;4;12.5311;41.8648;-1;2;Autovettura privata;In marcia / fermata / arresto;Conducente;M;Illeso;0;;Non accertato;Inesploso
5146532;9;10/11/2020 15:20:00;Strada Urbana;VIA APPIA NUOVA;in prossimit�;;del civico n.;668;;Tamponamento Multiplo;Rettilineo;Due carreggiate;Asciutto;Asfaltata;Verticale ed orizzontale;Sereno;Normale;Buona;;0;0;0;4;12.5311;41.8648;-1;3;Autovettura privata;In marcia / fermata / arresto;Conducente;M;Illeso;0;;Non accertato;Inesploso
5146532;9;10/11/2020 15:20:00;Strada Urbana;VIA APPIA NUOVA;in prossimit�;;del civico n.;668;;Tamponamento Multiplo;Rettilineo;Due carreggiate;Asciutto;Asfaltata;Verticale ed orizzontale;Sereno;Normale;Buona;;0;0;0;4;12.5311;41.8648;-1;4;Autovettura privata;In marcia / fermata / arresto;Conducente;M;Illeso;0;;Non accertato;Inesploso
5146535;16;10/11/2020 11:30:00;Strada Urbana;VIALE DEI COLLI PORTUENSI;in corrispondenza;;del civico n.;396;;Infortunio per caduta del veicolo;Rettilineo;Due carreggiate;Asciutto;Asfaltata;Verticale ed orizzontale;Sereno;Normale;Buona;;1;0;0;2;12.4436;41.8649;-1;1;Autovettura privata;In marcia / fermata / arresto;Conducente;M;Illeso;0;;Non accertato;Inesploso
5146535;16;10/11/2020 11:30:00;Strada Urbana;VIALE DEI COLLI PORTUENSI;in corrispondenza;;del civico n.;396;;Infortunio per caduta del veicolo;Rettilineo;Due carreggiate;Asciutto;Asfaltata;Verticale ed orizzontale;Sereno;Normale;Buona;;1;0;0;2;12.4436;41.8649;-1;1;Autovettura privata;In marcia / fermata / arresto;Passeggero;F;Illeso;0;;Non accertato;Inesploso
5146535;16;10/11/2020 11:30:00;Strada Urbana;VIALE DEI COLLI PORTUENSI;in corrispondenza;;del civico n.;396;;Infortunio per caduta del veicolo;Rettilineo;Due carreggiate;Asciutto;Asfaltata;Verticale ed orizzontale;Sereno;Normale;Buona;;1;0;0;2;12.4436;41.8649;-1;2;Motociclo a solo;In marcia / fermata / arresto;Conducente;M;Rimandato;0;NON DECEDUTO;Non accertato;
5146539;2;10/11/2020 09:50:00;Strada Urbana;PIAZZALE STAZIONE DELL'ACQUA ACETOSA;da specificare;;;;fronte ingresso Stazione;Veicolo in marcia contro veicolo in sosta;Rettilineo;Una carreggiata a senso unico di marcia;Asciutto;Asfaltata;Orizzontale;Sereno;Scarso;Buona;;0;0;0;0;12.4872;41.9318;-1;1;Autovettura privata;In marcia / fermata / arresto;;;;;;;
5146539;2;10/11/2020 09:50:00;Strada Urbana;PIAZZALE STAZIONE DELL'ACQUA ACETOSA;da specificare;;;;fronte ingresso Stazione;Veicolo in marcia contro veicolo in sosta;Rettilineo;Una carreggiata a senso unico di marcia;Asciutto;Asfaltata;Orizzontale;Sereno;Scarso;Buona;;0;0;0;0;12.4872;41.9318;-1;2;Autovettura privata;Sosta;;;;;;;
5146542;10;10/11/2020 14:15:00;Strada Urbana;VIA TUSCOLANA;all'intersezione semaforizzata con;VIA CERZETO;VIA CERZETO;;;Scontro laterale fra veicoli in marcia;Intersezione semaforizzata;Pi� di due carreggiate;Asciutto;Asfaltata;Verticale ed orizzontale;Sereno;Normale;Buona;;0;0;0;3;12.6018;41.8361;-1;1;Autovettura privata;In marcia / fermata / arresto;Conducente;M;Illeso;0;;;
5146542;10;10/11/2020 14:15:00;Strada Urbana;VIA TUSCOLANA;all'intersezione semaforizzata con;VIA CERZETO;VIA CERZETO;;;Scontro laterale fra veicoli in marcia;Intersezione semaforizzata;Pi� di due carreggiate;Asciutto;Asfaltata;Verticale ed orizzontale;Sereno;Normale;Buona;;0;0;0;3;12.6018;41.8361;-1;1;Autovettura privata;In marcia / fermata / arresto;Passeggero;M;Illeso;0;;Non accertato;Inesploso
5146542;10;10/11/2020 14:15:00;Strada Urbana;VIA TUSCOLANA;all'intersezione semaforizzata con;VIA CERZETO;VIA CERZETO;;;Scontro laterale fra veicoli in marcia;Intersezione semaforizzata;Pi� di due carreggiate;Asciutto;Asfaltata;Verticale ed orizzontale;Sereno;Normale;Buona;;0;0;0;3;12.6018;41.8361;-1;2;Motociclo a solo;In marcia / fermata / arresto;Conducente;M;Illeso;0;;Non accertato;
5146647;9;10/11/2020 17:15:00;Strada Urbana;VIA SIRIA;in prossimit�;;del civico n.;10;;Scontro laterale fra veicoli in marcia;Rettilineo;Una carreggiata a doppio senso;Asciutto;Asfaltata;Orizzontale;Sereno;Normale;Buona;;0;0;0;4;12.5108;41.8752;-1;1;Autovettura privata;In marcia / fermata / arresto;Conducente;M;Illeso;0;;Non accertato;Inesploso
5146647;9;10/11/2020 17:15:00;Strada Urbana;VIA SIRIA;in prossimit�;;del civico n.;10;;Scontro laterale fra veicoli in marcia;Rettilineo;Una carreggiata a doppio senso;Asciutto;Asfaltata;Orizzontale;Sereno;Normale;Buona;;0;0;0;4;12.5108;41.8752;-1;1;Autovettura privata;In marcia / fermata / arresto;Passeggero;F;Illeso;0;;Non accertato;Inesploso
5146647;9;10/11/2020 17:15:00;Strada Urbana;VIA SIRIA;in prossimit�;;del civico n.;10;;Scontro laterale fra veicoli in marcia;Rettilineo;Una carreggiata a doppio senso;Asciutto;Asfaltata;Orizzontale;Sereno;Normale;Buona;;0;0;0;4;12.5108;41.8752;-1;1;Autovettura privata;In marcia / fermata / arresto;Passeggero;M;Illeso;0;;Non accertato;Inesploso
5146647;9;10/11/2020 17:15:00;Strada Urbana;VIA SIRIA;in prossimit�;;del civico n.;10;;Scontro laterale fra veicoli in marcia;Rettilineo;Una carreggiata a doppio senso;Asciutto;Asfaltata;Orizzontale;Sereno;Normale;Buona;;0;0;0;4;12.5108;41.8752;-1;2;Autovettura privata;In marcia / fermata / arresto;Conducente;M;Illeso;0;;Non accertato;Inesploso
5146713;11;10/11/2020 17:45:00;Strada Urbana;PIAZZA GIANCARLO VALLAURI;in prossimit�;;del civico n.;2;;Tamponamento;Rettilineo;Una carreggiata a senso unico di marcia;Asciutto;Asfaltata;Verticale ed orizzontale;Sereno;Normale;Sufficiente;;0;0;0;3;12.4828;41.8643;-1;1;Autovettura privata;In marcia / fermata / arresto;Conducente;M;Illeso;0;;Non accertato;Inesploso
5146713;11;10/11/2020 17:45:00;Strada Urbana;PIAZZA GIANCARLO VALLAURI;in prossimit�;;del civico n.;2;;Tamponamento;Rettilineo;Una carreggiata a senso unico di marcia;Asciutto;Asfaltata;Verticale ed orizzontale;Sereno;Normale;Sufficiente;;0;0;0;3;12.4828;41.8643;-1;2;Motociclo con passeggero;In marcia / fermata / arresto;Conducente;M;Illeso;0;;Non accertato;
5146713;11;10/11/2020 17:45:00;Strada Urbana;PIAZZA GIANCARLO VALLAURI;in prossimit�;;del civico n.;2;;Tamponamento;Rettilineo;Una carreggiata a senso unico di marcia;Asciutto;Asfaltata;Verticale ed orizzontale;Sereno;Normale;Sufficiente;;0;0;0;3;12.4828;41.8643;-1;2;Motociclo con passeggero;In marcia / fermata / arresto;Passeggero;M;Illeso;0;;Non accertato;
5146729;15;10/11/2020 09:20:00;Strada Urbana;VIA LUIGI CANDONI;in prossimit�;;del palo luce n.;14;;Veicolo in marcia contro veicolo in sosta;Rettilineo;Una carreggiata a doppio senso;Asciutto;Asfaltata;Orizzontale;Sereno;Scarso;Buona;;1;0;0;0;12.413;41.8312;-1;1;Autovettura privata;In marcia / fermata / arresto;Conducente;M;Rimandato;0;NON DECEDUTO;Non accertato;Inesploso
5146729;15;10/11/2020 09:20:00;Strada Urbana;VIA LUIGI CANDONI;in prossimit�;;del palo luce n.;14;;Veicolo in marcia contro veicolo in sosta;Rettilineo;Una carreggiata a doppio senso;Asciutto;Asfaltata;Orizzontale;Sereno;Scarso;Buona;;1;0;0;0;12.413;41.8312;-1;2;Autocarro inferiore 35 q.;Sosta;;;;;;;
5146734;15;10/11/2020 12:10:00;Strada Urbana;PIAZZA AUGUSTO RIGHI;all'intersezione semaforizzata con;VIALE GUGLIELMO MARCONI;VIALE GUGLIELMO MARCONI;;;Tamponamento;Intersezione semaforizzata;Due carreggiate;Asciutto;Asfaltata;Verticale ed orizzontale;Sereno;Normale;Buona;;2;0;0;0;12.4701;41.8618;-1;1;Motociclo a solo;In marcia / fermata / arresto;Conducente;M;Rimandato;0;NON DECEDUTO;Non accertato;
5146734;15;10/11/2020 12:10:00;Strada Urbana;PIAZZA AUGUSTO RIGHI;all'intersezione semaforizzata con;VIALE GUGLIELMO MARCONI;VIALE GUGLIELMO MARCONI;;;Tamponamento;Intersezione semaforizzata;Due carreggiate;Asciutto;Asfaltata;Verticale ed orizzontale;Sereno;Normale;Buona;;2;0;0;0;12.4701;41.8618;-1;2;Autovettura pubblica;In marcia / fermata / arresto;Conducente;M;Rimandato;0;NON DECEDUTO;Non accertato;Inesploso
5146741;15;10/11/2020 15:15:00;Strada Urbana;VIA PORTUENSE;da specificare;;;;dir. Fosso Magliana altezza Via L. Maroi;Veicolo in marcia contro ostacolo fisso;Rettilineo;Una carreggiata a doppio senso;Asciutto;Asfaltata;Orizzontale;Sereno;Normale;Buona;;0;0;0;1;12.414;41.8469;-1;1;Autobus di linea;In marcia / fermata / arresto;Conducente;M;Illeso;0;;Non accertato;Inesploso
5146980;11;10/11/2020 18:45:00;Strada Urbana;VIALE DEL TINTORETTO;all'intersezione con;VIA MARIO BIANCHINI;VIA MARIO BIANCHINI;;;Scontro laterale fra veicoli in marcia;Intersezione semaforizzata;Due carreggiate;Asciutto;Asfaltata;Verticale ed orizzontale;Sereno;Normale;Sufficiente;;0;0;0;2;12.5006;41.8328;-1;1;Autovettura privata;In marcia / fermata / arresto;Conducente;M;Illeso;0;;Non accertato;Inesploso
5146980;11;10/11/2020 18:45:00;Strada Urbana;VIALE DEL TINTORETTO;all'intersezione con;VIA MARIO BIANCHINI;VIA MARIO BIANCHINI;;;Scontro laterale fra veicoli in marcia;Intersezione semaforizzata;Due carreggiate;Asciutto;Asfaltata;Verticale ed orizzontale;Sereno;Normale;Sufficiente;;0;0;0;2;12.5006;41.8328;-1;2;Autovettura privata;In marcia / fermata / arresto;Conducente;M;Illeso;0;;;
5146998;10;10/11/2020 20:20:00;Strada Urbana;VIA FILIPPO SERAFINI;all'intersezione con;VIA GIUSEPPE SAREDO;VIA GIUSEPPE SAREDO;;;Scontro frontale/laterale DX fra veicoli in marcia;Incrocio;Una carreggiata a senso unico di marcia;Asciutto;Asfaltata;Verticale ed orizzontale;Sereno;Scarso;Sufficiente;;0;0;0;2;12.5727;41.8613;-1;1;Motociclo a solo;In marcia / fermata / arresto;Conducente;M;Illeso;0;;Non accertato;
5146998;10;10/11/2020 20:20:00;Strada Urbana;VIA FILIPPO SERAFINI;all'intersezione con;VIA GIUSEPPE SAREDO;VIA GIUSEPPE SAREDO;;;Scontro frontale/laterale DX fra veicoli in marcia;Incrocio;Una carreggiata a senso unico di marcia;Asciutto;Asfaltata;Verticale ed orizzontale;Sereno;Scarso;Sufficiente;;0;0;0;2;12.5727;41.8613;-1;2;Autovettura privata;In marcia / fermata / arresto;Conducente;F;Illeso;0;;Non accertato;Inesploso
5147016;15;10/11/2020 19:25:00;Strada Urbana;VIA DELL'IMBRECCIATO;in corrispondenza;;del civico n.;134H;;Investimento di pedone;Rettilineo;Una carreggiata a doppio senso;Asciutto;Asfaltata;Orizzontale;Sereno;Scarso;Sufficiente;;1;0;0;1;12.4467;41.854;-1;;;;Pedone;M;Rimandato;0;NON DECEDUTO;;
5147016;15;10/11/2020 19:25:00;Strada Urbana;VIA DELL'IMBRECCIATO;in corrispondenza;;del civico n.;134H;;Investimento di pedone;Rettilineo;Una carreggiata a doppio senso;Asciutto;Asfaltata;Orizzontale;Sereno;Scarso;Sufficiente;;1;0;0;1;12.4467;41.854;-1;1;Autovettura privata;In marcia / fermata / arresto;Conducente;M;Illeso;0;;;Inesploso
5147048;11;10/11/2020 12:00:00;Strada Urbana;VIALE GUGLIELMO MARCONI;all'intersezione semaforizzata con;PIAZZALE TOMMASO EDISON;PIAZZALE TOMMASO EDISON;;;Tamponamento;Intersezione semaforizzata;Pi� di due carreggiate;Asciutto;Asfaltata;Verticale ed orizzontale;Sereno;Intenso;Buona;;0;0;0;3;12.4709;41.8586;-1;1;Autovettura privata;In marcia / fermata / arresto;Conducente;M;Illeso;0;;Non accertato;
5147048;11;10/11/2020 12:00:00;Strada Urbana;VIALE GUGLIELMO MARCONI;all'intersezione semaforizzata con;PIAZZALE TOMMASO EDISON;PIAZZALE TOMMASO EDISON;;;Tamponamento;Intersezione semaforizzata;Pi� di due carreggiate;Asciutto;Asfaltata;Verticale ed orizzontale;Sereno;Intenso;Buona;;0;0;0;3;12.4709;41.8586;-1;1;Autovettura privata;In marcia / fermata / arresto;Passeggero;F;Illeso;0;;Non accertato;
5147048;11;10/11/2020 12:00:00;Strada Urbana;VIALE GUGLIELMO MARCONI;all'intersezione semaforizzata con;PIAZZALE TOMMASO EDISON;PIAZZALE TOMMASO EDISON;;;Tamponamento;Intersezione semaforizzata;Pi� di due carreggiate;Asciutto;Asfaltata;Verticale ed orizzontale;Sereno;Intenso;Buona;;0;0;0;3;12.4709;41.8586;-1;2;Motociclo a solo;In marcia / fermata / arresto;Conducente;M;Illeso;0;;;
5147052;20;10/11/2020 17:45:00;Strada Urbana;VIA TRIONFALE;in prossimit�;;del civico n.;13489;;Scontro laterale fra veicoli in marcia;Curva a visuale libera;Una carreggiata a senso unico di marcia;Asciutto;Asfaltata;Orizzontale;Sereno;Normale;Buona;;0;0;0;3;12.4083;41.9796;-1;1;Autovettura privata;In marcia / fermata / arresto;Conducente;M;Illeso;0;;Non accertato;Inesploso
5147052;20;10/11/2020 17:45:00;Strada Urbana;VIA TRIONFALE;in prossimit�;;del civico n.;13489;;Scontro laterale fra veicoli in marcia;Curva a visuale libera;Una carreggiata a senso unico di marcia;Asciutto;Asfaltata;Orizzontale;Sereno;Normale;Buona;;0;0;0;3;12.4083;41.9796;-1;1;Autovettura privata;In marcia / fermata / arresto;Passeggero;M;Illeso;0;;Non accertato;
5147052;20;10/11/2020 17:45:00;Strada Urbana;VIA TRIONFALE;in prossimit�;;del civico n.;13489;;Scontro laterale fra veicoli in marcia;Curva a visuale libera;Una carreggiata a senso unico di marcia;Asciutto;Asfaltata;Orizzontale;Sereno;Normale;Buona;;0;0;0;3;12.4083;41.9796;-1;2;Autovettura privata;In marcia / fermata / arresto;Conducente;M;Illeso;0;;Non accertato;Inesploso
5147068;1;10/11/2020 16:40:00;Strada Urbana;CAMPO DE' FIORI;in prossimit�;;del civico n.;22;;Veicolo in marcia contro ostacolo fisso;Rettilineo;Una carreggiata a senso unico di marcia;Asciutto;In cubetti di porfido;Assente;Sereno;Scarso;Buona;;0;0;0;1;12.4716;41.8957;0;1;Macchina operatrice;In marcia / fermata / arresto;Conducente;M;Illeso;0;;;