Protocollo;Gruppo;DataOraIncidente;Localizzazione1;STRADA1;Localizzazione2;STRADA2;Strada02;Chilometrica;DaSpecificare;NaturaIncidente;particolaritastrade;TipoStrada;FondoStradale;Pavimentazione;Segnaletica;CondizioneAtmosferica;Traffico;Visibilita;Illuminazione;NUM_FERITI;NUM_RISERVATA;NUM_MORTI;NUM_ILLESI;Longitudine;Latitudine;Confermato;Progressivo;TipoVeicolo;StatoVeicolo;TipoPersona;Sesso;Tipolesione;Deceduto;DecedutoDopo;CinturaCascoUtilizzato;Airbag;
5152096;4;13/11/2020 09:55:00;Strada Urbana;VIA GIUSEPPE DE SANTIS;da specificare;;;;prossimit� largo L. VISCONTI;Tamponamento;Rettilineo;Una carreggiata a doppio senso;Asciutto;Asfaltata;Verticale ed orizzontale;Sereno;Normale;Buona;;0;0;0;3;12.539;41.9655;-1;2;Autovettura privata;In marcia / fermata / arresto;Conducente;M;Illeso;0;;Non accertato;Inesistente
5152110;6;14/11/2020 06:40:00;Strada Urbana;VIA TOR DE' SCHIAVI;all'intersezione con;VIA ALATRI;VIA ALATRI;;;Scontro frontale/laterale SX fra veicoli in marcia;Incrocio;Due carreggiate;Bagnato (pioggia);Asfaltata;Verticale ed orizzontale;Nuvoloso;Scarso;Buona;;1;0;0;2;12.5594;41.8935;-1;1;Autovettura privata;In marcia / fermata / arresto;Conducente;M;Illeso;0;;Non accertato;Inesploso
5152110;6;14/11/2020 06:40:00;Strada Urbana;VIA TOR DE' SCHIAVI;all'intersezione con;VIA ALATRI;VIA ALATRI;;;Scontro frontale/laterale SX fra veicoli in marcia;Incrocio;Due carreggiate;Bagnato (pioggia);Asfaltata;Verticale ed orizzontale;Nuvoloso;Scarso;Buona;;1;0;0;2;12.5594;41.8935;-1;2;Autovettura privata;In marcia / fermata / arresto;Conducente;F;Illeso;0;;Non accertato;Inesploso
5152110;6;14/11/2020 06:40:00;Strada Urbana;VIA TOR DE' SCHIAVI;all'intersezione con;VIA ALATRI;VIA ALATRI;;;Scontro frontale/laterale SX fra veicoli in marcia;Incrocio;Due carreggiate;Bagnato (pioggia);Asfaltata;Verticale ed orizzontale;Nuvoloso;Scarso;Buona;;1;0;0;2;12.5594;41.8935;-1;3;Autovettura privata;In marcia / fermata / arresto;Conducente;F;Rifiuta cure immediate;0;NON DECEDUTO;Non accertato;Esploso
5152147;13;13/11/2020 10:45:00;Strada Urbana;PIAZZA DI S. MONICA;all'intersezione con;VIA DELLE GONDOLE;VIA DELLE GONDOLE;;;Scontro frontale/laterale DX fra veicoli in marcia;Incrocio;Una carreggiata a doppio senso;Asciutto;Asfaltata;Orizzontale;Sereno;Scarso;Buona;;0;0;0;3;12.2728;41.7366;-1;1;Autovettura privata;In marcia / fermata / arresto;Conducente;M;Illeso;0;;Non accertato;Inesploso
5152147;13;13/11/2020 10:45:00;Strada Urbana;PIAZZA DI S. MONICA;all'intersezione con;VIA DELLE GONDOLE;VIA DELLE GONDOLE;;;Scontro frontale/laterale DX fra veicoli in marcia;Incrocio;Una carreggiata a doppio senso;Asciutto;Asfaltata;Orizzontale;Sereno;Scarso;Buona;;0;0;0;3;12.2728;41.7366;-1;1;Autovettura privata;In marcia / fermata / arresto;Passeggero;F;Illeso;0;;Non accertato;Inesploso
5152147;13;13/11/2020 10:45:00;Strada Urbana;PIAZZA DI S. MONICA;all'intersezione con;VIA DELLE GONDOLE;VIA DELLE GONDOLE;;;Scontro frontale/laterale DX fra veicoli in marcia;Incrocio;Una carreggiata a doppio senso;Asciutto;Asfaltata;Orizzontale;Sereno;Scarso;Buona;;0;0;0;3;12.2728;41.7366;-1;2;Autovettura privata;In marcia / fermata / arresto;Conducente;M;Illeso;0;;Non accertato;Esploso
5152221;13;13/11/2020 12:35:00;Strada Urbana;VIA DI MACCHIA SAPONARA;all'intersezione con;VIA DI MACCHIA PALOCCO;VIA DI MACCHIA PALOCCO;;;Scontro frontale/laterale SX fra veicoli in marcia;Incrocio;Una carreggiata a doppio senso;Asciutto;Asfaltata;Assente;Sereno;Intenso;Buona;;0;0;0;5;12.3531;41.7747;-1;1;Autovettura privata;In marcia / fermata / arresto;Conducente;M;Illeso;0;;Non accertato;Inesploso
5152221;13;13/11/2020 12:35:00;Strada Urbana;VIA DI MACCHIA SAPONARA;all'intersezione con;VIA DI MACCHIA PALOCCO;VIA DI MACCHIA PALOCCO;;;Scontro frontale/laterale SX fra veicoli in marcia;Incrocio;Una carreggiata a doppio senso;Asciutto;Asfaltata;Assente;Sereno;Intenso;Buona;;0;0;0;5;12.3531;41.7747;-1;2;Autovettura privata;In marcia / fermata / arresto;Conducente;F;Illeso;0;;Non accertato;Inesploso
5152221;13;13/11/2020 12:35:00;Strada Urbana;VIA DI MACCHIA SAPONARA;all'intersezione con;VIA DI MACCHIA PALOCCO;VIA DI MACCHIA PALOCCO;;;Scontro frontale/laterale SX fra veicoli in marcia;Incrocio;Una carreggiata a doppio senso;Asciutto;Asfaltata;Assente;Sereno;Intenso;Buona;;0;0;0;5;12.3531;41.7747;-1;2;Autovettura privata;In marcia / fermata / arresto;Passeggero;F;Illeso;0;;;
5152221;13;13/11/2020 12:35:00;Strada Urbana;VIA DI MACCHIA SAPONARA;all'intersezione con;VIA DI MACCHIA PALOCCO;VIA DI MACCHIA PALOCCO;;;Scontro frontale/laterale SX fra veicoli in marcia;Incrocio;Una carreggiata a doppio senso;Asciutto;Asfaltata;Assente;Sereno;Intenso;Buona;;0;0;0;5;12.3531;41.7747;-1;2;Autovettura privata;In marcia / fermata / arresto;Passeggero;F;Illeso;0;;Non accertato;Inesploso
5152221;13;13/11/2020 12:35:00;Strada Urbana;VIA DI MACCHIA SAPONARA;all'intersezione con;VIA DI MACCHIA PALOCCO;VIA DI MACCHIA PALOCCO;;;Scontro frontale/laterale SX fra veicoli in marcia;Incrocio;Una carreggiata a doppio senso;Asciutto;Asfaltata;Assente;Sereno;Intenso;Buona;;0;0;0;5;12.3531;41.7747;-1;2;Autovettura privata;In marcia / fermata / arresto;Passeggero;F;Illeso;0;;Non accertato;Inesploso
5152221;13;13/11/2020 12:35:00;Strada Urbana;VIA DI MACCHIA SAPONARA;all'intersezione con;VIA DI MACCHIA PALOCCO;VIA DI MACCHIA PALOCCO;;;Scontro frontale/laterale SX fra veicoli in marcia;Incrocio;Una carreggiata a doppio senso;Asciutto;Asfaltata;Assente;Sereno;Intenso;Buona;;0;0;0;5;12.3531;41.7747;-1;3;Autovettura privata;Sosta;;;;;;;
5152257;4;13/11/2020 11:30:00;Strada Urbana;VIA RENATO FUCINI;all'intersezione con;VIA UMBERTO FRACCHIA;VIA UMBERTO FRACCHIA;;;Scontro laterale fra veicoli in marcia;Incrocio;Due carreggiate;Asciutto;Asfaltata;Verticale ed orizzontale;Sereno;Normale;Buona;;0;0;0;2;12.5496;41.9497;-1;1;Autovettura privata;In marcia / fermata / arresto;Conducente;F;Illeso;0;;Non accertato;Inesploso
5152257;4;13/11/2020 11:30:00;Strada Urbana;VIA RENATO FUCINI;all'intersezione con;VIA UMBERTO FRACCHIA;VIA UMBERTO FRACCHIA;;;Scontro laterale fra veicoli in marcia;Incrocio;Due carreggiate;Asciutto;Asfaltata;Verticale ed orizzontale;Sereno;Normale;Buona;;0;0;0;2;12.5496;41.9497;-1;2;Autovettura privata;In marcia / fermata / arresto;Conducente;F;Illeso;0;;Non accertato;Inesploso
5152272;13;13/11/2020 13:00:00;Strada Urbana;VIA DEL FOSSO DI DRAGONCELLO;da specificare;;;;prox. via dei pescatori;Veicolo in marcia contro ostacolo fisso;Rettilineo;Una carreggiata a doppio senso;Asciutto;Asfaltata;Assente;Sereno;Normale;Buona;;0;0;0;1;12.3299;41.7577;-1;1;Autovettura privata;In marcia / fermata / arresto;Conducente;M;Illeso;0;;Non accertato;Inesploso
5152317;4;13/11/2020 19:40:00;Strada Urbana;VIA NOMENTANA;da specificare;;;;prossimit� via Ettore ROMAGNOLI;Tamponamento;Rettilineo;Una carreggiata a doppio senso;Asciutto;Asfaltata;Verticale ed orizzontale;Sereno;Normale;Buona;;1;1;0;2;12.5736;41.959;-1;1;Autovettura privata;In marcia / fermata / arresto;Conducente;F;Illeso;0;;;
5152317;4;13/11/2020 19:40:00;Strada Urbana;VIA NOMENTANA;da specificare;;;;prossimit� via Ettore ROMAGNOLI;Tamponamento;Rettilineo;Una carreggiata a doppio senso;Asciutto;Asfaltata;Verticale ed orizzontale;Sereno;Normale;Buona;;1;1;0;2;12.5736;41.959;-1;1;Autovettura privata;In marcia / fermata / arresto;Passeggero;F;Illeso;0;;;
5152317;4;13/11/2020 19:40:00;Strada Urbana;VIA NOMENTANA;da specificare;;;;prossimit� via Ettore ROMAGNOLI;Tamponamento;Rettilineo;Una carreggiata a doppio senso;Asciutto;Asfaltata;Verticale ed orizzontale;Sereno;Normale;Buona;;1;1;0;2;12.5736;41.959;-1;2;Motociclo con passeggero;In marcia / fermata / arresto;Conducente;M;Rimandato;0;NON DECEDUTO;Non accertato;
5152317;4;13/11/2020 19:40:00;Strada Urbana;VIA NOMENTANA;da specificare;;;;prossimit� via Ettore ROMAGNOLI;Tamponamento;Rettilineo;Una carreggiata a doppio senso;Asciutto;Asfaltata;Verticale ed orizzontale;Sereno;Normale;Buona;;1;1;0;2;12.5736;41.959;-1;2;Motociclo con passeggero;In marcia / fermata / arresto;Passeggero;F;Prognosi riservata;0;NON DECEDUTO;;
5152322;1;14/11/2020 08:30:00;Strada Urbana;VIALE GUIDO BACCELLI;all'intersezione con;VIA ANTONINIANA;VIA ANTONINIANA;;;Veicolo in marcia contro ostacolo fisso;Incrocio;Una carreggiata a doppio senso;Bagnato (umidit� in atto);Asfaltata;Verticale ed orizzontale;Nuvoloso;Scarso;Buona;;0;0;0;2;12.4918;41.8775;-1;1;Autovettura privata;In marcia / fermata / arresto;Conducente;M;Illeso;0;;;
5152322;1;14/11/2020 08:30:00;Strada Urbana;VIALE GUIDO BACCELLI;all'intersezione con;VIA ANTONINIANA;VIA ANTONINIANA;;;Veicolo in marcia contro ostacolo fisso;Incrocio;Una carreggiata a doppio senso;Bagnato (umidit� in atto);Asfaltata;Verticale ed orizzontale;Nuvoloso;Scarso;Buona;;0;0;0;2;12.4918;41.8775;-1;2;Veicolo speciale;In marcia / fermata / arresto;Conducente;M;Illeso;0;;;
5152340;10;14/11/2020 07:25:00;Statale;VIA APPIA NUOVA;in prossimit�;;della chilometrica;14.7;;Fuoriuscita dalla sede stradale;Rettilineo;Due carreggiate;Bagnato (pioggia);Asfaltata;Verticale ed orizzontale;Nuvoloso;Normale;Buona;;0;0;0;1;12.5772;41.8074;-1;1;Autovettura privata;In marcia / fermata / arresto;Conducente;M;Illeso;0;;Non accertato;Esploso
5152359;4;13/11/2020 19:55:00;Strada Urbana;VIA GIANNA PEDERZINI;da specificare;;;;direz. viadotto, 30 mt dopo largo LABIA;Scontro laterale fra veicoli in marcia;Curva a visuale libera;Una carreggiata a doppio senso;Asciutto;Asfaltata;Verticale ed orizzontale;Sereno;Scarso;Buona;;0;0;0;2;12.5204;41.971;-1;1;Autovettura privata;In marcia / fermata / arresto;Conducente;M;Illeso;0;;;
5152359;4;13/11/2020 19:55:00;Strada Urbana;VIA GIANNA PEDERZINI;da specificare;;;;direz. viadotto, 30 mt dopo largo LABIA;Scontro laterale fra veicoli in marcia;Curva a visuale libera;Una carreggiata a doppio senso;Asciutto;Asfaltata;Verticale ed orizzontale;Sereno;Scarso;Buona;;0;0;0;2;12.5204;41.971;-1;2;Ciclomotore;In marcia / fermata / arresto;Conducente;F;Illeso;0;;;
5152633;20;13/11/2020 12:10:00;Regionale;VIA FLAMINIA;all'intersezione con;VIA DI GROTTAROSSA;VIA DI GROTTAROSSA;;;Scontro laterale fra veicoli in marcia;Intersezione stradale segnalata;Due carreggiate;Asciutto;Asfaltata;Verticale ed orizzontale;Sereno;Normale;Buona;;1;0;0;2;12.4718;41.9419;-1;1;Autovettura privata;In marcia / fermata / arresto;Conducente;F;Illeso;0;;Non accertato;Inesploso
5152633;20;13/11/2020 12:10:00;Regionale;VIA FLAMINIA;all'intersezione con;VIA DI GROTTAROSSA;VIA DI GROTTAROSSA;;;Scontro laterale fra veicoli in marcia;Intersezione stradale segnalata;Due carreggiate;Asciutto;Asfaltata;Verticale ed orizzontale;Sereno;Normale;Buona;;1;0;0;2;12.4718;41.9419;-1;1;Autovettura privata;In marcia / fermata / arresto;Passeggero;F;Illeso;0;;Non accertato;Inesploso
5152633;20;13/11/2020 12:10:00;Regionale;VIA FLAMINIA;all'intersezione con;VIA DI GROTTAROSSA;VIA DI GROTTAROSSA;;;Scontro laterale fra veicoli in marcia;Intersezione stradale segnalata;Due carreggiate;Asciutto;Asfaltata;Verticale ed orizzontale;Sereno;Normale;Buona;;1;0;0;2;12.4718;41.9419;-1;2;Motociclo a solo;In marcia / fermata / arresto;Conducente;F;Rimandato;0;NON DECEDUTO;Non accertato;
5152634;9;13/11/2020 14:30:00;Strada Urbana;VIA TUSCOLANA;in corrispondenza;;del civico n.;432/A;;Veicolo in marcia contro veicolo fermo;Rettilineo;Due carreggiate;Asciutto;Asfaltata;Verticale ed orizzontale;Nuvoloso;Normale;Buona;;0;0;0;1;12.534;41.8715;-1;2;Autovettura privata;In marcia / fermata / arresto;Conducente;M;Illeso;0;;Non accertato;Inesploso
5152648;20;13/11/2020 08:40:00;Strada Urbana;VIA FLAMINIA;all'intersezione con;VIA VALCHETTA CARTONI;VIA VALCHETTA CARTONI;;;Scontro frontale/laterale SX fra veicoli in marcia;Intersezione stradale segnalata;Una carreggiata a doppio senso;Asciutto;Asfaltata;Verticale ed orizzontale;Nuvoloso;Normale;Sufficiente;;1;0;0;1;12.4718;41.9419;-1;1;Autovettura privata;In marcia / fermata / arresto;Conducente;F;Illeso;0;;Non accertato;Inesploso
5152648;20;13/11/2020 08:40:00;Strada Urbana;VIA FLAMINIA;all'intersezione con;VIA VALCHETTA CARTONI;VIA VALCHETTA CARTONI;;;Scontro frontale/laterale SX fra veicoli in marcia;Intersezione stradale segnalata;Una carreggiata a doppio senso;Asciutto;Asfaltata;Verticale ed orizzontale;Nuvoloso;Normale;Sufficiente;;1;0;0;1;12.4718;41.9419;-1;2;Velocipede;In marcia / fermata / arresto;Conducente;M;Rimandato;0;NON DECEDUTO;Esente;
5153138;4;14/11/2020 08:30:00;Strada Urbana;VIALE CARMELO BENE;all'intersezione con;VIA PUPELLA MAGGIO;VIA PUPELLA MAGGIO;;;Scontro frontale/laterale SX fra veicoli in marcia;Incrocio;Pi� di due carreggiate;Asciutto;Asfaltata;Verticale ed orizzontale;Sereno;Scarso;Buona;;0;0;0;3;12.5334;41.9766;-1;1;Autocarro inferiore 35 q.;In marcia / fermata / arresto;Conducente;M;Illeso;0;;Non accertato;Inesploso
5153138;4;14/11/2020 08:30:00;Strada Urbana;VIALE CARMELO BENE;all'intersezione con;VIA PUPELLA MAGGIO;VIA PUPELLA MAGGIO;;;Scontro frontale/laterale SX fra veicoli in marcia;Incrocio;Pi� di due carreggiate;Asciutto;Asfaltata;Verticale ed orizzontale;Sereno;Scarso;Buona;;0;0;0;3;12.5334;41.9766;-1;2;Autovettura privata;In marcia / fermata / arresto;Conducente;M;Illeso;0;;Non accertato;Inesploso
5153138;4;14/11/2020 08:30:00;Strada Urbana;VIALE CARMELO BENE;all'intersezione con;VIA PUPELLA MAGGIO;VIA PUPELLA MAGGIO;;;Scontro frontale/laterale SX fra veicoli in marcia;Incrocio;Pi� di due carreggiate;Asciutto;Asfaltata;Verticale ed orizzontale;Sereno;Scarso;Buona;;0;0;0;3;12.5334;41.9766;-1;2;Autovettura privata;In marcia / fermata / arresto;Passeggero;F;Illeso;0;;Non accertato;Inesploso
5153163;5;13/11/2020 12:50:00;Strada Urbana;NUOVA CIRCONVALLAZIONE INTERNA;da specificare;;;;dir. salaria altezza ingresso galleria;Tamponamento Multiplo;Rettilineo;Due carreggiate;Asciutto;Asfaltata;Orizzontale;Sereno;Normale;Buona;;0;0;0;3;12.5339;41.908;-1;1;Autovettura privata;In marcia / fermata / arresto;Conducente;M;Illeso;0;;Non accertato;Inesploso
5153163;5;13/11/2020 12:50:00;Strada Urbana;NUOVA CIRCONVALLAZIONE INTERNA;da specificare;;;;dir. salaria altezza ingresso galleria;Tamponamento Multiplo;Rettilineo;Due carreggiate;Asciutto;Asfaltata;Orizzontale;Sereno;Normale;Buona;;0;0;0;3;12.5339;41.908;-1;2;Autovettura privata;In marcia / fermata / arresto;Conducente;M;Illeso;0;;Non accertato;
5153163;5;13/11/2020 12:50:00;Strada Urbana;NUOVA CIRCONVALLAZIONE INTERNA;da specificare;;;;dir. salaria altezza ingresso galleria;Tamponamento Multiplo;Rettilineo;Due carreggiate;Asciutto;Asfaltata;Orizzontale;Sereno;Normale;Buona;;0;0;0;3;12.5339;41.908;-1;3;Autovettura privata;In marcia / fermata / arresto;Conducente;F;Illeso;0;;Non accertato;
5153166;5;14/11/2020 10:20:00;Strada Urbana;VIA DI TOR CERVARA;in prossimit�;;del civico n.;220;;Scontro frontale fra veicoli in marcia;Curva senza visuale libera;Una carreggiata a senso unico di marcia;Asciutto;Asfaltata;Verticale ed orizzontale;Nuvoloso;Normale;Buona;;0;0;0;2;12.5913;41.914;-1;1;Autovettura privata;In marcia / fermata / arresto;Conducente;M;Illeso;0;;Non accertato;Inesploso
5153166;5;14/11/2020 10:20:00;Strada Urbana;VIA DI TOR CERVARA;in prossimit�;;del civico n.;220;;Scontro frontale fra veicoli in marcia;Curva senza visuale libera;Una carreggiata a senso unico di marcia;Asciutto;Asfaltata;Verticale ed orizzontale;Nuvoloso;Normale;Buona;;0;0;0;2;12.5913;41.914;-1;2;Autobus urbano;In marcia / fermata / arresto;Conducente;M;Illeso;0;;Non accertato;Inesploso
5153167;10;14/11/2020 11:20:00;Strada Urbana;VIA ANAGNINA;in corrispondenza;;del civico n.;380;;Tamponamento;Rettilineo;Due carreggiate;Bagnato (pioggia);Asfaltata;Verticale ed orizzontale;Pioggia in atto;Intenso;Buona;;0;0;0;4;12.6175;41.8159;-1;1;Autovettura privata;In marcia / fermata / arresto;Conducente;M;Illeso;0;;;
5153167;10;14/11/2020 11:20:00;Strada Urbana;VIA ANAGNINA;in corrispondenza;;del civico n.;380;;Tamponamento;Rettilineo;Due carreggiate;Bagnato (pioggia);Asfaltata;Verticale ed orizzontale;Pioggia in atto;Intenso;Buona;;0;0;0;4;12.6175;41.8159;-1;1;Autovettura privata;In marcia / fermata / arresto;Passeggero;F;Illeso;0;;;
5153167;10;14/11/2020 11:20:00;Strada Urbana;VIA ANAGNINA;in corrispondenza;;del civico n.;380;;Tamponamento;Rettilineo;Due carreggiate;Bagnato (pioggia);Asfaltata;Verticale ed orizzontale;Pioggia in atto;Intenso;Buona;;0;0;0;4;12.6175;41.8159;-1;1;Autovettura privata;In marcia / fermata / arresto;Passeggero;F;Illeso;0;;;
5153167;10;14/11/2020 11:20:00;Strada Urbana;VIA ANAGNINA;in corrispondenza;;del civico n.;380;;Tamponamento;Rettilineo;Due carreggiate;Bagnato (pioggia);Asfaltata;Verticale ed orizzontale;Pioggia in atto;Intenso;Buona;;0;0;0;4;12.6175;41.8159;-1;2;Autovettura privata;In marcia / fermata / arresto;Conducente;F;Illeso;0;;;
5153168;5;14/11/2020 18:00:00;Strada Urbana;VIA DEI DURANTINI;in corrispondenza;;del civico n.;374;;Tamponamento;Rettilineo;Una carreggiata a doppio senso;Asciutto;Asfaltata;Verticale ed orizzontale;Sereno;Scarso;Sufficiente;;0;0;0;1;12.546;41.9198;-1;1;Autovettura privata;In marcia / fermata / arresto;Conducente;M;Illeso;0;;Non accertato;
5153168;5;14/11/2020 18:00:00;Strada Urbana;VIA DEI DURANTINI;in corrispondenza;;del civico n.;374;;Tamponamento;Rettilineo;Una carreggiata a doppio senso;Asciutto;Asfaltata;Verticale ed orizzontale;Sereno;Scarso;Sufficiente;;0;0;0;1;12.546;41.9198;-1;2;Autovettura privata;Allontanatosi;;;;;;;
5153173;10;14/11/2020 12:20:00;Strada Urbana;VIA TUSCOLANA;in corrispondenza;;del civico n.;855;;Investimento di pedone;Rettilineo;Una carreggiata a doppio senso;Asciutto;Asfaltata;Verticale ed orizzontale;Nuvoloso;Normale;Buona;;1;0;0;1;12.5601;41.8582;-1;;;;Pedone;F;Rimandato;0;NON DECEDUTO;;
5153173;10;14/11/2020 12:20:00;Strada Urbana;VIA TUSCOLANA;in corrispondenza;;del civico n.;855;;Investimento di pedone;Rettilineo;Una carreggiata a doppio senso;Asciutto;Asfaltata;Verticale ed orizzontale;Nuvoloso;Normale;Buona;;1;0;0;1;12.5601;41.8582;-1;1;Monopattino elettrico;In marcia / fermata / arresto;Conducente;M;Illeso;0;;Non accertato;
5153182;4;14/11/2020 09:45:00;Provinciale entro l'abitato;VIA DIEGO FABBRI;all'intersezione con;VIA NOMENTANA;VIA NOMENTANA;;;Scontro frontale/laterale SX fra veicoli in marcia;Intersezione stradale segnalata;Una carreggiata a doppio senso;Asciutto;Asfaltata;Verticale ed orizzontale;Nuvoloso;Normale;Buona;;0;0;0;2;12.5633;41.9454;-1;1;Autovettura privata;In marcia / fermata / arresto;Conducente;M;Illeso;0;;Non accertato;Inesploso
5153182;4;14/11/2020 09:45:00;Provinciale entro l'abitato;VIA DIEGO FABBRI;all'intersezione con;VIA NOMENTANA;VIA NOMENTANA;;;Scontro frontale/laterale SX fra veicoli in marcia;Intersezione stradale segnalata;Una carreggiata a doppio senso;Asciutto;Asfaltata;Verticale ed orizzontale;Nuvoloso;Normale;Buona;;0;0;0;2;12.5633;41.9454;-1;2;Autovettura privata;In marcia / fermata / arresto;Conducente;M;Illeso;0;;Non accertato;Inesploso
5153193;10;14/11/2020 13:00:00;Strada Urbana;VIALE S. GIOVANNI BOSCO;all'intersezione con;PIAZZA S. GIOVANNI BOSCO;PIAZZA S. GIOVANNI BOSCO;;;Scontro laterale fra veicoli in marcia;Incrocio;Una carreggiata a senso unico di marcia;Asciutto;Asfaltata;Verticale ed orizzontale;Sereno;Normale;Buona;;0;0;0;2;12.5634;41.8596;-1;1;Autovettura privata;In marcia / fermata / arresto;Conducente;F;Illeso;0;;Non accertato;Inesploso
5153193;10;14/11/2020 13:00:00;Strada Urbana;VIALE S. GIOVANNI BOSCO;all'intersezione con;PIAZZA S. GIOVANNI BOSCO;PIAZZA S. GIOVANNI BOSCO;;;Scontro laterale fra veicoli in marcia;Incrocio;Una carreggiata a senso unico di marcia;Asciutto;Asfaltata;Verticale ed orizzontale;Sereno;Normale;Buona;;0;0;0;2;12.5634;41.8596;-1;2;Autovettura privata;In marcia / fermata / arresto;Conducente;M;Illeso;0;;Non accertato;Inesistente
5153194;5;14/11/2020 19:30:00;Strada Urbana;VIA DELLE CAVE DI PIETRALATA;all'intersezione con;VIA CUPRA;VIA CUPRA;;;Investimento di pedone;Incrocio;Una carreggiata a doppio senso;Asciutto;Asfaltata;Orizzontale;Sereno;Normale;Buona;;0;0;0;2;12.5398;41.9117;-1;;;;Pedone;M;Illeso;0;;;
5153194;5;14/11/2020 19:30:00;Strada Urbana;VIA DELLE CAVE DI PIETRALATA;all'intersezione con;VIA CUPRA;VIA CUPRA;;;Investimento di pedone;Incrocio;Una carreggiata a doppio senso;Asciutto;Asfaltata;Orizzontale;Sereno;Normale;Buona;;0;0;0;2;12.5398;41.9117;-1;1;Autovettura privata;In marcia / fermata / arresto;Conducente;M;Illeso;0;;;
5153199;2;12/11/2020 14:15:00;Strada Urbana;CORSO TRIESTE;da specificare;;;;alt. V.le Gorizia;Scontro laterale fra veicoli in marcia;Rettilineo;Una carreggiata a senso unico di marcia;Asciutto;Asfaltata;Verticale ed orizzontale;Sereno;Normale;Buona;;0;0;0;3;12.5099;41.9208;-1;1;Macchina operatrice;In marcia / fermata / arresto;Conducente;M;Illeso;0;;;
5153199;2;12/11/2020 14:15:00;Strada Urbana;CORSO TRIESTE;da specificare;;;;alt. V.le Gorizia;Scontro laterale fra veicoli in marcia;Rettilineo;Una carreggiata a senso unico di marcia;Asciutto;Asfaltata;Verticale ed orizzontale;Sereno;Normale;Buona;;0;0;0;3;12.5099;41.9208;-1;1;Macchina operatrice;In marcia / fermata / arresto;Passeggero;M;Illeso;0;;;
5153199;2;12/11/2020 14:15:00;Strada Urbana;CORSO TRIESTE;da specificare;;;;alt. V.le Gorizia;Scontro laterale fra veicoli in marcia;Rettilineo;Una carreggiata a senso unico di marcia;Asciutto;Asfaltata;Verticale ed orizzontale;Sereno;Normale;Buona;;0;0;0;3;12.5099;41.9208;-1;2;Autovettura privata;In marcia / fermata / arresto;Conducente;F;Illeso;0;;;
5153201;2;12/11/2020 10:25:00;Strada Urbana;VIALE POLA;all'intersezione con;VIA APPENNINI;VIA APPENNINI;;;Veicolo in marcia contro veicolo in sosta;Incrocio;Una carreggiata a senso unico di marcia;Asciutto;Asfaltata;Verticale ed orizzontale;Sereno;Normale;Buona;;0;0;0;1;12.5119;41.9182;-1;1;Autovettura privata;In marcia / fermata / arresto;Conducente;M;Illeso;0;;Non accertato;Inesploso
5153201;2;12/11/2020 10:25:00;Strada Urbana;VIALE POLA;all'intersezione con;VIA APPENNINI;VIA APPENNINI;;;Veicolo in marcia contro veicolo in sosta;Incrocio;Una carreggiata a senso unico di marcia;Asciutto;Asfaltata;Verticale ed orizzontale;Sereno;Normale;Buona;;0;0;0;1;12.5119;41.9182;-1;2;Autovettura privata;Sosta;;;;;;;
5153203;2;13/11/2020 16:20:00;Strada Urbana;VIALE PARIOLI;all'intersezione con;VIA NINO OXILIA;VIA NINO OXILIA;;;Scontro laterale fra veicoli in marcia;Intersezione stradale segnalata;Una carreggiata a senso unico di marcia;Asciutto;Asfaltata;Verticale ed orizzontale;Sereno;Normale;Buona;;0;0;0;2;12.4901;41.9245;-1;1;Autovettura privata;In marcia / fermata / arresto;Conducente;F;Illeso;0;;;
5153203;2;13/11/2020 16:20:00;Strada Urbana;VIALE PARIOLI;all'intersezione con;VIA NINO OXILIA;VIA NINO OXILIA;;;Scontro laterale fra veicoli in marcia;Intersezione stradale segnalata;Una carreggiata a senso unico di marcia;Asciutto;Asfaltata;Verticale ed orizzontale;Sereno;Normale;Buona;;0;0;0;2;12.4901;41.9245;-1;2;Autovettura privata;In marcia / fermata / arresto;Conducente;F;Illeso;0;;;
5153206;2;13/11/2020 17:30:00;Strada Urbana;VIA UMBERTO BOCCIONI;all'intersezione semaforizzata con;VIALE PARIOLI;VIALE PARIOLI;;;Scontro frontale/laterale DX fra veicoli in marcia;Intersezione semaforizzata;Una carreggiata a doppio senso;Asciutto;Asfaltata;Verticale ed orizzontale;Sereno;Normale;Buona;;1;0;0;1;12.4862;41.9272;-1;1;Autovettura privata;In marcia / fermata / arresto;Conducente;M;Illeso;0;;Non accertato;Inesploso
5153206;2;13/11/2020 17:30:00;Strada Urbana;VIA UMBERTO BOCCIONI;all'intersezione semaforizzata con;VIALE PARIOLI;VIALE PARIOLI;;;Scontro frontale/laterale DX fra veicoli in marcia;Intersezione semaforizzata;Una carreggiata a doppio senso;Asciutto;Asfaltata;Verticale ed orizzontale;Sereno;Normale;Buona;;1;0;0;1;12.4862;41.9272;-1;2;Motociclo a solo;In marcia / fermata / arresto;Conducente;M;Rifiuta cure immediate;0;NON DECEDUTO;Non accertato;