Protocollo;Gruppo;DataOraIncidente;Localizzazione1;STRADA1;Localizzazione2;STRADA2;Strada02;Chilometrica;DaSpecificare;NaturaIncidente;particolaritastrade;TipoStrada;FondoStradale;Pavimentazione;Segnaletica;CondizioneAtmosferica;Traffico;Visibilita;Illuminazione;NUM_FERITI;NUM_RISERVATA;NUM_MORTI;NUM_ILLESI;Longitudine;Latitudine;Confermato;Progressivo;TipoVeicolo;StatoVeicolo;TipoPersona;Sesso;Tipolesione;Deceduto;DecedutoDopo;CinturaCascoUtilizzato;Airbag;
5154022;15;14/11/2020 20:30:00;Strada Urbana;VIA DEL TEMPIO DEGLI ARVALI;all'intersezione con;VIA DEL TRULLO;VIA DEL TRULLO;;;Scontro frontale/laterale SX fra veicoli in marcia;Intersezione stradale segnalata;Una carreggiata a doppio senso;Bagnato (umidit� in atto);Asfaltata;Orizzontale;Nuvoloso;Scarso;Buona;;1;0;0;2;12.4338;41.8344;-1;1;Autovettura privata;In marcia / fermata / arresto;Conducente;F;Rimandato;0;NON DECEDUTO;Non accertato;
5154022;15;14/11/2020 20:30:00;Strada Urbana;VIA DEL TEMPIO DEGLI ARVALI;all'intersezione con;VIA DEL TRULLO;VIA DEL TRULLO;;;Scontro frontale/laterale SX fra veicoli in marcia;Intersezione stradale segnalata;Una carreggiata a doppio senso;Bagnato (umidit� in atto);Asfaltata;Orizzontale;Nuvoloso;Scarso;Buona;;1;0;0;2;12.4338;41.8344;-1;1;Autovettura privata;In marcia / fermata / arresto;Passeggero;F;Illeso;0;;Non accertato;
5154022;15;14/11/2020 20:30:00;Strada Urbana;VIA DEL TEMPIO DEGLI ARVALI;all'intersezione con;VIA DEL TRULLO;VIA DEL TRULLO;;;Scontro frontale/laterale SX fra veicoli in marcia;Intersezione stradale segnalata;Una carreggiata a doppio senso;Bagnato (umidit� in atto);Asfaltata;Orizzontale;Nuvoloso;Scarso;Buona;;1;0;0;2;12.4338;41.8344;-1;2;Autovettura privata;In marcia / fermata / arresto;Conducente;M;Illeso;0;;Non accertato;
5154023;13;15/11/2020 17:50:00;Strada Urbana;LUNGOMARE DUILIO;in prossimit�;;del civico n.;22;;Veicolo in marcia contro veicoli in sosta;Rettilineo;Due carreggiate;Asciutto;Asfaltata;Verticale ed orizzontale;Sereno;Normale;Buona;;1;0;0;5;12.2989;41.7207;-1;1;Autovettura privata;In marcia / fermata / arresto;Conducente;M;Illeso;0;;;
5154023;13;15/11/2020 17:50:00;Strada Urbana;LUNGOMARE DUILIO;in prossimit�;;del civico n.;22;;Veicolo in marcia contro veicoli in sosta;Rettilineo;Due carreggiate;Asciutto;Asfaltata;Verticale ed orizzontale;Sereno;Normale;Buona;;1;0;0;5;12.2989;41.7207;-1;2;Autovettura privata;In marcia / fermata / arresto;Conducente;M;Illeso;0;;;
5154023;13;15/11/2020 17:50:00;Strada Urbana;LUNGOMARE DUILIO;in prossimit�;;del civico n.;22;;Veicolo in marcia contro veicoli in sosta;Rettilineo;Due carreggiate;Asciutto;Asfaltata;Verticale ed orizzontale;Sereno;Normale;Buona;;1;0;0;5;12.2989;41.7207;-1;2;Autovettura privata;In marcia / fermata / arresto;Passeggero;M;Illeso;0;;;
5154023;13;15/11/2020 17:50:00;Strada Urbana;LUNGOMARE DUILIO;in prossimit�;;del civico n.;22;;Veicolo in marcia contro veicoli in sosta;Rettilineo;Due carreggiate;Asciutto;Asfaltata;Verticale ed orizzontale;Sereno;Normale;Buona;;1;0;0;5;12.2989;41.7207;-1;2;Autovettura privata;In marcia / fermata / arresto;Passeggero;F;Illeso;0;;Non accertato;Inesploso
5154023;13;15/11/2020 17:50:00;Strada Urbana;LUNGOMARE DUILIO;in prossimit�;;del civico n.;22;;Veicolo in marcia contro veicoli in sosta;Rettilineo;Due carreggiate;Asciutto;Asfaltata;Verticale ed orizzontale;Sereno;Normale;Buona;;1;0;0;5;12.2989;41.7207;-1;2;Autovettura privata;In marcia / fermata / arresto;Passeggero;F;Rimandato;0;NON DECEDUTO;Non accertato;Inesploso
5154023;13;15/11/2020 17:50:00;Strada Urbana;LUNGOMARE DUILIO;in prossimit�;;del civico n.;22;;Veicolo in marcia contro veicoli in sosta;Rettilineo;Due carreggiate;Asciutto;Asfaltata;Verticale ed orizzontale;Sereno;Normale;Buona;;1;0;0;5;12.2989;41.7207;-1;2;Autovettura privata;In marcia / fermata / arresto;Passeggero;F;Illeso;0;;Non accertato;Inesistente
5154023;13;15/11/2020 17:50:00;Strada Urbana;LUNGOMARE DUILIO;in prossimit�;;del civico n.;22;;Veicolo in marcia contro veicoli in sosta;Rettilineo;Due carreggiate;Asciutto;Asfaltata;Verticale ed orizzontale;Sereno;Normale;Buona;;1;0;0;5;12.2989;41.7207;-1;3;Autovettura privata;Sosta;;;;;;;
5154023;13;15/11/2020 17:50:00;Strada Urbana;LUNGOMARE DUILIO;in prossimit�;;del civico n.;22;;Veicolo in marcia contro veicoli in sosta;Rettilineo;Due carreggiate;Asciutto;Asfaltata;Verticale ed orizzontale;Sereno;Normale;Buona;;1;0;0;5;12.2989;41.7207;-1;4;Autovettura privata;Sosta;;;;;;;
5154028;8;15/11/2020 19:20:00;Provinciale;VIA POLENSE;in prossimit�;;della chilometrica;29.5;;Fuoriuscita dalla sede stradale;Rettilineo;Una carreggiata a doppio senso;Bagnato (umidit� in atto);Asfaltata;Orizzontale;Sereno;Scarso;Insufficiente;;1;0;0;0;12.7087;41.9031;-1;1;Autovettura privata;In marcia / fermata / arresto;Conducente;M;Ricoverato;0;NON DECEDUTO;Non accertato;Esploso
5154029;15;15/11/2020 19:20:00;Strada Urbana;VIA DELLA CASETTA MATTEI;da specificare;;;;fronte civico 427;Infortunio per caduta del veicolo;Rettilineo;Una carreggiata a doppio senso;Asciutto;Asfaltata;Verticale ed orizzontale;Sereno;Normale;Buona;;1;0;0;0;12.4196;41.8579;-1;1;Motociclo a solo;In marcia / fermata / arresto;Conducente;M;Rifiuta cure immediate;0;NON DECEDUTO;Non accertato;
5154032;20;15/11/2020 12:34:00;Strada Urbana;VIA CASSIA;in corrispondenza;;del civico n.;1707;;Scontro frontale/laterale SX fra veicoli in marcia;Rettilineo;Una carreggiata a doppio senso;Asciutto;Asfaltata;Verticale ed orizzontale;Nebbia;Normale;Buona;;0;0;0;4;12.3798;42.0071;-1;1;Autovettura privata;In marcia / fermata / arresto;Conducente;F;Illeso;0;;Non accertato;Inesploso
5154032;20;15/11/2020 12:34:00;Strada Urbana;VIA CASSIA;in corrispondenza;;del civico n.;1707;;Scontro frontale/laterale SX fra veicoli in marcia;Rettilineo;Una carreggiata a doppio senso;Asciutto;Asfaltata;Verticale ed orizzontale;Nebbia;Normale;Buona;;0;0;0;4;12.3798;42.0071;-1;1;Autovettura privata;In marcia / fermata / arresto;Passeggero;M;Illeso;0;;Non accertato;Inesploso
5154032;20;15/11/2020 12:34:00;Strada Urbana;VIA CASSIA;in corrispondenza;;del civico n.;1707;;Scontro frontale/laterale SX fra veicoli in marcia;Rettilineo;Una carreggiata a doppio senso;Asciutto;Asfaltata;Verticale ed orizzontale;Nebbia;Normale;Buona;;0;0;0;4;12.3798;42.0071;-1;2;Autovettura privata;In marcia / fermata / arresto;Conducente;M;Illeso;0;;Non accertato;Inesploso
5154032;20;15/11/2020 12:34:00;Strada Urbana;VIA CASSIA;in corrispondenza;;del civico n.;1707;;Scontro frontale/laterale SX fra veicoli in marcia;Rettilineo;Una carreggiata a doppio senso;Asciutto;Asfaltata;Verticale ed orizzontale;Nebbia;Normale;Buona;;0;0;0;4;12.3798;42.0071;-1;2;Autovettura privata;In marcia / fermata / arresto;Passeggero;F;Illeso;0;;Non accertato;Inesploso
5154033;8;15/11/2020 19:50:00;Strada Urbana;VIA PRENESTINA;in corrispondenza;;del civico n.;1227;;Veicolo in marcia contro ostacolo fisso;Rettilineo;Una carreggiata a doppio senso;Asciutto;Asfaltata;Verticale ed orizzontale;Sereno;Normale;Buona;;0;0;0;4;12.6316;41.8927;-1;1;Autovettura privata;In marcia / fermata / arresto;Conducente;M;Illeso;0;;Non accertato;Inesploso
5154033;8;15/11/2020 19:50:00;Strada Urbana;VIA PRENESTINA;in corrispondenza;;del civico n.;1227;;Veicolo in marcia contro ostacolo fisso;Rettilineo;Una carreggiata a doppio senso;Asciutto;Asfaltata;Verticale ed orizzontale;Sereno;Normale;Buona;;0;0;0;4;12.6316;41.8927;-1;1;Autovettura privata;In marcia / fermata / arresto;Passeggero;F;Illeso;0;;Non accertato;Inesistente
5154033;8;15/11/2020 19:50:00;Strada Urbana;VIA PRENESTINA;in corrispondenza;;del civico n.;1227;;Veicolo in marcia contro ostacolo fisso;Rettilineo;Una carreggiata a doppio senso;Asciutto;Asfaltata;Verticale ed orizzontale;Sereno;Normale;Buona;;0;0;0;4;12.6316;41.8927;-1;1;Autovettura privata;In marcia / fermata / arresto;Passeggero;F;Illeso;0;;Non accertato;Inesistente
5154033;8;15/11/2020 19:50:00;Strada Urbana;VIA PRENESTINA;in corrispondenza;;del civico n.;1227;;Veicolo in marcia contro ostacolo fisso;Rettilineo;Una carreggiata a doppio senso;Asciutto;Asfaltata;Verticale ed orizzontale;Sereno;Normale;Buona;;0;0;0;4;12.6316;41.8927;-1;1;Autovettura privata;In marcia / fermata / arresto;Passeggero;M;Illeso;0;;Non accertato;Inesistente
5154035;11;14/11/2020 17:30:00;Strada Urbana;VIA DI TOR CARBONE;in prossimit�;;del palo luce n.;49;;Scontro frontale fra veicoli in marcia;Curva senza visuale libera;Una carreggiata a doppio senso;Bagnato (umidit� in atto);Asfaltata;Orizzontale;Sereno;Scarso;Insufficiente;;3;0;0;0;12.5326;41.8306;-1;1;Autovettura privata;In marcia / fermata / arresto;Conducente;F;Rimandato;0;NON DECEDUTO;Non accertato;Esploso
5154035;11;14/11/2020 17:30:00;Strada Urbana;VIA DI TOR CARBONE;in prossimit�;;del palo luce n.;49;;Scontro frontale fra veicoli in marcia;Curva senza visuale libera;Una carreggiata a doppio senso;Bagnato (umidit� in atto);Asfaltata;Orizzontale;Sereno;Scarso;Insufficiente;;3;0;0;0;12.5326;41.8306;-1;1;Autovettura privata;In marcia / fermata / arresto;Passeggero;M;Rimandato;0;NON DECEDUTO;Non accertato;Esploso
5154035;11;14/11/2020 17:30:00;Strada Urbana;VIA DI TOR CARBONE;in prossimit�;;del palo luce n.;49;;Scontro frontale fra veicoli in marcia;Curva senza visuale libera;Una carreggiata a doppio senso;Bagnato (umidit� in atto);Asfaltata;Orizzontale;Sereno;Scarso;Insufficiente;;3;0;0;0;12.5326;41.8306;-1;2;Autocarro inferiore 35 q.;In marcia / fermata / arresto;Conducente;M;Rimandato;0;NON DECEDUTO;Non accertato;Inesistente
5154043;15;15/11/2020 20:25:00;Strada Urbana;PIAZZA AUGUSTO RIGHI;in corrispondenza;;del palo luce n.;35;;Tamponamento;Rettilineo;Due carreggiate;Asciutto;Asfaltata;Verticale ed orizzontale;Nuvoloso;Scarso;Buona;;1;0;0;1;12.4701;41.8618;-1;1;Autovettura privata;In marcia / fermata / arresto;Conducente;M;Rimandato;0;NON DECEDUTO;Non accertato;Inesploso
5154043;15;15/11/2020 20:25:00;Strada Urbana;PIAZZA AUGUSTO RIGHI;in corrispondenza;;del palo luce n.;35;;Tamponamento;Rettilineo;Due carreggiate;Asciutto;Asfaltata;Verticale ed orizzontale;Nuvoloso;Scarso;Buona;;1;0;0;1;12.4701;41.8618;-1;2;Autovettura privata;In marcia / fermata / arresto;Conducente;M;Illeso;0;;Non accertato;Inesploso
5154045;11;15/11/2020 11:20:00;Provinciale entro l'abitato;VIA ARDEATINA;in prossimit�;;del civico n.;561;;Tamponamento;Rettilineo;Una carreggiata a senso unico di marcia;Bagnato (pioggia);Asfaltata;Verticale ed orizzontale;Nuvoloso;Normale;Buona;;0;0;0;7;12.5184;41.8266;-1;1;Autovettura privata;In marcia / fermata / arresto;Conducente;F;Illeso;0;;Non accertato;Inesploso
5154045;11;15/11/2020 11:20:00;Provinciale entro l'abitato;VIA ARDEATINA;in prossimit�;;del civico n.;561;;Tamponamento;Rettilineo;Una carreggiata a senso unico di marcia;Bagnato (pioggia);Asfaltata;Verticale ed orizzontale;Nuvoloso;Normale;Buona;;0;0;0;7;12.5184;41.8266;-1;1;Autovettura privata;In marcia / fermata / arresto;Passeggero;M;Illeso;0;;Non accertato;Inesploso
5154045;11;15/11/2020 11:20:00;Provinciale entro l'abitato;VIA ARDEATINA;in prossimit�;;del civico n.;561;;Tamponamento;Rettilineo;Una carreggiata a senso unico di marcia;Bagnato (pioggia);Asfaltata;Verticale ed orizzontale;Nuvoloso;Normale;Buona;;0;0;0;7;12.5184;41.8266;-1;1;Autovettura privata;In marcia / fermata / arresto;Passeggero;F;Illeso;0;;Non accertato;Inesistente
5154045;11;15/11/2020 11:20:00;Provinciale entro l'abitato;VIA ARDEATINA;in prossimit�;;del civico n.;561;;Tamponamento;Rettilineo;Una carreggiata a senso unico di marcia;Bagnato (pioggia);Asfaltata;Verticale ed orizzontale;Nuvoloso;Normale;Buona;;0;0;0;7;12.5184;41.8266;-1;1;Autovettura privata;In marcia / fermata / arresto;Passeggero;M;Illeso;0;;Non accertato;Inesistente
5154045;11;15/11/2020 11:20:00;Provinciale entro l'abitato;VIA ARDEATINA;in prossimit�;;del civico n.;561;;Tamponamento;Rettilineo;Una carreggiata a senso unico di marcia;Bagnato (pioggia);Asfaltata;Verticale ed orizzontale;Nuvoloso;Normale;Buona;;0;0;0;7;12.5184;41.8266;-1;2;Autovettura privata;In marcia / fermata / arresto;Conducente;M;Illeso;0;;Non accertato;Inesploso
5154045;11;15/11/2020 11:20:00;Provinciale entro l'abitato;VIA ARDEATINA;in prossimit�;;del civico n.;561;;Tamponamento;Rettilineo;Una carreggiata a senso unico di marcia;Bagnato (pioggia);Asfaltata;Verticale ed orizzontale;Nuvoloso;Normale;Buona;;0;0;0;7;12.5184;41.8266;-1;2;Autovettura privata;In marcia / fermata / arresto;Passeggero;F;Illeso;0;;Non accertato;Inesploso
5154045;11;15/11/2020 11:20:00;Provinciale entro l'abitato;VIA ARDEATINA;in prossimit�;;del civico n.;561;;Tamponamento;Rettilineo;Una carreggiata a senso unico di marcia;Bagnato (pioggia);Asfaltata;Verticale ed orizzontale;Nuvoloso;Normale;Buona;;0;0;0;7;12.5184;41.8266;-1;2;Autovettura privata;In marcia / fermata / arresto;Passeggero;F;Illeso;0;;Non accertato;Inesistente
5154066;18;15/11/2020 11:00:00;Strada Urbana;VIA DI BOCCEA;in prossimit�;;del civico n.;180;;Veicolo in marcia contro veicolo fermo;Rettilineo;Una carreggiata a doppio senso;Asciutto;Asfaltata;Verticale ed orizzontale;Sereno;Normale;Buona;;0;0;0;2;12.423;41.903;-1;1;Autovettura privata;In marcia / fermata / arresto;Conducente;F;Illeso;0;;;
5154066;18;15/11/2020 11:00:00;Strada Urbana;VIA DI BOCCEA;in prossimit�;;del civico n.;180;;Veicolo in marcia contro veicolo fermo;Rettilineo;Una carreggiata a doppio senso;Asciutto;Asfaltata;Verticale ed orizzontale;Sereno;Normale;Buona;;0;0;0;2;12.423;41.903;-1;2;Autovettura privata;In marcia / fermata / arresto;Conducente;F;Illeso;0;;;
5154069;11;15/11/2020 14:40:00;Strada Urbana;VIA RUZZANTE;in corrispondenza;;del civico n.;4;;Veicolo in marcia contro veicoli in sosta;Rettilineo;Una carreggiata a doppio senso;Asciutto;Asfaltata;Verticale ed orizzontale;Sereno;Scarso;Buona;;0;0;0;0;12.4811;41.8494;-1;1;Autovettura privata;In marcia / fermata / arresto;;;;;;;
5154069;11;15/11/2020 14:40:00;Strada Urbana;VIA RUZZANTE;in corrispondenza;;del civico n.;4;;Veicolo in marcia contro veicoli in sosta;Rettilineo;Una carreggiata a doppio senso;Asciutto;Asfaltata;Verticale ed orizzontale;Sereno;Scarso;Buona;;0;0;0;0;12.4811;41.8494;-1;2;Autovettura privata;Sosta;;;;;;;
5154069;11;15/11/2020 14:40:00;Strada Urbana;VIA RUZZANTE;in corrispondenza;;del civico n.;4;;Veicolo in marcia contro veicoli in sosta;Rettilineo;Una carreggiata a doppio senso;Asciutto;Asfaltata;Verticale ed orizzontale;Sereno;Scarso;Buona;;0;0;0;0;12.4811;41.8494;-1;3;Autovettura privata;Sosta;;;;;;;
5154069;11;15/11/2020 14:40:00;Strada Urbana;VIA RUZZANTE;in corrispondenza;;del civico n.;4;;Veicolo in marcia contro veicoli in sosta;Rettilineo;Una carreggiata a doppio senso;Asciutto;Asfaltata;Verticale ed orizzontale;Sereno;Scarso;Buona;;0;0;0;0;12.4811;41.8494;-1;4;Autovettura privata;Sosta;;;;;;;
5154078;4;14/11/2020 22:15:00;Strada Urbana;VIA DELLA BUFALOTTA;in corrispondenza;;del civico n.;284;;Scontro frontale/laterale SX fra veicoli in marcia;Rettilineo;Una carreggiata a doppio senso;Bagnato (umidit� in atto);Asfaltata;Verticale ed orizzontale;Nuvoloso;Normale;Buona;;1;0;0;1;12.5432;41.9521;-1;1;Autovettura privata;In marcia / fermata / arresto;Conducente;M;Rimandato;0;NON DECEDUTO;Non accertato;Inesploso
5154078;4;14/11/2020 22:15:00;Strada Urbana;VIA DELLA BUFALOTTA;in corrispondenza;;del civico n.;284;;Scontro frontale/laterale SX fra veicoli in marcia;Rettilineo;Una carreggiata a doppio senso;Bagnato (umidit� in atto);Asfaltata;Verticale ed orizzontale;Nuvoloso;Normale;Buona;;1;0;0;1;12.5432;41.9521;-1;2;Autovettura privata;In marcia / fermata / arresto;Conducente;M;Illeso;0;;;Esploso
5154084;20;15/11/2020 12:55:00;Strada Urbana;VIA DI GROTTAROSSA;in corrispondenza;;del civico n.;56;;Veicolo in marcia contro ostacolo accidentale;Curva a visuale libera;Una carreggiata a doppio senso;Asciutto;Asfaltata;Verticale ed orizzontale;Nuvoloso;Normale;Buona;;0;0;0;2;12.4376;41.9716;-1;1;Autovettura privata;In marcia / fermata / arresto;Conducente;F;Illeso;0;;Non accertato;
5154084;20;15/11/2020 12:55:00;Strada Urbana;VIA DI GROTTAROSSA;in corrispondenza;;del civico n.;56;;Veicolo in marcia contro ostacolo accidentale;Curva a visuale libera;Una carreggiata a doppio senso;Asciutto;Asfaltata;Verticale ed orizzontale;Nuvoloso;Normale;Buona;;0;0;0;2;12.4376;41.9716;-1;1;Autovettura privata;In marcia / fermata / arresto;Passeggero;M;Illeso;0;;;
5154088;20;15/11/2020 21:10:00;Strada Urbana;VIA DELLA GIUSTINIANA;da specificare;;;;CIV. 271 (INGRESSO SUPERMERCATO PIM);Scontro frontale fra veicoli in marcia;Rettilineo;Una carreggiata a doppio senso;Asciutto;Asfaltata;Assente;Nuvoloso;Scarso;Sufficiente;;0;0;0;2;12.4753;42.0072;-1;1;Autovettura privata;In marcia / fermata / arresto;Conducente;M;Illeso;0;;Non utilizzato;Inesploso
5154088;20;15/11/2020 21:10:00;Strada Urbana;VIA DELLA GIUSTINIANA;da specificare;;;;CIV. 271 (INGRESSO SUPERMERCATO PIM);Scontro frontale fra veicoli in marcia;Rettilineo;Una carreggiata a doppio senso;Asciutto;Asfaltata;Assente;Nuvoloso;Scarso;Sufficiente;;0;0;0;2;12.4753;42.0072;-1;2;Autovettura privata;In marcia / fermata / arresto;Conducente;M;Illeso;0;;Non accertato;Inesploso
5154089;1;14/11/2020 15:20:00;;VIA BORGHESE;da specificare;;;;.;Infortunio per sola frenata improvvisa;;;;;;;;;;1;0;0;0;12.476;41.9041;0;1;Velocipede;In marcia / fermata / arresto;Conducente;M;Rimandato;0;NON DECEDUTO;Esente;
5154094;17;13/11/2020 14:20:00;Strada Urbana;VIA VALADIER;in corrispondenza;;del civico n.;40 D;;Tamponamento;Rettilineo;Una carreggiata a senso unico di marcia;Asciutto;Asfaltata;Verticale ed orizzontale;Sereno;Intenso;Buona;;1;0;0;1;12.4687;41.9081;-1;1;Autocarro inferiore 35 q.;In marcia / fermata / arresto;Conducente;M;Illeso;0;;;
5154094;17;13/11/2020 14:20:00;Strada Urbana;VIA VALADIER;in corrispondenza;;del civico n.;40 D;;Tamponamento;Rettilineo;Una carreggiata a senso unico di marcia;Asciutto;Asfaltata;Verticale ed orizzontale;Sereno;Intenso;Buona;;1;0;0;1;12.4687;41.9081;-1;2;Motociclo a solo;In marcia / fermata / arresto;Conducente;M;Rimandato;0;NON DECEDUTO;;
5154097;18;13/11/2020 21:30:00;Strada Urbana;VIA DI BOCCEA;all'intersezione semaforizzata con;VIA NAZARETH;VIA NAZARETH;;;Veicolo in marcia contro ostacolo fisso;Intersezione semaforizzata;Due carreggiate;Asciutto;Asfaltata;Verticale ed orizzontale;Sereno;Scarso;Buona;;1;0;0;0;12.408;41.9071;-1;1;Autovettura privata;In marcia / fermata / arresto;Conducente;M;Rimandato;0;NON DECEDUTO;;
5154098;19;13/11/2020 09:30:00;Strada Urbana;LARGO AGOSTINO GEMELLI;da specificare;;;;Int. Parch. liv. 3;Tamponamento;Rettilineo;Una carreggiata a senso unico di marcia;Asciutto;Asfaltata;Assente;Sereno;Intenso;Buona;;0;0;0;1;12.4287;41.9292;-1;1;Autovettura privata;In marcia / fermata / arresto;Conducente;M;Illeso;0;;Non accertato;Inesploso
5154098;19;13/11/2020 09:30:00;Strada Urbana;LARGO AGOSTINO GEMELLI;da specificare;;;;Int. Parch. liv. 3;Tamponamento;Rettilineo;Una carreggiata a senso unico di marcia;Asciutto;Asfaltata;Assente;Sereno;Intenso;Buona;;0;0;0;1;12.4287;41.9292;-1;2;Autovettura privata;Allontanatosi;;;;;;;
5154099;15;14/11/2020 18:30:00;Strada Urbana;VIA CORTAZZONE;in prossimit�;;del civico n.;35;;Veicolo in marcia contro veicolo in sosta;Rettilineo;Una carreggiata a doppio senso;Asciutto;Asfaltata;Assente;Sereno;Scarso;Sufficiente;;0;0;0;1;12.4915;41.8985;-1;1;Autovettura privata;Sosta;;;;;;;
5154099;15;14/11/2020 18:30:00;Strada Urbana;VIA CORTAZZONE;in prossimit�;;del civico n.;35;;Veicolo in marcia contro veicolo in sosta;Rettilineo;Una carreggiata a doppio senso;Asciutto;Asfaltata;Assente;Sereno;Scarso;Sufficiente;;0;0;0;1;12.4915;41.8985;-1;2;Autovettura privata;In marcia / fermata / arresto;Conducente;F;Illeso;0;;;
5154118;18;15/11/2020 12:00:00;Statale entro l'abitato;VIA AURELIA;in prossimit�;;della chilometrica;10;;Ribaltamento senza urto contro ostacolo fisso;Rettilineo;Due carreggiate;Asciutto;Asfaltata;Verticale ed orizzontale;Nuvoloso;Normale;Buona;;1;0;0;0;12.3826;41.885;-1;1;Motociclo a solo;In marcia / fermata / arresto;Conducente;M;Rimandato;0;NON DECEDUTO;Non accertato;
5154125;19;13/11/2020 16:25:00;Strada Urbana;GALLERIA GIOVANNI XXIII;in prossimit�;;della chilometrica;1.1;;Tamponamento;Galleria illuminata;Una carreggiata a senso unico di marcia;Asciutto;Asfaltata;Verticale ed orizzontale;Sereno;Normale;Buona;;1;0;0;2;12.4411;41.9404;-1;1;Autovettura privata;In marcia / fermata / arresto;Conducente;M;Illeso;0;;;
5154125;19;13/11/2020 16:25:00;Strada Urbana;GALLERIA GIOVANNI XXIII;in prossimit�;;della chilometrica;1.1;;Tamponamento;Galleria illuminata;Una carreggiata a senso unico di marcia;Asciutto;Asfaltata;Verticale ed orizzontale;Sereno;Normale;Buona;;1;0;0;2;12.4411;41.9404;-1;1;Autovettura privata;In marcia / fermata / arresto;Passeggero;F;Rimandato;0;NON DECEDUTO;;
5154125;19;13/11/2020 16:25:00;Strada Urbana;GALLERIA GIOVANNI XXIII;in prossimit�;;della chilometrica;1.1;;Tamponamento;Galleria illuminata;Una carreggiata a senso unico di marcia;Asciutto;Asfaltata;Verticale ed orizzontale;Sereno;Normale;Buona;;1;0;0;2;12.4411;41.9404;-1;2;Autovettura privata;In marcia / fermata / arresto;Conducente;M;Illeso;0;;;
5154132;5;15/11/2020 15:30:00;Strada Urbana;VIA RECANATI;da specificare;;;;fronte civico 39;Veicolo in marcia contro veicolo in sosta;Rettilineo;Una carreggiata a senso unico di marcia;Asciutto;Asfaltata;Assente;Nuvoloso;Scarso;Buona;;0;0;0;1;12.5833;41.9378;-1;1;Autovettura privata;Sosta;;;;;;;
5154132;5;15/11/2020 15:30:00;Strada Urbana;VIA RECANATI;da specificare;;;;fronte civico 39;Veicolo in marcia contro veicolo in sosta;Rettilineo;Una carreggiata a senso unico di marcia;Asciutto;Asfaltata;Assente;Nuvoloso;Scarso;Buona;;0;0;0;1;12.5833;41.9378;-1;2;Autovettura privata;In marcia / fermata / arresto;Conducente;M;Illeso;0;;Non accertato;Inesploso
5154141;17;13/11/2020 19:00:00;Strada Urbana;VIA OSTIA;all'intersezione con;VIA TOLEMAIDE;VIA TOLEMAIDE;;;Scontro laterale fra veicoli in marcia;Intersezione stradale segnalata;Una carreggiata a senso unico di marcia;Asciutto;Asfaltata;Verticale ed orizzontale;Sereno;Scarso;Buona;;1;0;0;1;12.4541;41.9093;-1;1;Autovettura privata;In marcia / fermata / arresto;Conducente;M;Illeso;0;;;
5154141;17;13/11/2020 19:00:00;Strada Urbana;VIA OSTIA;all'intersezione con;VIA TOLEMAIDE;VIA TOLEMAIDE;;;Scontro laterale fra veicoli in marcia;Intersezione stradale segnalata;Una carreggiata a senso unico di marcia;Asciutto;Asfaltata;Verticale ed orizzontale;Sereno;Scarso;Buona;;1;0;0;1;12.4541;41.9093;-1;2;Motociclo a solo;In marcia / fermata / arresto;Conducente;M;Rimandato;0;NON DECEDUTO;;
5154141;17;13/11/2020 19:00:00;Strada Urbana;VIA OSTIA;all'intersezione con;VIA TOLEMAIDE;VIA TOLEMAIDE;;;Scontro laterale fra veicoli in marcia;Intersezione stradale segnalata;Una carreggiata a senso unico di marcia;Asciutto;Asfaltata;Verticale ed orizzontale;Sereno;Scarso;Buona;;1;0;0;1;12.4541;41.9093;-1;3;Autovettura privata;Sosta;;;;;;;
5154144;5;15/11/2020 21:40:00;Strada Urbana;VIALE EGIDIO GALBANI;da specificare;;;;altezza via Vicovaro;Fuoriuscita dalla sede stradale;Curva a visuale libera;Una carreggiata a senso unico di marcia;Bagnato (umidit� in atto);Asfaltata;Orizzontale;Nuvoloso;Scarso;Sufficiente;;0;0;0;1;12.5612;41.931;-1;1;Autovettura privata;In marcia / fermata / arresto;Conducente;M;Illeso;0;;Non accertato;Esploso
5154145;1;14/11/2020 14:40:00;Strada Urbana;VIA DRUSO;in prossimit�;;del civico n.;45;;Veicolo in marcia contro ostacolo fisso;Rettilineo;Una carreggiata a doppio senso;Asciutto;Asfaltata;Orizzontale;Nuvoloso;Normale;Buona;;1;0;0;0;;;0;1;Motociclo a solo;In marcia / fermata / arresto;Conducente;M;Rimandato;0;NON DECEDUTO;;
5154150;7;14/11/2020 22:00:00;Strada Urbana;VIA COLLATINA;all'intersezione con;VIALE PALMIRO TOGLIATTI;VIALE PALMIRO TOGLIATTI;;;Veicolo in marcia contro ostacolo fisso;Incrocio;Una carreggiata a doppio senso;Asciutto;Asfaltata;Verticale ed orizzontale;Sereno;Scarso;Buona;;0;0;0;1;12.5747;41.9031;-1;1;Autovettura privata;In marcia / fermata / arresto;Conducente;M;Illeso;0;;Non accertato;Inesploso