Protocollo;Gruppo;DataOraIncidente;Localizzazione1;STRADA1;Localizzazione2;STRADA2;Strada02;Chilometrica;DaSpecificare;NaturaIncidente;particolaritastrade;TipoStrada;FondoStradale;Pavimentazione;Segnaletica;CondizioneAtmosferica;Traffico;Visibilita;Illuminazione;NUM_FERITI;NUM_RISERVATA;NUM_MORTI;NUM_ILLESI;Longitudine;Latitudine;Confermato;Progressivo;TipoVeicolo;StatoVeicolo;TipoPersona;Sesso;Tipolesione;Deceduto;DecedutoDopo;CinturaCascoUtilizzato;Airbag;
5154456;10;16/11/2020 06:50:00;Strada Urbana;VIALE SPARTACO;all'intersezione semaforizzata con;VIA DEL QUADRARO;VIA DEL QUADRARO;;;Scontro laterale fra veicoli in marcia;Intersezione semaforizzata;Una carreggiata a doppio senso;Bagnato (pioggia);Asfaltata;Verticale ed orizzontale;Nuvoloso;Normale;Buona;;2;0;0;3;12.5563;41.8574;-1;2;Autovettura privata;In marcia / fermata / arresto;Conducente;M;Rimandato;0;NON DECEDUTO;;Esploso
5154456;10;16/11/2020 06:50:00;Strada Urbana;VIALE SPARTACO;all'intersezione semaforizzata con;VIA DEL QUADRARO;VIA DEL QUADRARO;;;Scontro laterale fra veicoli in marcia;Intersezione semaforizzata;Una carreggiata a doppio senso;Bagnato (pioggia);Asfaltata;Verticale ed orizzontale;Nuvoloso;Normale;Buona;;2;0;0;3;12.5563;41.8574;-1;3;Autocarro inferiore 35 q.;In marcia / fermata / arresto;Conducente;M;Illeso;0;;;Inesploso
5154456;10;16/11/2020 06:50:00;Strada Urbana;VIALE SPARTACO;all'intersezione semaforizzata con;VIA DEL QUADRARO;VIA DEL QUADRARO;;;Scontro laterale fra veicoli in marcia;Intersezione semaforizzata;Una carreggiata a doppio senso;Bagnato (pioggia);Asfaltata;Verticale ed orizzontale;Nuvoloso;Normale;Buona;;2;0;0;3;12.5563;41.8574;-1;3;Autocarro inferiore 35 q.;In marcia / fermata / arresto;Passeggero;F;Illeso;0;;;Inesploso
5154456;10;16/11/2020 06:50:00;Strada Urbana;VIALE SPARTACO;all'intersezione semaforizzata con;VIA DEL QUADRARO;VIA DEL QUADRARO;;;Scontro laterale fra veicoli in marcia;Intersezione semaforizzata;Una carreggiata a doppio senso;Bagnato (pioggia);Asfaltata;Verticale ed orizzontale;Nuvoloso;Normale;Buona;;2;0;0;3;12.5563;41.8574;-1;3;Autocarro inferiore 35 q.;In marcia / fermata / arresto;Passeggero;M;Illeso;0;;;Inesploso
5154456;10;16/11/2020 06:50:00;Strada Urbana;VIALE SPARTACO;all'intersezione semaforizzata con;VIA DEL QUADRARO;VIA DEL QUADRARO;;;Scontro laterale fra veicoli in marcia;Intersezione semaforizzata;Una carreggiata a doppio senso;Bagnato (pioggia);Asfaltata;Verticale ed orizzontale;Nuvoloso;Normale;Buona;;2;0;0;3;12.5563;41.8574;-1;4;Autocarro inferiore 35 q.;Sosta;;;;;;;
5154456;10;16/11/2020 06:50:00;Strada Urbana;VIALE SPARTACO;all'intersezione semaforizzata con;VIA DEL QUADRARO;VIA DEL QUADRARO;;;Scontro laterale fra veicoli in marcia;Intersezione semaforizzata;Una carreggiata a doppio senso;Bagnato (pioggia);Asfaltata;Verticale ed orizzontale;Nuvoloso;Normale;Buona;;2;0;0;3;12.5563;41.8574;-1;5;Autovettura privata;Sosta;;;;;;;
5154475;16;16/11/2020 07:35:00;Strada Urbana;PIAZZA CARLO ALBERTO SCOTTI;in prossimit�;;del civico n.;31;;Tamponamento;Rettilineo;Due carreggiate;Bagnato (umidit� in atto);Asfaltata;Temporanea di cantiere;Nuvoloso;Normale;Buona;;1;0;0;1;12.4459;41.8699;-1;1;Autovettura privata;In marcia / fermata / arresto;Conducente;F;Illeso;0;;Non accertato;
5154475;16;16/11/2020 07:35:00;Strada Urbana;PIAZZA CARLO ALBERTO SCOTTI;in prossimit�;;del civico n.;31;;Tamponamento;Rettilineo;Due carreggiate;Bagnato (umidit� in atto);Asfaltata;Temporanea di cantiere;Nuvoloso;Normale;Buona;;1;0;0;1;12.4459;41.8699;-1;2;Autovettura privata;In marcia / fermata / arresto;Conducente;F;Rimandato;0;NON DECEDUTO;Non accertato;
5154480;1;14/11/2020 12:30:00;Strada Urbana;VIA LABICANA;in prossimit�;;del palo luce n.;37;;Scontro laterale fra veicoli in marcia;Rettilineo;Due carreggiate;Bagnato (pioggia);Asfaltata;Verticale ed orizzontale;Pioggia in atto;Normale;Buona;;0;0;0;3;12.499;41.8896;-1;1;Autovettura privata;In marcia / fermata / arresto;Conducente;F;Illeso;0;;Non accertato;Inesploso
5154480;1;14/11/2020 12:30:00;Strada Urbana;VIA LABICANA;in prossimit�;;del palo luce n.;37;;Scontro laterale fra veicoli in marcia;Rettilineo;Due carreggiate;Bagnato (pioggia);Asfaltata;Verticale ed orizzontale;Pioggia in atto;Normale;Buona;;0;0;0;3;12.499;41.8896;-1;1;Autovettura privata;In marcia / fermata / arresto;Passeggero;M;Illeso;0;;Non accertato;Inesploso
5154480;1;14/11/2020 12:30:00;Strada Urbana;VIA LABICANA;in prossimit�;;del palo luce n.;37;;Scontro laterale fra veicoli in marcia;Rettilineo;Due carreggiate;Bagnato (pioggia);Asfaltata;Verticale ed orizzontale;Pioggia in atto;Normale;Buona;;0;0;0;3;12.499;41.8896;-1;2;Autovettura privata;In marcia / fermata / arresto;Conducente;F;Illeso;0;;Non accertato;Inesploso
5154482;17;14/11/2020 07:10:00;Strada Urbana;PIAZZALE MARESCIALLO GIARDINO;all'intersezione con;VIALE DEI GLADIATORI;VIALE DEI GLADIATORI;;;Scontro frontale/laterale DX fra veicoli in marcia;Incrocio;Pi� di due carreggiate;Bagnato (pioggia);Asfaltata;Verticale ed orizzontale;Nuvoloso;Scarso;Buona;;0;0;0;4;12.4579;41.9237;-1;1;Autovettura di soccorso;In marcia / fermata / arresto;Conducente;M;Illeso;0;;;
5154482;17;14/11/2020 07:10:00;Strada Urbana;PIAZZALE MARESCIALLO GIARDINO;all'intersezione con;VIALE DEI GLADIATORI;VIALE DEI GLADIATORI;;;Scontro frontale/laterale DX fra veicoli in marcia;Incrocio;Pi� di due carreggiate;Bagnato (pioggia);Asfaltata;Verticale ed orizzontale;Nuvoloso;Scarso;Buona;;0;0;0;4;12.4579;41.9237;-1;1;Autovettura di soccorso;In marcia / fermata / arresto;Passeggero;M;Illeso;0;;;
5154482;17;14/11/2020 07:10:00;Strada Urbana;PIAZZALE MARESCIALLO GIARDINO;all'intersezione con;VIALE DEI GLADIATORI;VIALE DEI GLADIATORI;;;Scontro frontale/laterale DX fra veicoli in marcia;Incrocio;Pi� di due carreggiate;Bagnato (pioggia);Asfaltata;Verticale ed orizzontale;Nuvoloso;Scarso;Buona;;0;0;0;4;12.4579;41.9237;-1;1;Autovettura di soccorso;In marcia / fermata / arresto;Passeggero;F;Illeso;0;;;
5154482;17;14/11/2020 07:10:00;Strada Urbana;PIAZZALE MARESCIALLO GIARDINO;all'intersezione con;VIALE DEI GLADIATORI;VIALE DEI GLADIATORI;;;Scontro frontale/laterale DX fra veicoli in marcia;Incrocio;Pi� di due carreggiate;Bagnato (pioggia);Asfaltata;Verticale ed orizzontale;Nuvoloso;Scarso;Buona;;0;0;0;4;12.4579;41.9237;-1;2;Autovettura privata;In marcia / fermata / arresto;Conducente;M;Illeso;0;;;
5154495;16;15/11/2020 14:35:00;Strada Urbana;VIA QUIRINO MAJORANA;in prossimit�;;del palo luce n.;37;;Veicolo in marcia contro veicolo in sosta;Rettilineo;Una carreggiata a senso unico di marcia;Asciutto;Asfaltata;Assente;Sereno;Normale;Buona;;0;0;0;2;12.4621;41.8685;-1;1;Motociclo a solo;In marcia / fermata / arresto;Conducente;M;Illeso;0;;Non accertato;
5154495;16;15/11/2020 14:35:00;Strada Urbana;VIA QUIRINO MAJORANA;in prossimit�;;del palo luce n.;37;;Veicolo in marcia contro veicolo in sosta;Rettilineo;Una carreggiata a senso unico di marcia;Asciutto;Asfaltata;Assente;Sereno;Normale;Buona;;0;0;0;2;12.4621;41.8685;-1;2;Autovettura privata;In marcia / fermata / arresto;Conducente;F;Illeso;0;;Non accertato;Inesploso
5154495;16;15/11/2020 14:35:00;Strada Urbana;VIA QUIRINO MAJORANA;in prossimit�;;del palo luce n.;37;;Veicolo in marcia contro veicolo in sosta;Rettilineo;Una carreggiata a senso unico di marcia;Asciutto;Asfaltata;Assente;Sereno;Normale;Buona;;0;0;0;2;12.4621;41.8685;-1;3;Autovettura privata;Sosta;;;;;;;
5154500;12;14/11/2020 15:50:00;Strada Urbana;VIALE DELL'UMANESIMO;all'intersezione con;VIALE CRISTOFORO COLOMBO;VIALE CRISTOFORO COLOMBO;;;Scontro laterale fra veicoli in marcia;Incrocio;Una carreggiata a senso unico di marcia;Asciutto;Asfaltata;Verticale ed orizzontale;Sereno;Normale;Buona;;0;0;0;6;12.4644;41.8247;-1;1;Autovettura privata;In marcia / fermata / arresto;Conducente;M;Illeso;0;;Non accertato;Inesploso
5154500;12;14/11/2020 15:50:00;Strada Urbana;VIALE DELL'UMANESIMO;all'intersezione con;VIALE CRISTOFORO COLOMBO;VIALE CRISTOFORO COLOMBO;;;Scontro laterale fra veicoli in marcia;Incrocio;Una carreggiata a senso unico di marcia;Asciutto;Asfaltata;Verticale ed orizzontale;Sereno;Normale;Buona;;0;0;0;6;12.4644;41.8247;-1;1;Autovettura privata;In marcia / fermata / arresto;Passeggero;F;Illeso;0;;Non accertato;Inesploso
5154500;12;14/11/2020 15:50:00;Strada Urbana;VIALE DELL'UMANESIMO;all'intersezione con;VIALE CRISTOFORO COLOMBO;VIALE CRISTOFORO COLOMBO;;;Scontro laterale fra veicoli in marcia;Incrocio;Una carreggiata a senso unico di marcia;Asciutto;Asfaltata;Verticale ed orizzontale;Sereno;Normale;Buona;;0;0;0;6;12.4644;41.8247;-1;1;Autovettura privata;In marcia / fermata / arresto;Passeggero;F;Illeso;0;;Non accertato;Inesploso
5154500;12;14/11/2020 15:50:00;Strada Urbana;VIALE DELL'UMANESIMO;all'intersezione con;VIALE CRISTOFORO COLOMBO;VIALE CRISTOFORO COLOMBO;;;Scontro laterale fra veicoli in marcia;Incrocio;Una carreggiata a senso unico di marcia;Asciutto;Asfaltata;Verticale ed orizzontale;Sereno;Normale;Buona;;0;0;0;6;12.4644;41.8247;-1;2;Autovettura privata;In marcia / fermata / arresto;Conducente;M;Illeso;0;;Non accertato;Inesploso
5154500;12;14/11/2020 15:50:00;Strada Urbana;VIALE DELL'UMANESIMO;all'intersezione con;VIALE CRISTOFORO COLOMBO;VIALE CRISTOFORO COLOMBO;;;Scontro laterale fra veicoli in marcia;Incrocio;Una carreggiata a senso unico di marcia;Asciutto;Asfaltata;Verticale ed orizzontale;Sereno;Normale;Buona;;0;0;0;6;12.4644;41.8247;-1;2;Autovettura privata;In marcia / fermata / arresto;Passeggero;F;Illeso;0;;Utilizzato;Inesploso
5154500;12;14/11/2020 15:50:00;Strada Urbana;VIALE DELL'UMANESIMO;all'intersezione con;VIALE CRISTOFORO COLOMBO;VIALE CRISTOFORO COLOMBO;;;Scontro laterale fra veicoli in marcia;Incrocio;Una carreggiata a senso unico di marcia;Asciutto;Asfaltata;Verticale ed orizzontale;Sereno;Normale;Buona;;0;0;0;6;12.4644;41.8247;-1;2;Autovettura privata;In marcia / fermata / arresto;Passeggero;M;Illeso;0;;Utilizzato;Inesploso
5154506;3;13/11/2020 06:40:00;Strada Urbana;CIRCONVALLAZIONE TIBURTINA;da specificare;;;;rampa immissione , dir.ne Salaria;Veicolo in marcia contro veicolo fermo;Rettilineo;Pi� di due carreggiate;Asciutto;Asfaltata;Verticale ed orizzontale;Sereno;Normale;Buona;;1;0;0;1;12.528;41.8994;-1;1;Autovettura privata;In marcia / fermata / arresto;Conducente;F;Illeso;0;;;
5154506;3;13/11/2020 06:40:00;Strada Urbana;CIRCONVALLAZIONE TIBURTINA;da specificare;;;;rampa immissione , dir.ne Salaria;Veicolo in marcia contro veicolo fermo;Rettilineo;Pi� di due carreggiate;Asciutto;Asfaltata;Verticale ed orizzontale;Sereno;Normale;Buona;;1;0;0;1;12.528;41.8994;-1;2;Motociclo a solo;In marcia / fermata / arresto;Conducente;M;Rimandato;0;NON DECEDUTO;;
5154515;16;15/11/2020 16:00:00;Strada Urbana;VIA ANTON GIULIO BARRILI;in prossimit�;;del civico n.;54;;Scontro laterale fra veicoli in marcia;Rettilineo;Una carreggiata a doppio senso;Asciutto;Asfaltata;Orizzontale;Sereno;Normale;Buona;;1;0;0;2;12.4608;41.8805;-1;1;Motociclo a solo;In marcia / fermata / arresto;Conducente;M;Rimandato;0;NON DECEDUTO;Non accertato;
5154515;16;15/11/2020 16:00:00;Strada Urbana;VIA ANTON GIULIO BARRILI;in prossimit�;;del civico n.;54;;Scontro laterale fra veicoli in marcia;Rettilineo;Una carreggiata a doppio senso;Asciutto;Asfaltata;Orizzontale;Sereno;Normale;Buona;;1;0;0;2;12.4608;41.8805;-1;2;Autovettura privata;In marcia / fermata / arresto;Conducente;M;Illeso;0;;Non accertato;
5154515;16;15/11/2020 16:00:00;Strada Urbana;VIA ANTON GIULIO BARRILI;in prossimit�;;del civico n.;54;;Scontro laterale fra veicoli in marcia;Rettilineo;Una carreggiata a doppio senso;Asciutto;Asfaltata;Orizzontale;Sereno;Normale;Buona;;1;0;0;2;12.4608;41.8805;-1;2;Autovettura privata;In marcia / fermata / arresto;Passeggero;F;Illeso;0;;Non accertato;
5154518;3;13/11/2020 12:02:00;Strada Urbana;VIALE DEL POLICLINICO;all'intersezione semaforizzata con;VIALE DELL'UNIVERSITA';VIALE DELL'UNIVERSITA';;;Scontro frontale/laterale SX fra veicoli in marcia;Intersezione semaforizzata;Una carreggiata a doppio senso;Asciutto;Asfaltata;Verticale ed orizzontale;Sereno;Normale;Buona;;0;0;0;2;12.5109;41.9041;-1;1;Autovettura privata;In marcia / fermata / arresto;Conducente;M;Illeso;0;;;
5154518;3;13/11/2020 12:02:00;Strada Urbana;VIALE DEL POLICLINICO;all'intersezione semaforizzata con;VIALE DELL'UNIVERSITA';VIALE DELL'UNIVERSITA';;;Scontro frontale/laterale SX fra veicoli in marcia;Intersezione semaforizzata;Una carreggiata a doppio senso;Asciutto;Asfaltata;Verticale ed orizzontale;Sereno;Normale;Buona;;0;0;0;2;12.5109;41.9041;-1;2;Autocarro inferiore 35 q.;In marcia / fermata / arresto;Conducente;M;Illeso;0;;;
5154529;3;13/11/2020 17:08:00;Strada Urbana;VIA NOMENTANA;in prossimit�;;del civico n.;4;;Veicolo in marcia contro veicoli in sosta;Rettilineo;Una carreggiata a senso unico di marcia;Asciutto;Asfaltata;Verticale ed orizzontale;Sereno;Normale;Buona;;0;0;0;2;12.5049;41.9099;-1;1;Autovettura privata;In marcia / fermata / arresto;Conducente;F;Illeso;0;;Non accertato;Inesploso
5154529;3;13/11/2020 17:08:00;Strada Urbana;VIA NOMENTANA;in prossimit�;;del civico n.;4;;Veicolo in marcia contro veicoli in sosta;Rettilineo;Una carreggiata a senso unico di marcia;Asciutto;Asfaltata;Verticale ed orizzontale;Sereno;Normale;Buona;;0;0;0;2;12.5049;41.9099;-1;1;Autovettura privata;In marcia / fermata / arresto;Passeggero;M;Illeso;0;;Non accertato;Inesploso
5154529;3;13/11/2020 17:08:00;Strada Urbana;VIA NOMENTANA;in prossimit�;;del civico n.;4;;Veicolo in marcia contro veicoli in sosta;Rettilineo;Una carreggiata a senso unico di marcia;Asciutto;Asfaltata;Verticale ed orizzontale;Sereno;Normale;Buona;;0;0;0;2;12.5049;41.9099;-1;2;Motociclo a solo;Sosta;;;;;;;
5154544;1;14/11/2020 18:55:00;Strada Urbana;VIA MERULANA;all'intersezione semaforizzata con;VIALE MANZONI;VIALE MANZONI;;;Scontro laterale fra veicoli in marcia;Intersezione semaforizzata;Una carreggiata a doppio senso;Asciutto;Asfaltata;Verticale ed orizzontale;Sereno;Normale;Buona;;1;0;0;2;12.5021;41.8917;-1;1;Motociclo a solo;In marcia / fermata / arresto;Conducente;M;Rifiuta cure immediate;0;NON DECEDUTO;Non accertato;
5154544;1;14/11/2020 18:55:00;Strada Urbana;VIA MERULANA;all'intersezione semaforizzata con;VIALE MANZONI;VIALE MANZONI;;;Scontro laterale fra veicoli in marcia;Intersezione semaforizzata;Una carreggiata a doppio senso;Asciutto;Asfaltata;Verticale ed orizzontale;Sereno;Normale;Buona;;1;0;0;2;12.5021;41.8917;-1;2;Autovettura privata;In marcia / fermata / arresto;Conducente;M;Illeso;0;;Non accertato;Inesploso
5154544;1;14/11/2020 18:55:00;Strada Urbana;VIA MERULANA;all'intersezione semaforizzata con;VIALE MANZONI;VIALE MANZONI;;;Scontro laterale fra veicoli in marcia;Intersezione semaforizzata;Una carreggiata a doppio senso;Asciutto;Asfaltata;Verticale ed orizzontale;Sereno;Normale;Buona;;1;0;0;2;12.5021;41.8917;-1;2;Autovettura privata;In marcia / fermata / arresto;Passeggero;M;Illeso;0;;Non accertato;Inesploso
5154549;3;14/11/2020 21:45:00;Strada Urbana;PIAZZALE DI PONTE MILVIO;da specificare;;;;fronte civ. 15;Scontro laterale fra veicoli in marcia;Rettilineo;Due carreggiate;Bagnato (umidit� in atto);Asfaltata;Verticale ed orizzontale;Nuvoloso;Scarso;Sufficiente;;0;0;0;3;12.466;41.9374;-1;1;Autovettura privata;In marcia / fermata / arresto;Conducente;M;Illeso;0;;;
5154549;3;14/11/2020 21:45:00;Strada Urbana;PIAZZALE DI PONTE MILVIO;da specificare;;;;fronte civ. 15;Scontro laterale fra veicoli in marcia;Rettilineo;Due carreggiate;Bagnato (umidit� in atto);Asfaltata;Verticale ed orizzontale;Nuvoloso;Scarso;Sufficiente;;0;0;0;3;12.466;41.9374;-1;2;Quadriciclo leggero;In marcia / fermata / arresto;Conducente;M;Illeso;0;;;
5154549;3;14/11/2020 21:45:00;Strada Urbana;PIAZZALE DI PONTE MILVIO;da specificare;;;;fronte civ. 15;Scontro laterale fra veicoli in marcia;Rettilineo;Due carreggiate;Bagnato (umidit� in atto);Asfaltata;Verticale ed orizzontale;Nuvoloso;Scarso;Sufficiente;;0;0;0;3;12.466;41.9374;-1;2;Quadriciclo leggero;In marcia / fermata / arresto;Passeggero;M;Illeso;0;;;
5154585;16;14/11/2020 17:50:00;Strada Urbana;PIAZZA VINCENZO CERESI;in prossimit�;;del civico n.;23;;Investimento di pedone;Curva a visuale libera;Una carreggiata a senso unico di marcia;Asciutto;Asfaltata;Verticale ed orizzontale;Nuvoloso;Normale;Buona;;2;0;0;1;12.4474;41.8781;-1;;;;Pedone;F;Rimandato;0;NON DECEDUTO;;
5154585;16;14/11/2020 17:50:00;Strada Urbana;PIAZZA VINCENZO CERESI;in prossimit�;;del civico n.;23;;Investimento di pedone;Curva a visuale libera;Una carreggiata a senso unico di marcia;Asciutto;Asfaltata;Verticale ed orizzontale;Nuvoloso;Normale;Buona;;2;0;0;1;12.4474;41.8781;-1;;;;Pedone;F;Rimandato;0;NON DECEDUTO;;
5154585;16;14/11/2020 17:50:00;Strada Urbana;PIAZZA VINCENZO CERESI;in prossimit�;;del civico n.;23;;Investimento di pedone;Curva a visuale libera;Una carreggiata a senso unico di marcia;Asciutto;Asfaltata;Verticale ed orizzontale;Nuvoloso;Normale;Buona;;2;0;0;1;12.4474;41.8781;-1;1;Ciclomotore;In marcia / fermata / arresto;Conducente;M;Illeso;0;;Non accertato;
5154605;16;14/11/2020 10:00:00;Strada Urbana;VIALE DEI COLLI PORTUENSI;in prossimit�;;del civico n.;106;;Scontro laterale fra veicoli in marcia;Rettilineo;Due carreggiate;Bagnato (pioggia);Asfaltata;Verticale ed orizzontale;Nuvoloso;Normale;Buona;;0;0;0;2;12.443;41.8721;-1;1;Autovettura privata;In marcia / fermata / arresto;Conducente;M;Illeso;0;;Non accertato;
5154605;16;14/11/2020 10:00:00;Strada Urbana;VIALE DEI COLLI PORTUENSI;in prossimit�;;del civico n.;106;;Scontro laterale fra veicoli in marcia;Rettilineo;Due carreggiate;Bagnato (pioggia);Asfaltata;Verticale ed orizzontale;Nuvoloso;Normale;Buona;;0;0;0;2;12.443;41.8721;-1;2;Autovettura privata;In marcia / fermata / arresto;Conducente;F;Illeso;0;;Non accertato;
5154606;1;16/11/2020 09:25:00;Strada Urbana;VIALE AVENTINO;in corrispondenza;;del civico n.;48;;Investimento di pedone;Rettilineo;Pi� di due carreggiate;Bagnato (pioggia);Acciotolata;Verticale ed orizzontale;Pioggia in atto;Normale;Buona;;1;0;0;2;;;0;;;;Pedone;M;Rimandato;0;NON DECEDUTO;;
5154606;1;16/11/2020 09:25:00;Strada Urbana;VIALE AVENTINO;in corrispondenza;;del civico n.;48;;Investimento di pedone;Rettilineo;Pi� di due carreggiate;Bagnato (pioggia);Acciotolata;Verticale ed orizzontale;Pioggia in atto;Normale;Buona;;1;0;0;2;;;0;1;Autovettura privata;In marcia / fermata / arresto;Conducente;M;Illeso;0;;;
5154606;1;16/11/2020 09:25:00;Strada Urbana;VIALE AVENTINO;in corrispondenza;;del civico n.;48;;Investimento di pedone;Rettilineo;Pi� di due carreggiate;Bagnato (pioggia);Acciotolata;Verticale ed orizzontale;Pioggia in atto;Normale;Buona;;1;0;0;2;;;0;1;Autovettura privata;In marcia / fermata / arresto;Passeggero;F;Illeso;0;;;
5154628;16;13/11/2020 17:00:00;Strada Urbana;VIA FRANCESCO CATEL;all'intersezione con;VIA VITTORIO PUTTI;VIA VITTORIO PUTTI;;;Scontro frontale/laterale DX fra veicoli in marcia;Intersezione non regolata/non segnalata;Una carreggiata a senso unico di marcia;Asciutto;Asfaltata;Verticale;Sereno;Normale;Buona;;1;0;0;1;12.4482;41.8773;-1;1;Autocarro inferiore 35 q.;In marcia / fermata / arresto;Conducente;M;Illeso;0;;Non accertato;Inesploso
5154628;16;13/11/2020 17:00:00;Strada Urbana;VIA FRANCESCO CATEL;all'intersezione con;VIA VITTORIO PUTTI;VIA VITTORIO PUTTI;;;Scontro frontale/laterale DX fra veicoli in marcia;Intersezione non regolata/non segnalata;Una carreggiata a senso unico di marcia;Asciutto;Asfaltata;Verticale;Sereno;Normale;Buona;;1;0;0;1;12.4482;41.8773;-1;2;Motociclo a solo;In marcia / fermata / arresto;Conducente;M;Rimandato;0;NON DECEDUTO;Non accertato;
5154634;6;16/11/2020 10:50:00;Strada Urbana;VIA DINO PENAZZATO;in prossimit�;;del civico n.;23;;Scontro laterale fra veicoli in marcia;Rettilineo;Una carreggiata a doppio senso;Bagnato (pioggia);Asfaltata;Verticale ed orizzontale;Nuvoloso;Normale;Buona;;0;0;0;3;12.5654;41.8982;-1;1;Autovettura privata;In marcia / fermata / arresto;Conducente;F;Illeso;0;;;
5154634;6;16/11/2020 10:50:00;Strada Urbana;VIA DINO PENAZZATO;in prossimit�;;del civico n.;23;;Scontro laterale fra veicoli in marcia;Rettilineo;Una carreggiata a doppio senso;Bagnato (pioggia);Asfaltata;Verticale ed orizzontale;Nuvoloso;Normale;Buona;;0;0;0;3;12.5654;41.8982;-1;2;Autocarro inferiore 35 q.;In marcia / fermata / arresto;Conducente;M;Illeso;0;;;
5154634;6;16/11/2020 10:50:00;Strada Urbana;VIA DINO PENAZZATO;in prossimit�;;del civico n.;23;;Scontro laterale fra veicoli in marcia;Rettilineo;Una carreggiata a doppio senso;Bagnato (pioggia);Asfaltata;Verticale ed orizzontale;Nuvoloso;Normale;Buona;;0;0;0;3;12.5654;41.8982;-1;2;Autocarro inferiore 35 q.;In marcia / fermata / arresto;Passeggero;M;Illeso;0;;;
5154695;15;16/11/2020 07:30:00;Strada Urbana;VIA DELLA MAGLIANA;all'intersezione con;VIALE ALESSANDRO MARCHETTI;VIALE ALESSANDRO MARCHETTI;;;Scontro frontale/laterale DX fra veicoli in marcia;Incrocio;Una carreggiata a doppio senso;Bagnato (pioggia);Asfaltata;Verticale ed orizzontale;Nuvoloso;Normale;Buona;;1;0;0;3;12.4196;41.8317;-1;1;Autovettura privata;In marcia / fermata / arresto;Conducente;F;Illeso;0;;;
5154695;15;16/11/2020 07:30:00;Strada Urbana;VIA DELLA MAGLIANA;all'intersezione con;VIALE ALESSANDRO MARCHETTI;VIALE ALESSANDRO MARCHETTI;;;Scontro frontale/laterale DX fra veicoli in marcia;Incrocio;Una carreggiata a doppio senso;Bagnato (pioggia);Asfaltata;Verticale ed orizzontale;Nuvoloso;Normale;Buona;;1;0;0;3;12.4196;41.8317;-1;1;Autovettura privata;In marcia / fermata / arresto;Passeggero;F;Illeso;0;;;
5154695;15;16/11/2020 07:30:00;Strada Urbana;VIA DELLA MAGLIANA;all'intersezione con;VIALE ALESSANDRO MARCHETTI;VIALE ALESSANDRO MARCHETTI;;;Scontro frontale/laterale DX fra veicoli in marcia;Incrocio;Una carreggiata a doppio senso;Bagnato (pioggia);Asfaltata;Verticale ed orizzontale;Nuvoloso;Normale;Buona;;1;0;0;3;12.4196;41.8317;-1;1;Autovettura privata;In marcia / fermata / arresto;Passeggero;F;Illeso;0;;;
5154695;15;16/11/2020 07:30:00;Strada Urbana;VIA DELLA MAGLIANA;all'intersezione con;VIALE ALESSANDRO MARCHETTI;VIALE ALESSANDRO MARCHETTI;;;Scontro frontale/laterale DX fra veicoli in marcia;Incrocio;Una carreggiata a doppio senso;Bagnato (pioggia);Asfaltata;Verticale ed orizzontale;Nuvoloso;Normale;Buona;;1;0;0;3;12.4196;41.8317;-1;2;Motociclo a solo;In marcia / fermata / arresto;Conducente;M;Rimandato;0;NON DECEDUTO;;
5154744;15;16/11/2020 11:00:00;Strada Urbana;VIA PIETRO BLASERNA;da specificare;;;;prossimit� civico 82;Scontro laterale fra veicoli in marcia;Rettilineo;Una carreggiata a doppio senso;Bagnato (pioggia);Asfaltata;Orizzontale;Pioggia in atto;Normale;Buona;;0;0;0;2;12.4714;41.8659;-1;1;Autovettura privata;In marcia / fermata / arresto;Conducente;M;Illeso;0;;Non accertato;Inesploso
5154744;15;16/11/2020 11:00:00;Strada Urbana;VIA PIETRO BLASERNA;da specificare;;;;prossimit� civico 82;Scontro laterale fra veicoli in marcia;Rettilineo;Una carreggiata a doppio senso;Bagnato (pioggia);Asfaltata;Orizzontale;Pioggia in atto;Normale;Buona;;0;0;0;2;12.4714;41.8659;-1;2;Autocarro inferiore 35 q.;In marcia / fermata / arresto;Conducente;M;Illeso;0;;Non accertato;Inesploso
5154744;15;16/11/2020 11:00:00;Strada Urbana;VIA PIETRO BLASERNA;da specificare;;;;prossimit� civico 82;Scontro laterale fra veicoli in marcia;Rettilineo;Una carreggiata a doppio senso;Bagnato (pioggia);Asfaltata;Orizzontale;Pioggia in atto;Normale;Buona;;0;0;0;2;12.4714;41.8659;-1;3;Autovettura privata;Sosta;;;;;;;
5154838;9;16/11/2020 11:55:00;Strada Urbana;PIAZZALE LABICANO;all'intersezione con;VIA PRENESTINA;VIA PRENESTINA;;;Tamponamento;Incrocio;Pi� di due carreggiate;Bagnato (pioggia);Asfaltata;Verticale ed orizzontale;Pioggia in atto;Normale;Buona;;0;0;0;3;12.5156;41.8912;-1;1;Autocarro inferiore 35 q.;In marcia / fermata / arresto;Conducente;M;Illeso;0;;Non accertato;Inesploso