Protocollo;Gruppo;DataOraIncidente;Localizzazione1;STRADA1;Localizzazione2;STRADA2;Strada02;Chilometrica;DaSpecificare;NaturaIncidente;particolaritastrade;TipoStrada;FondoStradale;Pavimentazione;Segnaletica;CondizioneAtmosferica;Traffico;Visibilita;Illuminazione;NUM_FERITI;NUM_RISERVATA;NUM_MORTI;NUM_ILLESI;Longitudine;Latitudine;Confermato;Progressivo;TipoVeicolo;StatoVeicolo;TipoPersona;Sesso;Tipolesione;Deceduto;DecedutoDopo;CinturaCascoUtilizzato;Airbag;
5155791;20;16/11/2020 10:20:00;Regionale entro l'abitato;VIA CASSIA;all'intersezione con;VIA RONCIGLIONE;VIA RONCIGLIONE;;;Scontro frontale/laterale SX fra veicoli in marcia;Intersezione stradale segnalata;Una carreggiata a senso unico di marcia;Bagnato (pioggia);Asfaltata;Verticale ed orizzontale;Nuvoloso;Normale;Buona;;0;0;0;2;12.4137;41.9828;-1;1;Autovettura privata;In marcia / fermata / arresto;Conducente;F;Illeso;0;;Non accertato;Inesploso
5155791;20;16/11/2020 10:20:00;Regionale entro l'abitato;VIA CASSIA;all'intersezione con;VIA RONCIGLIONE;VIA RONCIGLIONE;;;Scontro frontale/laterale SX fra veicoli in marcia;Intersezione stradale segnalata;Una carreggiata a senso unico di marcia;Bagnato (pioggia);Asfaltata;Verticale ed orizzontale;Nuvoloso;Normale;Buona;;0;0;0;2;12.4137;41.9828;-1;2;Autovettura privata;In marcia / fermata / arresto;Conducente;F;Illeso;0;;Non accertato;Inesploso
5155791;20;16/11/2020 10:20:00;Regionale entro l'abitato;VIA CASSIA;all'intersezione con;VIA RONCIGLIONE;VIA RONCIGLIONE;;;Scontro frontale/laterale SX fra veicoli in marcia;Intersezione stradale segnalata;Una carreggiata a senso unico di marcia;Bagnato (pioggia);Asfaltata;Verticale ed orizzontale;Nuvoloso;Normale;Buona;;0;0;0;2;12.4137;41.9828;-1;3;Autovettura privata;Sosta;;;;;;;
5155794;20;16/11/2020 13:30:00;Strada Urbana;VIA GIUSTINO FORTUNATO;in prossimit�;;del civico n.;8;;Veicolo in marcia contro veicolo in sosta;Rettilineo;Una carreggiata a senso unico di marcia;Bagnato (pioggia);Asfaltata;Orizzontale;Nuvoloso;Normale;Buona;;0;0;0;1;12.4665;41.9471;-1;1;Autovettura privata;Sosta;;;;;;;
5155794;20;16/11/2020 13:30:00;Strada Urbana;VIA GIUSTINO FORTUNATO;in prossimit�;;del civico n.;8;;Veicolo in marcia contro veicolo in sosta;Rettilineo;Una carreggiata a senso unico di marcia;Bagnato (pioggia);Asfaltata;Orizzontale;Nuvoloso;Normale;Buona;;0;0;0;1;12.4665;41.9471;-1;2;Veicolo speciale;In marcia / fermata / arresto;Conducente;M;Illeso;0;;Non accertato;Inesploso
5155798;8;16/11/2020 17:10:00;Strada Urbana;VIA DI TOR BELLA MONACA;in prossimit�;;del palo luce n.;25;;Tamponamento;Curva a visuale libera;Una carreggiata a senso unico di marcia;Bagnato (pioggia);Asfaltata;Orizzontale;Pioggia in atto;Normale;Buona;;2;0;0;2;12.6281;41.8764;0;1;Autocarro inferiore 35 q.;In marcia / fermata / arresto;Conducente;M;Illeso;0;;;
5155798;8;16/11/2020 17:10:00;Strada Urbana;VIA DI TOR BELLA MONACA;in prossimit�;;del palo luce n.;25;;Tamponamento;Curva a visuale libera;Una carreggiata a senso unico di marcia;Bagnato (pioggia);Asfaltata;Orizzontale;Pioggia in atto;Normale;Buona;;2;0;0;2;12.6281;41.8764;0;2;Autovettura privata;In marcia / fermata / arresto;Conducente;M;Illeso;0;;Non accertato;Inesploso
5155798;8;16/11/2020 17:10:00;Strada Urbana;VIA DI TOR BELLA MONACA;in prossimit�;;del palo luce n.;25;;Tamponamento;Curva a visuale libera;Una carreggiata a senso unico di marcia;Bagnato (pioggia);Asfaltata;Orizzontale;Pioggia in atto;Normale;Buona;;2;0;0;2;12.6281;41.8764;0;2;Autovettura privata;In marcia / fermata / arresto;Passeggero;M;Rifiuta cure immediate;0;NON DECEDUTO;Non accertato;Inesploso
5155798;8;16/11/2020 17:10:00;Strada Urbana;VIA DI TOR BELLA MONACA;in prossimit�;;del palo luce n.;25;;Tamponamento;Curva a visuale libera;Una carreggiata a senso unico di marcia;Bagnato (pioggia);Asfaltata;Orizzontale;Pioggia in atto;Normale;Buona;;2;0;0;2;12.6281;41.8764;0;2;Autovettura privata;In marcia / fermata / arresto;Passeggero;F;Rifiuta cure immediate;0;NON DECEDUTO;Non accertato;Inesploso
5155803;1;15/11/2020 14:30:00;Strada Urbana;PIAZZA DELL'INDIPENDENZA;in prossimit�;;del palo luce n.;17;;Scontro laterale fra veicoli in marcia;Rettilineo;Una carreggiata a doppio senso;Asciutto;Asfaltata;Verticale ed orizzontale;Sereno;Scarso;Buona;;0;0;0;2;;;0;1;Autovettura pubblica;In marcia / fermata / arresto;Conducente;M;Illeso;0;;;
5155803;1;15/11/2020 14:30:00;Strada Urbana;PIAZZA DELL'INDIPENDENZA;in prossimit�;;del palo luce n.;17;;Scontro laterale fra veicoli in marcia;Rettilineo;Una carreggiata a doppio senso;Asciutto;Asfaltata;Verticale ed orizzontale;Sereno;Scarso;Buona;;0;0;0;2;;;0;2;Velocipede;In marcia / fermata / arresto;Conducente;M;Illeso;0;;Esente;
5155816;8;16/11/2020 17:55:00;Strada Urbana;VIA MASSA DI SAN GIULIANO;in corrispondenza;;del civico n.;143;;Scontro laterale fra veicoli in marcia;Rettilineo;Una carreggiata a doppio senso;Asciutto;Asfaltata;Verticale ed orizzontale;Nuvoloso;Scarso;Sufficiente;;0;0;0;2;12.6976;41.9015;-1;1;Autovettura privata;In marcia / fermata / arresto;Conducente;M;Illeso;0;;;
5155816;8;16/11/2020 17:55:00;Strada Urbana;VIA MASSA DI SAN GIULIANO;in corrispondenza;;del civico n.;143;;Scontro laterale fra veicoli in marcia;Rettilineo;Una carreggiata a doppio senso;Asciutto;Asfaltata;Verticale ed orizzontale;Nuvoloso;Scarso;Sufficiente;;0;0;0;2;12.6976;41.9015;-1;2;Autovettura privata;In marcia / fermata / arresto;Conducente;M;Illeso;0;;Non accertato;Inesploso
5155821;8;16/11/2020 13:58:00;Strada Urbana;VIALE DEI ROMANISTI;all'intersezione con;VIA MARCIO RUTILIO;VIA MARCIO RUTILIO;;;Infortunio per sola frenata improvvisa;Intersezione non regolata/non segnalata;Una carreggiata a senso unico di marcia;Bagnato (pioggia);Asfaltata;Verticale ed orizzontale;Pioggia in atto;Normale;Buona;;1;0;0;2;12.5774;41.8675;-1;1;Autovettura privata;In marcia / fermata / arresto;Conducente;M;Illeso;0;;;
5155821;8;16/11/2020 13:58:00;Strada Urbana;VIALE DEI ROMANISTI;all'intersezione con;VIA MARCIO RUTILIO;VIA MARCIO RUTILIO;;;Infortunio per sola frenata improvvisa;Intersezione non regolata/non segnalata;Una carreggiata a senso unico di marcia;Bagnato (pioggia);Asfaltata;Verticale ed orizzontale;Pioggia in atto;Normale;Buona;;1;0;0;2;12.5774;41.8675;-1;1;Autovettura privata;In marcia / fermata / arresto;Passeggero;M;Illeso;0;;;
5155821;8;16/11/2020 13:58:00;Strada Urbana;VIALE DEI ROMANISTI;all'intersezione con;VIA MARCIO RUTILIO;VIA MARCIO RUTILIO;;;Infortunio per sola frenata improvvisa;Intersezione non regolata/non segnalata;Una carreggiata a senso unico di marcia;Bagnato (pioggia);Asfaltata;Verticale ed orizzontale;Pioggia in atto;Normale;Buona;;1;0;0;2;12.5774;41.8675;-1;2;Motociclo a solo;In marcia / fermata / arresto;Conducente;M;Rifiuta cure immediate;0;NON DECEDUTO;;
5155833;4;16/11/2020 10:55:00;Strada Urbana;VIA UGO OJETTI;in corrispondenza;;del civico n.;6;;Scontro laterale fra veicoli in marcia;Rettilineo;Due carreggiate;Bagnato (pioggia);Asfaltata;Verticale;Nuvoloso;Normale;Buona;;0;0;0;2;12.5481;41.9437;-1;1;Autovettura privata;In marcia / fermata / arresto;Conducente;M;Illeso;0;;;
5155833;4;16/11/2020 10:55:00;Strada Urbana;VIA UGO OJETTI;in corrispondenza;;del civico n.;6;;Scontro laterale fra veicoli in marcia;Rettilineo;Due carreggiate;Bagnato (pioggia);Asfaltata;Verticale;Nuvoloso;Normale;Buona;;0;0;0;2;12.5481;41.9437;-1;2;Autobus di linea;In marcia / fermata / arresto;Conducente;M;Illeso;0;;;
5155834;18;16/11/2020 18:00:00;Strada Urbana;VIA DI TORREVECCHIA;in corrispondenza;;del civico n.;971;;Tamponamento;Rettilineo;Due carreggiate;Bagnato (pioggia);Asfaltata;Verticale ed orizzontale;Pioggia in atto;Normale;Sufficiente;;0;0;0;1;12.4074;41.9149;-1;1;Autovettura privata;In marcia / fermata / arresto;Conducente;M;Illeso;0;;Non accertato;Inesploso
5155834;18;16/11/2020 18:00:00;Strada Urbana;VIA DI TORREVECCHIA;in corrispondenza;;del civico n.;971;;Tamponamento;Rettilineo;Due carreggiate;Bagnato (pioggia);Asfaltata;Verticale ed orizzontale;Pioggia in atto;Normale;Sufficiente;;0;0;0;1;12.4074;41.9149;-1;2;Autovettura privata;Allontanatosi;;;;;;;
5155837;20;16/11/2020 16:35:00;Strada Urbana;VIA DELLA FARNESINA;da specificare;;;;pross. Via Zandonai;Scontro frontale/laterale DX fra veicoli in marcia;Rettilineo;Una carreggiata a senso unico di marcia;Bagnato (umidit� in atto);Asfaltata;Verticale ed orizzontale;Nuvoloso;Normale;Buona;;0;0;0;4;12.4539;41.9468;-1;1;Autovettura privata;In marcia / fermata / arresto;Conducente;M;Illeso;0;;;
5155837;20;16/11/2020 16:35:00;Strada Urbana;VIA DELLA FARNESINA;da specificare;;;;pross. Via Zandonai;Scontro frontale/laterale DX fra veicoli in marcia;Rettilineo;Una carreggiata a senso unico di marcia;Bagnato (umidit� in atto);Asfaltata;Verticale ed orizzontale;Nuvoloso;Normale;Buona;;0;0;0;4;12.4539;41.9468;-1;1;Autovettura privata;In marcia / fermata / arresto;Passeggero;F;Illeso;0;;;
5155837;20;16/11/2020 16:35:00;Strada Urbana;VIA DELLA FARNESINA;da specificare;;;;pross. Via Zandonai;Scontro frontale/laterale DX fra veicoli in marcia;Rettilineo;Una carreggiata a senso unico di marcia;Bagnato (umidit� in atto);Asfaltata;Verticale ed orizzontale;Nuvoloso;Normale;Buona;;0;0;0;4;12.4539;41.9468;-1;1;Autovettura privata;In marcia / fermata / arresto;Passeggero;F;Illeso;0;;;
5155837;20;16/11/2020 16:35:00;Strada Urbana;VIA DELLA FARNESINA;da specificare;;;;pross. Via Zandonai;Scontro frontale/laterale DX fra veicoli in marcia;Rettilineo;Una carreggiata a senso unico di marcia;Bagnato (umidit� in atto);Asfaltata;Verticale ed orizzontale;Nuvoloso;Normale;Buona;;0;0;0;4;12.4539;41.9468;-1;2;Autovettura privata;In marcia / fermata / arresto;Conducente;M;Illeso;0;;;
5155843;8;16/11/2020 17:30:00;Strada Urbana;VIA DI ROCCA CENCIA;in prossimit�;;del civico n.;16 A;;Investimento di pedone;Rettilineo;Una carreggiata a doppio senso;Bagnato (pioggia);Asfaltata;Orizzontale;Nuvoloso;Normale;Sufficiente;;1;0;0;1;12.6882;41.8637;-1;;;;Pedone;F;Ricoverato;0;NON DECEDUTO;;
5155843;8;16/11/2020 17:30:00;Strada Urbana;VIA DI ROCCA CENCIA;in prossimit�;;del civico n.;16 A;;Investimento di pedone;Rettilineo;Una carreggiata a doppio senso;Bagnato (pioggia);Asfaltata;Orizzontale;Nuvoloso;Normale;Sufficiente;;1;0;0;1;12.6882;41.8637;-1;1;Autovettura privata;In marcia / fermata / arresto;Conducente;M;Illeso;0;;;
5155849;23;14/11/2020 21:50:00;Strada Urbana;GALLERIA GIOVANNI XXIII;in corrispondenza;;della chilometrica;2.7;;Tamponamento;Galleria illuminata;Una carreggiata a senso unico di marcia;Asciutto;Asfaltata;Verticale ed orizzontale;Sereno;Normale;Buona;;0;1;0;1;12.4574;41.9393;0;1;Motociclo a solo;In marcia / fermata / arresto;Conducente;M;Prognosi riservata;0;NON DECEDUTO;Utilizzato;
5155849;23;14/11/2020 21:50:00;Strada Urbana;GALLERIA GIOVANNI XXIII;in corrispondenza;;della chilometrica;2.7;;Tamponamento;Galleria illuminata;Una carreggiata a senso unico di marcia;Asciutto;Asfaltata;Verticale ed orizzontale;Sereno;Normale;Buona;;0;1;0;1;12.4574;41.9393;0;2;Autovettura privata;Allontanatosi;Conducente;M;Illeso;0;;Non accertato;Inesploso
5155868;8;16/11/2020 17:10:00;Strada Urbana;VIA SCICLI;all'intersezione con;VIA PARTANNA;VIA PARTANNA;;;Scontro laterale fra veicoli in marcia;Intersezione stradale segnalata;Una carreggiata a doppio senso;Bagnato (pioggia);Asfaltata;Verticale;Pioggia in atto;Scarso;Buona;;0;0;0;5;12.6545;41.8671;-1;1;Autovettura privata;In marcia / fermata / arresto;Conducente;M;Illeso;0;;Non accertato;Inesploso
5155868;8;16/11/2020 17:10:00;Strada Urbana;VIA SCICLI;all'intersezione con;VIA PARTANNA;VIA PARTANNA;;;Scontro laterale fra veicoli in marcia;Intersezione stradale segnalata;Una carreggiata a doppio senso;Bagnato (pioggia);Asfaltata;Verticale;Pioggia in atto;Scarso;Buona;;0;0;0;5;12.6545;41.8671;-1;1;Autovettura privata;In marcia / fermata / arresto;Passeggero;F;Illeso;0;;Non accertato;Inesploso
5155868;8;16/11/2020 17:10:00;Strada Urbana;VIA SCICLI;all'intersezione con;VIA PARTANNA;VIA PARTANNA;;;Scontro laterale fra veicoli in marcia;Intersezione stradale segnalata;Una carreggiata a doppio senso;Bagnato (pioggia);Asfaltata;Verticale;Pioggia in atto;Scarso;Buona;;0;0;0;5;12.6545;41.8671;-1;1;Autovettura privata;In marcia / fermata / arresto;Passeggero;F;Illeso;0;;Non accertato;Inesploso
5155868;8;16/11/2020 17:10:00;Strada Urbana;VIA SCICLI;all'intersezione con;VIA PARTANNA;VIA PARTANNA;;;Scontro laterale fra veicoli in marcia;Intersezione stradale segnalata;Una carreggiata a doppio senso;Bagnato (pioggia);Asfaltata;Verticale;Pioggia in atto;Scarso;Buona;;0;0;0;5;12.6545;41.8671;-1;2;Autovettura privata;In marcia / fermata / arresto;Conducente;M;Illeso;0;;Non accertato;Inesploso
5155868;8;16/11/2020 17:10:00;Strada Urbana;VIA SCICLI;all'intersezione con;VIA PARTANNA;VIA PARTANNA;;;Scontro laterale fra veicoli in marcia;Intersezione stradale segnalata;Una carreggiata a doppio senso;Bagnato (pioggia);Asfaltata;Verticale;Pioggia in atto;Scarso;Buona;;0;0;0;5;12.6545;41.8671;-1;2;Autovettura privata;In marcia / fermata / arresto;Passeggero;M;Illeso;0;;Non accertato;Inesploso
5155890;18;16/11/2020 09:20:00;Strada Urbana;VIA DI TORREVECCHIA;in corrispondenza;;del civico n.;904/906;;Scontro frontale/laterale SX fra veicoli in marcia;Pianeggiante;Una carreggiata a doppio senso;Asciutto;Asfaltata;Verticale ed orizzontale;Sereno;Normale;Buona;;0;0;0;3;12.4067;41.9157;-1;1;Autovettura privata;In marcia / fermata / arresto;Conducente;F;Illeso;0;;;
5155890;18;16/11/2020 09:20:00;Strada Urbana;VIA DI TORREVECCHIA;in corrispondenza;;del civico n.;904/906;;Scontro frontale/laterale SX fra veicoli in marcia;Pianeggiante;Una carreggiata a doppio senso;Asciutto;Asfaltata;Verticale ed orizzontale;Sereno;Normale;Buona;;0;0;0;3;12.4067;41.9157;-1;1;Autovettura privata;In marcia / fermata / arresto;Passeggero;F;Illeso;0;;;
5155890;18;16/11/2020 09:20:00;Strada Urbana;VIA DI TORREVECCHIA;in corrispondenza;;del civico n.;904/906;;Scontro frontale/laterale SX fra veicoli in marcia;Pianeggiante;Una carreggiata a doppio senso;Asciutto;Asfaltata;Verticale ed orizzontale;Sereno;Normale;Buona;;0;0;0;3;12.4067;41.9157;-1;2;Autovettura privata;In marcia / fermata / arresto;Conducente;M;Illeso;0;;;
5155891;8;16/11/2020 21:00:00;Strada Urbana;VIA GIUSEPPE MARRAZZO;da specificare;;;;50 METRI DOPO L'INTERSEZIONE VIA MARIO PASTORE;Veicolo in marcia contro ostacolo fisso;Curva a visuale libera;Una carreggiata a senso unico di marcia;Bagnato (pioggia);Asfaltata;Verticale ed orizzontale;Pioggia in atto;Scarso;Insufficiente;;0;0;0;0;12.6051;41.85;-1;1;Autovettura privata;In marcia / fermata / arresto;;;;;;;
5155897;8;16/11/2020 17:40:00;Strada Urbana;VIA CASILINA;in prossimit�;;del civico n.;1877;;Scontro laterale fra veicoli in marcia;Rettilineo;Una carreggiata a doppio senso;Bagnato (pioggia);Asfaltata;Verticale ed orizzontale;Pioggia in atto;Normale;Buona;;1;0;0;2;12.6898;41.8634;-1;1;Autovettura privata;In marcia / fermata / arresto;Conducente;M;Illeso;0;;Non accertato;Inesploso
5155897;8;16/11/2020 17:40:00;Strada Urbana;VIA CASILINA;in prossimit�;;del civico n.;1877;;Scontro laterale fra veicoli in marcia;Rettilineo;Una carreggiata a doppio senso;Bagnato (pioggia);Asfaltata;Verticale ed orizzontale;Pioggia in atto;Normale;Buona;;1;0;0;2;12.6898;41.8634;-1;2;Autovettura privata;In marcia / fermata / arresto;Conducente;M;Illeso;0;;Non accertato;Inesploso
5155897;8;16/11/2020 17:40:00;Strada Urbana;VIA CASILINA;in prossimit�;;del civico n.;1877;;Scontro laterale fra veicoli in marcia;Rettilineo;Una carreggiata a doppio senso;Bagnato (pioggia);Asfaltata;Verticale ed orizzontale;Pioggia in atto;Normale;Buona;;1;0;0;2;12.6898;41.8634;-1;2;Autovettura privata;In marcia / fermata / arresto;Passeggero;F;Rifiuta cure immediate;0;NON DECEDUTO;Non accertato;Inesploso
5155917;10;17/11/2020 06:30:00;Strada Urbana;VIALE TITO LABIENO;all'intersezione con;PIAZZA DI CINECITTA';PIAZZA DI CINECITTA';;;Scontro laterale fra veicoli in marcia;Intersezione semaforizzata;Due carreggiate;Bagnato (umidit� in atto);Asfaltata;Verticale ed orizzontale;Nuvoloso;Normale;Buona;;0;0;0;2;12.5679;41.8537;-1;1;Autocarro inferiore 35 q.;In marcia / fermata / arresto;Conducente;M;Illeso;0;;Non accertato;Inesploso
5155917;10;17/11/2020 06:30:00;Strada Urbana;VIALE TITO LABIENO;all'intersezione con;PIAZZA DI CINECITTA';PIAZZA DI CINECITTA';;;Scontro laterale fra veicoli in marcia;Intersezione semaforizzata;Due carreggiate;Bagnato (umidit� in atto);Asfaltata;Verticale ed orizzontale;Nuvoloso;Normale;Buona;;0;0;0;2;12.5679;41.8537;-1;2;Autovettura privata;In marcia / fermata / arresto;Conducente;F;Illeso;0;;Non accertato;Inesploso
5155921;17;16/11/2020 09:45:00;Strada Urbana;VIALE DELLO STADIO OLIMPICO;in prossimit�;;del civico n.;16;;Veicolo in marcia contro ostacolo fisso;Curva senza visuale libera;Una carreggiata a senso unico di marcia;Bagnato (pioggia);Asfaltata;Orizzontale;Pioggia in atto;Intenso;Buona;;0;0;0;1;12.4538;41.9301;-1;1;Autovettura privata;In marcia / fermata / arresto;Conducente;M;Illeso;0;;;
5155927;1;16/11/2020 10:40:00;Strada Urbana;VIALE MANZONI;in corrispondenza;;del civico n.;35;;Scontro laterale fra veicoli in marcia;Rettilineo;Una carreggiata a doppio senso;Bagnato (pioggia);Asfaltata;Verticale ed orizzontale;Nuvoloso;Normale;Buona;;0;0;0;3;12.5076;41.891;-1;1;Autovettura privata;In marcia / fermata / arresto;Conducente;F;Illeso;0;;;
5155927;1;16/11/2020 10:40:00;Strada Urbana;VIALE MANZONI;in corrispondenza;;del civico n.;35;;Scontro laterale fra veicoli in marcia;Rettilineo;Una carreggiata a doppio senso;Bagnato (pioggia);Asfaltata;Verticale ed orizzontale;Nuvoloso;Normale;Buona;;0;0;0;3;12.5076;41.891;-1;2;Autovettura privata;In marcia / fermata / arresto;Conducente;M;Illeso;0;;;
5155927;1;16/11/2020 10:40:00;Strada Urbana;VIALE MANZONI;in corrispondenza;;del civico n.;35;;Scontro laterale fra veicoli in marcia;Rettilineo;Una carreggiata a doppio senso;Bagnato (pioggia);Asfaltata;Verticale ed orizzontale;Nuvoloso;Normale;Buona;;0;0;0;3;12.5076;41.891;-1;2;Autovettura privata;In marcia / fermata / arresto;Passeggero;F;Illeso;0;;;
5155935;12;16/11/2020 18:20:00;Strada Urbana;VIALE DELL'OCEANO INDIANO;in prossimit�;;del palo luce n.;21;;Investimento di pedone;Rettilineo;Una carreggiata a doppio senso;Bagnato (pioggia);Asfaltata;Verticale ed orizzontale;Nuvoloso;Normale;Buona;;1;0;0;1;12.4522;41.8268;-1;;;;Pedone;M;Rimandato;0;NON DECEDUTO;;
5155935;12;16/11/2020 18:20:00;Strada Urbana;VIALE DELL'OCEANO INDIANO;in prossimit�;;del palo luce n.;21;;Investimento di pedone;Rettilineo;Una carreggiata a doppio senso;Bagnato (pioggia);Asfaltata;Verticale ed orizzontale;Nuvoloso;Normale;Buona;;1;0;0;1;12.4522;41.8268;-1;1;Autovettura privata;In marcia / fermata / arresto;Conducente;M;Illeso;0;;Utilizzato;Inesploso
5155936;1;16/11/2020 17:15:00;Strada Urbana;VIA DELLO STATUTO;da specificare;;;;PROSSIMITA' VIA LEOPARDI;Investimento di pedone;Rettilineo;Una carreggiata a doppio senso;Bagnato (pioggia);Acciotolata;Orizzontale;Pioggia in atto;Normale;Buona;;1;0;0;2;12.5022;41.8948;-1;;;;Pedone;F;Rimandato;0;NON DECEDUTO;;
5155936;1;16/11/2020 17:15:00;Strada Urbana;VIA DELLO STATUTO;da specificare;;;;PROSSIMITA' VIA LEOPARDI;Investimento di pedone;Rettilineo;Una carreggiata a doppio senso;Bagnato (pioggia);Acciotolata;Orizzontale;Pioggia in atto;Normale;Buona;;1;0;0;2;12.5022;41.8948;-1;1;Autovettura privata;In marcia / fermata / arresto;Conducente;F;Illeso;0;;Non accertato;Inesploso
5155936;1;16/11/2020 17:15:00;Strada Urbana;VIA DELLO STATUTO;da specificare;;;;PROSSIMITA' VIA LEOPARDI;Investimento di pedone;Rettilineo;Una carreggiata a doppio senso;Bagnato (pioggia);Acciotolata;Orizzontale;Pioggia in atto;Normale;Buona;;1;0;0;2;12.5022;41.8948;-1;1;Autovettura privata;In marcia / fermata / arresto;Passeggero;M;Illeso;0;;Non accertato;Inesploso
5155964;17;16/11/2020 12:30:00;Strada Urbana;VIALE DEI BASTIONI DI MICHELANGELO;in prossimit�;;del civico n.;9;;Scontro frontale fra veicoli in marcia;Curva senza visuale libera;Una carreggiata a doppio senso;Bagnato (pioggia);Asfaltata;Verticale ed orizzontale;Pioggia in atto;Normale;Buona;;2;0;0;1;12.4562;41.9064;-1;1;Autovettura privata;In marcia / fermata / arresto;Conducente;F;Illeso;0;;;
5155964;17;16/11/2020 12:30:00;Strada Urbana;VIALE DEI BASTIONI DI MICHELANGELO;in prossimit�;;del civico n.;9;;Scontro frontale fra veicoli in marcia;Curva senza visuale libera;Una carreggiata a doppio senso;Bagnato (pioggia);Asfaltata;Verticale ed orizzontale;Pioggia in atto;Normale;Buona;;2;0;0;1;12.4562;41.9064;-1;2;Autovettura privata;In marcia / fermata / arresto;Conducente;M;Rimandato;0;NON DECEDUTO;;
5155964;17;16/11/2020 12:30:00;Strada Urbana;VIALE DEI BASTIONI DI MICHELANGELO;in prossimit�;;del civico n.;9;;Scontro frontale fra veicoli in marcia;Curva senza visuale libera;Una carreggiata a doppio senso;Bagnato (pioggia);Asfaltata;Verticale ed orizzontale;Pioggia in atto;Normale;Buona;;2;0;0;1;12.4562;41.9064;-1;2;Autovettura privata;In marcia / fermata / arresto;Passeggero;F;Rimandato;0;NON DECEDUTO;;
5155965;18;16/11/2020 16:20:00;Strada Urbana;VIA BALDO DEGLI UBALDI;da specificare;;;;fronte civico 348;Investimento di pedone;Rettilineo;Due carreggiate;Bagnato (pioggia);Asfaltata;Verticale ed orizzontale;Pioggia in atto;Normale;Sufficiente;;1;0;0;1;12.4363;41.8999;-1;;;;Pedone;F;Rimandato;0;NON DECEDUTO;;
5155965;18;16/11/2020 16:20:00;Strada Urbana;VIA BALDO DEGLI UBALDI;da specificare;;;;fronte civico 348;Investimento di pedone;Rettilineo;Due carreggiate;Bagnato (pioggia);Asfaltata;Verticale ed orizzontale;Pioggia in atto;Normale;Sufficiente;;1;0;0;1;12.4363;41.8999;-1;1;Autovettura privata;In marcia / fermata / arresto;Conducente;M;Illeso;0;;;
5155973;10;17/11/2020 08:00:00;Strada Urbana;VIA LUCREZIA ROMANA;all'intersezione con;VIA PELLARO;VIA PELLARO;;;Veicolo in marcia che urta buche nella carreggiata;Intersezione stradale segnalata;Una carreggiata a doppio senso;Bagnato (umidit� in atto);Asfaltata;Verticale ed orizzontale;Sereno;Normale;Buona;;0;0;0;1;12.576;41.8347;-1;1;Autovettura di polizia;In marcia / fermata / arresto;Conducente;M;Illeso;0;;Non accertato;Inesploso
5156050;5;16/11/2020 19:35:00;Strada Urbana;VIA GIACOMO PERONI;in prossimit�;;del civico n.;150;;Scontro frontale/laterale SX fra veicoli in marcia;Rettilineo;Una carreggiata a senso unico di marcia;Asciutto;Asfaltata;Verticale;Nuvoloso;Scarso;Sufficiente;;0;0;0;2;12.6323;41.9353;-1;1;Autocarro inferiore 35 q.;In marcia / fermata / arresto;Conducente;M;Illeso;0;;Non accertato;Inesploso
5156050;5;16/11/2020 19:35:00;Strada Urbana;VIA GIACOMO PERONI;in prossimit�;;del civico n.;150;;Scontro frontale/laterale SX fra veicoli in marcia;Rettilineo;Una carreggiata a senso unico di marcia;Asciutto;Asfaltata;Verticale;Nuvoloso;Scarso;Sufficiente;;0;0;0;2;12.6323;41.9353;-1;2;Autocarro inferiore 35 q.;In marcia / fermata / arresto;Conducente;M;Illeso;0;;Non accertato;
5156057;18;16/11/2020 16:30:00;Statale entro l'abitato;VIA AURELIA;in corrispondenza;;della chilometrica;11;;Veicolo in marcia contro ostacolo fisso;Curva a visuale libera;Due carreggiate;Asciutto;Asfaltata;Verticale ed orizzontale;Sereno;Normale;Buona;;1;0;0;0;12.3736;41.8863;-1;1;Autovettura privata;In marcia / fermata / arresto;Conducente;F;Rifiuta cure immediate;0;NON DECEDUTO;;
5156105;16;16/11/2020 09:00:00;Strada Urbana;VIA PIETRO D'ASSISI;all'intersezione con;VIA CAMILLO DE LELLIS;VIA CAMILLO DE LELLIS;;;Scontro frontale/laterale SX fra veicoli in marcia;Intersezione non regolata/non segnalata;Una carreggiata a senso unico di marcia;Bagnato (pioggia);Asfaltata;Assente;Pioggia in atto;Scarso;Buona;;0;0;0;3;12.4506;41.8692;-1;1;Autovettura privata;In marcia / fermata / arresto;Conducente;F;Illeso;0;;Non accertato;Inesploso
5156105;16;16/11/2020 09:00:00;Strada Urbana;VIA PIETRO D'ASSISI;all'intersezione con;VIA CAMILLO DE LELLIS;VIA CAMILLO DE LELLIS;;;Scontro frontale/laterale SX fra veicoli in marcia;Intersezione non regolata/non segnalata;Una carreggiata a senso unico di marcia;Bagnato (pioggia);Asfaltata;Assente;Pioggia in atto;Scarso;Buona;;0;0;0;3;12.4506;41.8692;-1;1;Autovettura privata;In marcia / fermata / arresto;Passeggero;M;Illeso;0;;Non accertato;Inesploso