Protocollo;Gruppo;DataOraIncidente;Localizzazione1;STRADA1;Localizzazione2;STRADA2;Strada02;Chilometrica;DaSpecificare;NaturaIncidente;particolaritastrade;TipoStrada;FondoStradale;Pavimentazione;Segnaletica;CondizioneAtmosferica;Traffico;Visibilita;Illuminazione;NUM_FERITI;NUM_RISERVATA;NUM_MORTI;NUM_ILLESI;Longitudine;Latitudine;Confermato;Progressivo;TipoVeicolo;StatoVeicolo;TipoPersona;Sesso;Tipolesione;Deceduto;DecedutoDopo;CinturaCascoUtilizzato;Airbag;
5156105;16;16/11/2020 09:00:00;Strada Urbana;VIA PIETRO D'ASSISI;all'intersezione con;VIA CAMILLO DE LELLIS;VIA CAMILLO DE LELLIS;;;Scontro frontale/laterale SX fra veicoli in marcia;Intersezione non regolata/non segnalata;Una carreggiata a senso unico di marcia;Bagnato (pioggia);Asfaltata;Assente;Pioggia in atto;Scarso;Buona;;0;0;0;3;12.4506;41.8692;-1;2;Autovettura privata;In marcia / fermata / arresto;Conducente;F;Illeso;0;;Non accertato;Inesploso
5156141;17;16/11/2020 12:50:00;Strada Urbana;VIA TUNISI;in corrispondenza;;del civico n.;63;;Veicolo in marcia contro veicolo in sosta;Rettilineo;Una carreggiata a senso unico di marcia;Bagnato (pioggia);Asfaltata;Verticale ed orizzontale;Pioggia in atto;Normale;Buona;;0;0;0;2;12.452;41.9094;-1;1;Autovettura privata;In marcia / fermata / arresto;Conducente;M;Illeso;0;;;
5156141;17;16/11/2020 12:50:00;Strada Urbana;VIA TUNISI;in corrispondenza;;del civico n.;63;;Veicolo in marcia contro veicolo in sosta;Rettilineo;Una carreggiata a senso unico di marcia;Bagnato (pioggia);Asfaltata;Verticale ed orizzontale;Pioggia in atto;Normale;Buona;;0;0;0;2;12.452;41.9094;-1;1;Autovettura privata;In marcia / fermata / arresto;Passeggero;F;Illeso;0;;;
5156141;17;16/11/2020 12:50:00;Strada Urbana;VIA TUNISI;in corrispondenza;;del civico n.;63;;Veicolo in marcia contro veicolo in sosta;Rettilineo;Una carreggiata a senso unico di marcia;Bagnato (pioggia);Asfaltata;Verticale ed orizzontale;Pioggia in atto;Normale;Buona;;0;0;0;2;12.452;41.9094;-1;2;Motociclo a solo;Sosta;;;;;;;
5156141;17;16/11/2020 12:50:00;Strada Urbana;VIA TUNISI;in corrispondenza;;del civico n.;63;;Veicolo in marcia contro veicolo in sosta;Rettilineo;Una carreggiata a senso unico di marcia;Bagnato (pioggia);Asfaltata;Verticale ed orizzontale;Pioggia in atto;Normale;Buona;;0;0;0;2;12.452;41.9094;-1;3;Autovettura privata;Sosta;;;;;;;
5156159;16;16/11/2020 13:10:00;;LARGO ALFREDO ORIANI;da specificare;;;;prossimit� fronte civico 14;Investimento di pedone;;;;;;;;;;1;0;0;2;12.46;41.8781;0;;;;Pedone;F;Rimandato;0;NON DECEDUTO;;
5156159;16;16/11/2020 13:10:00;;LARGO ALFREDO ORIANI;da specificare;;;;prossimit� fronte civico 14;Investimento di pedone;;;;;;;;;;1;0;0;2;12.46;41.8781;0;1;Motociclo a solo;In marcia / fermata / arresto;Conducente;M;Illeso;0;;;
5156159;16;16/11/2020 13:10:00;;LARGO ALFREDO ORIANI;da specificare;;;;prossimit� fronte civico 14;Investimento di pedone;;;;;;;;;;1;0;0;2;12.46;41.8781;0;1;Motociclo a solo;In marcia / fermata / arresto;Passeggero;M;Illeso;0;;;
5156168;10;17/11/2020 11:53:00;Strada Urbana;VIA VINCENZO LAMARO;in corrispondenza;;del civico n.;12;;Scontro frontale/laterale SX fra veicoli in marcia;Rettilineo;Una carreggiata a doppio senso;Asciutto;Asfaltata;Verticale ed orizzontale;Sereno;Normale;Buona;;0;0;0;2;12.5729;41.8518;-1;1;Autovettura privata;In marcia / fermata / arresto;Conducente;M;Illeso;0;;Non accertato;Esploso
5156168;10;17/11/2020 11:53:00;Strada Urbana;VIA VINCENZO LAMARO;in corrispondenza;;del civico n.;12;;Scontro frontale/laterale SX fra veicoli in marcia;Rettilineo;Una carreggiata a doppio senso;Asciutto;Asfaltata;Verticale ed orizzontale;Sereno;Normale;Buona;;0;0;0;2;12.5729;41.8518;-1;2;Autovettura privata;In marcia / fermata / arresto;Conducente;M;Illeso;0;;Non accertato;Esploso
5156170;2;16/11/2020 16:30:00;Strada Urbana;VIA FLAMINIA;all'intersezione con;PIAZZA APOLLODORO;PIAZZA APOLLODORO;;;Scontro laterale fra veicoli in marcia;Incrocio;Due carreggiate;Bagnato (pioggia);Asfaltata;Verticale ed orizzontale;Nuvoloso;Normale;Buona;;0;0;0;2;12.4718;41.9419;-1;1;Autovettura privata;In marcia / fermata / arresto;Conducente;M;Illeso;0;;Non accertato;Inesploso
5156170;2;16/11/2020 16:30:00;Strada Urbana;VIA FLAMINIA;all'intersezione con;PIAZZA APOLLODORO;PIAZZA APOLLODORO;;;Scontro laterale fra veicoli in marcia;Incrocio;Due carreggiate;Bagnato (pioggia);Asfaltata;Verticale ed orizzontale;Nuvoloso;Normale;Buona;;0;0;0;2;12.4718;41.9419;-1;2;Autovettura privata;In marcia / fermata / arresto;Conducente;F;Illeso;0;;Non accertato;Inesploso
5156170;2;16/11/2020 16:30:00;Strada Urbana;VIA FLAMINIA;all'intersezione con;PIAZZA APOLLODORO;PIAZZA APOLLODORO;;;Scontro laterale fra veicoli in marcia;Incrocio;Due carreggiate;Bagnato (pioggia);Asfaltata;Verticale ed orizzontale;Nuvoloso;Normale;Buona;;0;0;0;2;12.4718;41.9419;-1;3;Autovettura privata;Sosta;;;;;;;
5156170;2;16/11/2020 16:30:00;Strada Urbana;VIA FLAMINIA;all'intersezione con;PIAZZA APOLLODORO;PIAZZA APOLLODORO;;;Scontro laterale fra veicoli in marcia;Incrocio;Due carreggiate;Bagnato (pioggia);Asfaltata;Verticale ed orizzontale;Nuvoloso;Normale;Buona;;0;0;0;2;12.4718;41.9419;-1;4;Autovettura privata;Sosta;;;;;;;
5156178;2;16/11/2020 13:03:00;Strada Urbana;SOTTOVIA IGNAZIO GUIDI;da specificare;;;;alt. P.le della Croce Rossa dir. P.le Flaminio;Tamponamento;Sottopasso illuminato;Una carreggiata a senso unico di marcia;Bagnato (umidit� in atto);Asfaltata;Orizzontale;Pioggia in atto;Normale;Buona;;0;0;0;2;12.5014;41.9096;-1;1;Autovettura privata;In marcia / fermata / arresto;Conducente;M;Illeso;0;;Non accertato;Inesploso
5156178;2;16/11/2020 13:03:00;Strada Urbana;SOTTOVIA IGNAZIO GUIDI;da specificare;;;;alt. P.le della Croce Rossa dir. P.le Flaminio;Tamponamento;Sottopasso illuminato;Una carreggiata a senso unico di marcia;Bagnato (umidit� in atto);Asfaltata;Orizzontale;Pioggia in atto;Normale;Buona;;0;0;0;2;12.5014;41.9096;-1;2;Autovettura privata;In marcia / fermata / arresto;Conducente;M;Illeso;0;;Non accertato;Inesploso
5156182;2;16/11/2020 12:25:00;Strada Urbana;SOTTOVIA IGNAZIO GUIDI;da specificare;;;;altezza P.le Croce Rossa dir. P.le Flaminio;Veicolo in marcia contro ostacolo fisso;Sottopasso illuminato;Una carreggiata a senso unico di marcia;Bagnato (umidit� in atto);Asfaltata;Orizzontale;Pioggia in atto;Normale;Buona;;0;0;0;1;12.5041;41.9083;-1;1;Autovettura privata;In marcia / fermata / arresto;Conducente;F;Illeso;0;;;
5156187;1;16/11/2020 10:05:00;Strada Urbana;VIA CESARE BATTISTI;in corrispondenza;;del civico n.;130;;Scontro laterale fra veicoli in marcia;Rettilineo;Una carreggiata a doppio senso;Bagnato (pioggia);In cubetti di porfido;Verticale ed orizzontale;Pioggia in atto;Intenso;Buona;;0;0;0;2;12.4827;41.8968;-1;1;Autovettura privata;In marcia / fermata / arresto;Conducente;M;Illeso;0;;Non accertato;Inesploso
5156187;1;16/11/2020 10:05:00;Strada Urbana;VIA CESARE BATTISTI;in corrispondenza;;del civico n.;130;;Scontro laterale fra veicoli in marcia;Rettilineo;Una carreggiata a doppio senso;Bagnato (pioggia);In cubetti di porfido;Verticale ed orizzontale;Pioggia in atto;Intenso;Buona;;0;0;0;2;12.4827;41.8968;-1;2;Autobus di linea;In marcia / fermata / arresto;Conducente;M;Illeso;0;;Non accertato;Inesploso
5156249;18;17/11/2020 07:30:00;Comunale extraurbana;VIA DI S. MARIA DI GALERIA;in prossimit�;;del civico n.;504;;Veicolo in marcia contro ostacolo accidentale;Rettilineo;Una carreggiata a doppio senso;Bagnato (umidit� in atto);Asfaltata;Assente;Sereno;Normale;Buona;;0;0;0;1;12.3152;42.0363;-1;1;Autovettura privata;In marcia / fermata / arresto;Conducente;M;Illeso;0;;Non accertato;Inesploso
5156281;18;17/11/2020 07:31:00;Comunale extraurbana;VIA DI S. MARIA DI GALERIA;in prossimit�;;del civico n.;504;;Veicolo in marcia contro ostacolo accidentale;Rettilineo;Una carreggiata a doppio senso;Sdrucciolevole (pietrisco);Strada pavimentata dissestata;Assente;Sereno;Normale;Buona;;0;0;0;1;12.3152;42.0363;-1;1;Autovettura privata;In marcia / fermata / arresto;Conducente;M;Illeso;0;;Non accertato;Inesploso
5156561;6;17/11/2020 13:30:00;Strada Urbana;VIA DEI CICERI;da specificare;;;;in prossimit� di via Antonio Beccadelli;Veicolo in marcia contro veicolo in sosta;Rettilineo;Una carreggiata a senso unico di marcia;Asciutto;Asfaltata;Orizzontale;Sereno;Scarso;Buona;;0;0;0;0;12.5475;41.8728;-1;1;Autovettura privata;Sosta;;;;;;;
5156561;6;17/11/2020 13:30:00;Strada Urbana;VIA DEI CICERI;da specificare;;;;in prossimit� di via Antonio Beccadelli;Veicolo in marcia contro veicolo in sosta;Rettilineo;Una carreggiata a senso unico di marcia;Asciutto;Asfaltata;Orizzontale;Sereno;Scarso;Buona;;0;0;0;0;12.5475;41.8728;-1;2;Autovettura privata;In marcia / fermata / arresto;;;;;;;
5156594;19;16/11/2020 16:00:00;Strada Urbana;CLIVO DI CINNA;in prossimit�;;del civico n.;204;;Veicolo in marcia contro veicoli in sosta;Rettilineo;Una carreggiata a senso unico alternato;Bagnato (pioggia);Asfaltata;Assente;Nuvoloso;Normale;Sufficiente;;0;0;0;1;12.4442;41.9167;-1;1;Autovettura privata;In marcia / fermata / arresto;Conducente;F;Illeso;0;;;
5156594;19;16/11/2020 16:00:00;Strada Urbana;CLIVO DI CINNA;in prossimit�;;del civico n.;204;;Veicolo in marcia contro veicoli in sosta;Rettilineo;Una carreggiata a senso unico alternato;Bagnato (pioggia);Asfaltata;Assente;Nuvoloso;Normale;Sufficiente;;0;0;0;1;12.4442;41.9167;-1;2;Autovettura privata;Sosta;;;;;;;
5156594;19;16/11/2020 16:00:00;Strada Urbana;CLIVO DI CINNA;in prossimit�;;del civico n.;204;;Veicolo in marcia contro veicoli in sosta;Rettilineo;Una carreggiata a senso unico alternato;Bagnato (pioggia);Asfaltata;Assente;Nuvoloso;Normale;Sufficiente;;0;0;0;1;12.4442;41.9167;-1;3;Autovettura privata;Sosta;;;;;;;
5156594;19;16/11/2020 16:00:00;Strada Urbana;CLIVO DI CINNA;in prossimit�;;del civico n.;204;;Veicolo in marcia contro veicoli in sosta;Rettilineo;Una carreggiata a senso unico alternato;Bagnato (pioggia);Asfaltata;Assente;Nuvoloso;Normale;Sufficiente;;0;0;0;1;12.4442;41.9167;-1;4;Motociclo a solo;Sosta;;;;;;;
5156594;19;16/11/2020 16:00:00;Strada Urbana;CLIVO DI CINNA;in prossimit�;;del civico n.;204;;Veicolo in marcia contro veicoli in sosta;Rettilineo;Una carreggiata a senso unico alternato;Bagnato (pioggia);Asfaltata;Assente;Nuvoloso;Normale;Sufficiente;;0;0;0;1;12.4442;41.9167;-1;5;Motociclo con passeggero;Sosta;;;;;;;
5156677;10;17/11/2020 15:40:00;Strada Urbana;VIA GASPERINA;all'intersezione con;VIA CROPANI;VIA CROPANI;;;Scontro frontale/laterale SX fra veicoli in marcia;Intersezione stradale segnalata;Una carreggiata a doppio senso;Asciutto;Asfaltata;Verticale ed orizzontale;Sereno;Normale;Buona;;1;0;0;1;12.5998;41.833;-1;1;Autovettura privata;In marcia / fermata / arresto;Conducente;F;Illeso;0;;;Inesploso
5156677;10;17/11/2020 15:40:00;Strada Urbana;VIA GASPERINA;all'intersezione con;VIA CROPANI;VIA CROPANI;;;Scontro frontale/laterale SX fra veicoli in marcia;Intersezione stradale segnalata;Una carreggiata a doppio senso;Asciutto;Asfaltata;Verticale ed orizzontale;Sereno;Normale;Buona;;1;0;0;1;12.5998;41.833;-1;2;Motociclo a solo;In marcia / fermata / arresto;Conducente;M;Rimandato;0;NON DECEDUTO;Non accertato;
5156732;16;17/11/2020 08:05:00;Strada Urbana;VIALE DEI COLLI PORTUENSI;in corrispondenza;;del civico n.;116;;Tamponamento;Rettilineo;Due carreggiate;Asciutto;Asfaltata;Verticale ed orizzontale;Sereno;Normale;Buona;;0;0;0;2;12.443;41.8715;-1;1;Autovettura privata;In marcia / fermata / arresto;Conducente;F;Illeso;0;;Non accertato;
5156732;16;17/11/2020 08:05:00;Strada Urbana;VIALE DEI COLLI PORTUENSI;in corrispondenza;;del civico n.;116;;Tamponamento;Rettilineo;Due carreggiate;Asciutto;Asfaltata;Verticale ed orizzontale;Sereno;Normale;Buona;;0;0;0;2;12.443;41.8715;-1;2;Motociclo a solo;In marcia / fermata / arresto;Conducente;F;Illeso;0;;Non accertato;
5156795;19;16/11/2020 16:20:00;Strada Urbana;GALLERIA GIOVANNI XXIII;in prossimit�;;della chilometrica;1.5;;Veicolo in marcia contro ostacolo fisso;Galleria illuminata;Una carreggiata a senso unico di marcia;Bagnato (umidit� in atto);Asfaltata;Verticale ed orizzontale;Pioggia in atto;Normale;Sufficiente;;0;0;0;1;12.4411;41.9404;-1;1;Autovettura privata;In marcia / fermata / arresto;Conducente;F;Illeso;0;;Non accertato;Inesploso
5156804;19;16/11/2020 16:20:00;Strada Urbana;GALLERIA GIOVANNI XXIII;in prossimit�;;della chilometrica;1.5;;Tamponamento Multiplo;Rettilineo;Una carreggiata a senso unico di marcia;Bagnato (umidit� in atto);Asfaltata;Verticale ed orizzontale;Pioggia in atto;Normale;Sufficiente;;1;0;0;5;12.4411;41.9404;-1;1;Autovettura privata;In marcia / fermata / arresto;Conducente;F;Rimandato;0;NON DECEDUTO;Non accertato;Inesploso
5156804;19;16/11/2020 16:20:00;Strada Urbana;GALLERIA GIOVANNI XXIII;in prossimit�;;della chilometrica;1.5;;Tamponamento Multiplo;Rettilineo;Una carreggiata a senso unico di marcia;Bagnato (umidit� in atto);Asfaltata;Verticale ed orizzontale;Pioggia in atto;Normale;Sufficiente;;1;0;0;5;12.4411;41.9404;-1;2;Autovettura privata;In marcia / fermata / arresto;Conducente;M;Illeso;0;;Non accertato;Esploso
5156804;19;16/11/2020 16:20:00;Strada Urbana;GALLERIA GIOVANNI XXIII;in prossimit�;;della chilometrica;1.5;;Tamponamento Multiplo;Rettilineo;Una carreggiata a senso unico di marcia;Bagnato (umidit� in atto);Asfaltata;Verticale ed orizzontale;Pioggia in atto;Normale;Sufficiente;;1;0;0;5;12.4411;41.9404;-1;2;Autovettura privata;In marcia / fermata / arresto;Passeggero;M;Illeso;0;;Non accertato;Esploso
5156804;19;16/11/2020 16:20:00;Strada Urbana;GALLERIA GIOVANNI XXIII;in prossimit�;;della chilometrica;1.5;;Tamponamento Multiplo;Rettilineo;Una carreggiata a senso unico di marcia;Bagnato (umidit� in atto);Asfaltata;Verticale ed orizzontale;Pioggia in atto;Normale;Sufficiente;;1;0;0;5;12.4411;41.9404;-1;3;Autocarro inferiore 35 q.;In marcia / fermata / arresto;Conducente;M;Illeso;0;;Non accertato;Esploso
5156804;19;16/11/2020 16:20:00;Strada Urbana;GALLERIA GIOVANNI XXIII;in prossimit�;;della chilometrica;1.5;;Tamponamento Multiplo;Rettilineo;Una carreggiata a senso unico di marcia;Bagnato (umidit� in atto);Asfaltata;Verticale ed orizzontale;Pioggia in atto;Normale;Sufficiente;;1;0;0;5;12.4411;41.9404;-1;3;Autocarro inferiore 35 q.;In marcia / fermata / arresto;Passeggero;M;Illeso;0;;Non accertato;Esploso
5156804;19;16/11/2020 16:20:00;Strada Urbana;GALLERIA GIOVANNI XXIII;in prossimit�;;della chilometrica;1.5;;Tamponamento Multiplo;Rettilineo;Una carreggiata a senso unico di marcia;Bagnato (umidit� in atto);Asfaltata;Verticale ed orizzontale;Pioggia in atto;Normale;Sufficiente;;1;0;0;5;12.4411;41.9404;-1;3;Autocarro inferiore 35 q.;In marcia / fermata / arresto;Passeggero;M;Illeso;0;;Non accertato;Esploso
5156811;19;17/11/2020 14:30:00;Strada Urbana;VIALE DELLE MEDAGLIE D'ORO;in prossimit�;;del civico n.;164;;Scontro laterale fra veicoli in marcia;Rettilineo;Una carreggiata a doppio senso;Asciutto;Asfaltata;Orizzontale;Sereno;Normale;Buona;;0;0;0;2;12.4451;41.911;-1;1;Autocarro inferiore 35 q.;In marcia / fermata / arresto;Conducente;M;Illeso;0;;;
5156811;19;17/11/2020 14:30:00;Strada Urbana;VIALE DELLE MEDAGLIE D'ORO;in prossimit�;;del civico n.;164;;Scontro laterale fra veicoli in marcia;Rettilineo;Una carreggiata a doppio senso;Asciutto;Asfaltata;Orizzontale;Sereno;Normale;Buona;;0;0;0;2;12.4451;41.911;-1;2;Motociclo a solo;In marcia / fermata / arresto;Conducente;M;Illeso;0;;;
5156816;19;16/11/2020 07:50:00;Strada Urbana;VIA PIETRO GASPARRI;all'intersezione con;VIA TOMMASO DE VIO;VIA TOMMASO DE VIO;;;Investimento di pedone;Incrocio;Una carreggiata a doppio senso;Bagnato (pioggia);Asfaltata;Orizzontale;Nuvoloso;Normale;Buona;;1;0;0;2;12.4144;41.9224;-1;;;;Pedone;M;Rimandato;0;NON DECEDUTO;;
5156816;19;16/11/2020 07:50:00;Strada Urbana;VIA PIETRO GASPARRI;all'intersezione con;VIA TOMMASO DE VIO;VIA TOMMASO DE VIO;;;Investimento di pedone;Incrocio;Una carreggiata a doppio senso;Bagnato (pioggia);Asfaltata;Orizzontale;Nuvoloso;Normale;Buona;;1;0;0;2;12.4144;41.9224;-1;1;Autovettura privata;In marcia / fermata / arresto;Conducente;M;Illeso;0;;;
5156816;19;16/11/2020 07:50:00;Strada Urbana;VIA PIETRO GASPARRI;all'intersezione con;VIA TOMMASO DE VIO;VIA TOMMASO DE VIO;;;Investimento di pedone;Incrocio;Una carreggiata a doppio senso;Bagnato (pioggia);Asfaltata;Orizzontale;Nuvoloso;Normale;Buona;;1;0;0;2;12.4144;41.9224;-1;1;Autovettura privata;In marcia / fermata / arresto;Passeggero;F;Illeso;0;;;
5156823;19;16/11/2020 13:30:00;Strada Urbana;VIA SIMONE MOSCA;in prossimit�;;del civico n.;1;;Investimento di pedone;Rettilineo;Una carreggiata a senso unico di marcia;Bagnato (pioggia);Asfaltata;Verticale ed orizzontale;Pioggia in atto;Normale;Sufficiente;;1;0;0;0;12.421;41.9274;0;;;;Pedone;M;Rimandato;0;NON DECEDUTO;;
5156823;19;16/11/2020 13:30:00;Strada Urbana;VIA SIMONE MOSCA;in prossimit�;;del civico n.;1;;Investimento di pedone;Rettilineo;Una carreggiata a senso unico di marcia;Bagnato (pioggia);Asfaltata;Verticale ed orizzontale;Pioggia in atto;Normale;Sufficiente;;1;0;0;0;12.421;41.9274;0;1;Autovettura privata;Allontanatosi;;;;;;;
5156832;1;17/11/2020 13:30:00;Strada Urbana;VIA FILIPPO TURATI;in prossimit�;;del civico n.;152;;Veicolo in marcia contro veicolo in sosta;Rettilineo;Una carreggiata a senso unico di marcia;Asciutto;Asfaltata;Verticale ed orizzontale;Sereno;Normale;Buona;;0;0;0;0;12.5054;41.8967;0;1;Autovettura privata;Allontanatosi;;;;;;;
5156832;1;17/11/2020 13:30:00;Strada Urbana;VIA FILIPPO TURATI;in prossimit�;;del civico n.;152;;Veicolo in marcia contro veicolo in sosta;Rettilineo;Una carreggiata a senso unico di marcia;Asciutto;Asfaltata;Verticale ed orizzontale;Sereno;Normale;Buona;;0;0;0;0;12.5054;41.8967;0;2;Autovettura privata;Sosta;;;;;;;
5156858;1;17/11/2020 15:15:00;Strada Urbana;VIALE MANZONI;in corrispondenza;;del civico n.;5;;Tamponamento Multiplo;Rettilineo;Una carreggiata a doppio senso;Asciutto;Asfaltata;Verticale ed orizzontale;Sereno;Normale;Buona;;0;0;0;3;12.5049;41.8896;-1;1;Autovettura privata;In marcia / fermata / arresto;Conducente;M;Illeso;0;;Non accertato;Inesploso
5156858;1;17/11/2020 15:15:00;Strada Urbana;VIALE MANZONI;in corrispondenza;;del civico n.;5;;Tamponamento Multiplo;Rettilineo;Una carreggiata a doppio senso;Asciutto;Asfaltata;Verticale ed orizzontale;Sereno;Normale;Buona;;0;0;0;3;12.5049;41.8896;-1;2;Autovettura privata;In marcia / fermata / arresto;Conducente;M;Illeso;0;;Non accertato;Inesploso
5156858;1;17/11/2020 15:15:00;Strada Urbana;VIALE MANZONI;in corrispondenza;;del civico n.;5;;Tamponamento Multiplo;Rettilineo;Una carreggiata a doppio senso;Asciutto;Asfaltata;Verticale ed orizzontale;Sereno;Normale;Buona;;0;0;0;3;12.5049;41.8896;-1;3;Autovettura privata;In marcia / fermata / arresto;Conducente;M;Illeso;0;;Non accertato;Inesploso
5156921;1;17/11/2020 09:30:00;Strada Urbana;VIA VITTORIO VENETO;all'intersezione con;VIA LIGURIA;VIA LIGURIA;;;Scontro laterale fra veicoli in marcia;Incrocio;Una carreggiata a doppio senso;Asciutto;Asfaltata;Verticale ed orizzontale;Sereno;Normale;Buona;;1;0;0;1;12.4902;41.907;-1;1;Ciclomotore;In marcia / fermata / arresto;Conducente;M;Rimandato;0;NON DECEDUTO;Non accertato;
5156921;1;17/11/2020 09:30:00;Strada Urbana;VIA VITTORIO VENETO;all'intersezione con;VIA LIGURIA;VIA LIGURIA;;;Scontro laterale fra veicoli in marcia;Incrocio;Una carreggiata a doppio senso;Asciutto;Asfaltata;Verticale ed orizzontale;Sereno;Normale;Buona;;1;0;0;1;12.4902;41.907;-1;2;Autocarro inferiore 35 q.;In marcia / fermata / arresto;Conducente;M;Illeso;0;;Non accertato;Inesploso
5156922;19;17/11/2020 15:10:00;Strada Urbana;LARGO ANTONIO CAVALLARO;da specificare;;;;snc;Scontro laterale fra veicoli in marcia;Rettilineo;Due carreggiate;Asciutto;Asfaltata;Assente;Sereno;Scarso;Buona;;0;0;0;2;12.4278;41.9279;-1;1;Autovettura privata;In marcia / fermata / arresto;Conducente;M;Illeso;0;;;
5156922;19;17/11/2020 15:10:00;Strada Urbana;LARGO ANTONIO CAVALLARO;da specificare;;;;snc;Scontro laterale fra veicoli in marcia;Rettilineo;Due carreggiate;Asciutto;Asfaltata;Assente;Sereno;Scarso;Buona;;0;0;0;2;12.4278;41.9279;-1;2;Autovettura privata;In marcia / fermata / arresto;Conducente;M;Illeso;0;;;
5156926;18;17/11/2020 11:50:00;Strada Urbana;VIA DI BOCCEA;all'intersezione con;VIA GREGORIO XI;VIA GREGORIO XI;;;Scontro laterale fra veicoli in marcia;Incrocio;Una carreggiata a doppio senso;Asciutto;Asfaltata;Verticale ed orizzontale;Sereno;Intenso;Buona;;0;0;0;2;12.422;41.9031;-1;1;Motociclo a solo;In marcia / fermata / arresto;Conducente;F;Illeso;0;;;
5156926;18;17/11/2020 11:50:00;Strada Urbana;VIA DI BOCCEA;all'intersezione con;VIA GREGORIO XI;VIA GREGORIO XI;;;Scontro laterale fra veicoli in marcia;Incrocio;Una carreggiata a doppio senso;Asciutto;Asfaltata;Verticale ed orizzontale;Sereno;Intenso;Buona;;0;0;0;2;12.422;41.9031;-1;2;Autovettura privata;In marcia / fermata / arresto;Conducente;M;Illeso;0;;;
5156940;1;17/11/2020 11:00:00;Strada Urbana;LUNGOTEVERE RAFFAELLO SANZIO;in corrispondenza;;del civico n.;3;;Veicolo in marcia contro veicolo arresto;Rettilineo;Una carreggiata a senso unico di marcia;Asciutto;Asfaltata;Verticale ed orizzontale;Sereno;Normale;Buona;;0;0;0;2;12.4714;41.8911;-1;1;Autovettura privata;In marcia / fermata / arresto;Conducente;M;Illeso;0;;Non accertato;Inesploso
5156940;1;17/11/2020 11:00:00;Strada Urbana;LUNGOTEVERE RAFFAELLO SANZIO;in corrispondenza;;del civico n.;3;;Veicolo in marcia contro veicolo arresto;Rettilineo;Una carreggiata a senso unico di marcia;Asciutto;Asfaltata;Verticale ed orizzontale;Sereno;Normale;Buona;;0;0;0;2;12.4714;41.8911;-1;2;Motociclo a solo;In marcia / fermata / arresto;Conducente;M;Illeso;0;;Non accertato;
5156941;6;17/11/2020 16:10:00;Strada Urbana;VIA CHECCO DURANTE;all'intersezione con;VIA ROMOLO BALZANI;VIA ROMOLO BALZANI;;;Tamponamento;Incrocio;Due carreggiate;Asciutto;Asfaltata;Verticale ed orizzontale;Sereno;Normale;Buona;;2;0;0;1;12.5551;41.8811;-1;1;Autovettura privata;In marcia / fermata / arresto;Conducente;M;Illeso;0;;Non accertato;Inesploso
5156941;6;17/11/2020 16:10:00;Strada Urbana;VIA CHECCO DURANTE;all'intersezione con;VIA ROMOLO BALZANI;VIA ROMOLO BALZANI;;;Tamponamento;Incrocio;Due carreggiate;Asciutto;Asfaltata;Verticale ed orizzontale;Sereno;Normale;Buona;;2;0;0;1;12.5551;41.8811;-1;2;Autovettura privata;In marcia / fermata / arresto;Conducente;M;Rifiuta cure immediate;0;NON DECEDUTO;Non accertato;Inesploso
5156941;6;17/11/2020 16:10:00;Strada Urbana;VIA CHECCO DURANTE;all'intersezione con;VIA ROMOLO BALZANI;VIA ROMOLO BALZANI;;;Tamponamento;Incrocio;Due carreggiate;Asciutto;Asfaltata;Verticale ed orizzontale;Sereno;Normale;Buona;;2;0;0;1;12.5551;41.8811;-1;2;Autovettura privata;In marcia / fermata / arresto;Passeggero;M;Rifiuta cure immediate;0;NON DECEDUTO;Non accertato;Inesploso
5156950;18;17/11/2020 14:40:00;Strada Urbana;VIA URBANO II;in prossimit�;;del civico n.;32;;Veicolo in marcia contro ostacolo fisso;Rettilineo;Una carreggiata a doppio senso;Asciutto;Asfaltata;Assente;Sereno;Scarso;Buona;;0;0;0;1;12.4232;41.9044;-1;1;Autocarro superiore 35 q.;In marcia / fermata / arresto;Conducente;M;Illeso;0;;;
5156987;6;17/11/2020 17:50:00;Strada Urbana;VIALE DELLA PRIMAVERA;in corrispondenza;;del civico n.;89;;Investimento di pedone;Rettilineo;Due carreggiate;Asciutto;Asfaltata;Verticale ed orizzontale;Sereno;Normale;Buona;;1;0;0;1;12.561;41.8839;-1;;;;Pedone;M;Rifiuta cure immediate;0;NON DECEDUTO;;
5156987;6;17/11/2020 17:50:00;Strada Urbana;VIALE DELLA PRIMAVERA;in corrispondenza;;del civico n.;89;;Investimento di pedone;Rettilineo;Due carreggiate;Asciutto;Asfaltata;Verticale ed orizzontale;Sereno;Normale;Buona;;1;0;0;1;12.561;41.8839;-1;1;Autovettura privata;In marcia / fermata / arresto;Conducente;M;Illeso;0;;Non accertato;Inesploso
5157038;3;16/11/2020 18:20:00;Strada Urbana;VIALE DELL'UNIVERSITA';in prossimit�;;del civico n.;48;;Veicolo in marcia contro veicolo in sosta;Rettilineo;Due carreggiate;Bagnato (pioggia);Asfaltata;Verticale ed orizzontale;Pioggia in atto;Normale;Sufficiente;;0;0;0;0;12.5142;41.9051;-1;1;Autovettura privata;In marcia / fermata / arresto;;;;;;;