Protocollo;Gruppo;DataOraIncidente;Localizzazione1;STRADA1;Localizzazione2;STRADA2;Strada02;Chilometrica;DaSpecificare;NaturaIncidente;particolaritastrade;TipoStrada;FondoStradale;Pavimentazione;Segnaletica;CondizioneAtmosferica;Traffico;Visibilita;Illuminazione;NUM_FERITI;NUM_RISERVATA;NUM_MORTI;NUM_ILLESI;Longitudine;Latitudine;Confermato;Progressivo;TipoVeicolo;StatoVeicolo;TipoPersona;Sesso;Tipolesione;Deceduto;DecedutoDopo;CinturaCascoUtilizzato;Airbag;
5164660;19;22/11/2020 15:50:00;Strada Urbana;VIA ROMEO RODRIGUEZ PEREIRA;in corrispondenza;;del civico n.;118;;Veicolo in marcia contro veicoli in sosta;Rettilineo;Una carreggiata a doppio senso;Asciutto;Asfaltata;Verticale ed orizzontale;Sereno;Scarso;Buona;;0;0;0;1;12.439;41.9154;-1;3;Autovettura privata;Sosta;;;;;;;
5164661;9;22/11/2020 16:15:00;Strada Urbana;VIA APPIA NUOVA;in corrispondenza;;del civico n.;444;;Tamponamento;Rettilineo;Due carreggiate;Asciutto;Asfaltata;Verticale ed orizzontale;Sereno;Normale;Sufficiente;;1;0;0;1;12.5226;41.8748;-1;1;Autovettura privata;In marcia / fermata / arresto;Conducente;F;Illeso;0;;Non accertato;Inesploso
5164661;9;22/11/2020 16:15:00;Strada Urbana;VIA APPIA NUOVA;in corrispondenza;;del civico n.;444;;Tamponamento;Rettilineo;Due carreggiate;Asciutto;Asfaltata;Verticale ed orizzontale;Sereno;Normale;Sufficiente;;1;0;0;1;12.5226;41.8748;-1;2;Motociclo a solo;In marcia / fermata / arresto;Conducente;M;Rimandato;0;NON DECEDUTO;Non accertato;
5164673;13;22/11/2020 15:35:00;Strada Urbana;VIA ANGELO CANEVARI;all'intersezione con;VIA DI ACILIA;VIA DI ACILIA;;;Scontro frontale/laterale SX fra veicoli in marcia;Incrocio;Una carreggiata a doppio senso;Asciutto;Asfaltata;Verticale ed orizzontale;Sereno;Normale;Buona;;0;0;0;4;12.3694;41.7728;-1;1;Autovettura privata;In marcia / fermata / arresto;Conducente;M;Illeso;0;;Non accertato;
5164673;13;22/11/2020 15:35:00;Strada Urbana;VIA ANGELO CANEVARI;all'intersezione con;VIA DI ACILIA;VIA DI ACILIA;;;Scontro frontale/laterale SX fra veicoli in marcia;Incrocio;Una carreggiata a doppio senso;Asciutto;Asfaltata;Verticale ed orizzontale;Sereno;Normale;Buona;;0;0;0;4;12.3694;41.7728;-1;2;Autovettura privata;In marcia / fermata / arresto;Conducente;M;Illeso;0;;Non accertato;
5164673;13;22/11/2020 15:35:00;Strada Urbana;VIA ANGELO CANEVARI;all'intersezione con;VIA DI ACILIA;VIA DI ACILIA;;;Scontro frontale/laterale SX fra veicoli in marcia;Incrocio;Una carreggiata a doppio senso;Asciutto;Asfaltata;Verticale ed orizzontale;Sereno;Normale;Buona;;0;0;0;4;12.3694;41.7728;-1;2;Autovettura privata;In marcia / fermata / arresto;Passeggero;M;Illeso;0;;Non accertato;
5164673;13;22/11/2020 15:35:00;Strada Urbana;VIA ANGELO CANEVARI;all'intersezione con;VIA DI ACILIA;VIA DI ACILIA;;;Scontro frontale/laterale SX fra veicoli in marcia;Incrocio;Una carreggiata a doppio senso;Asciutto;Asfaltata;Verticale ed orizzontale;Sereno;Normale;Buona;;0;0;0;4;12.3694;41.7728;-1;2;Autovettura privata;In marcia / fermata / arresto;Passeggero;F;Illeso;0;;Non accertato;
5164679;4;21/11/2020 21:53:00;Strada Urbana;PIAZZA GIUSEPPE PRIMOLI;all'intersezione con;VIA UGO OJETTI;VIA UGO OJETTI;;;Scontro laterale fra veicoli in marcia;Intersezione semaforizzata;Due carreggiate;Asciutto;Asfaltata;Verticale ed orizzontale;Sereno;Normale;Buona;;0;0;0;2;12.5526;41.945;-1;1;Autovettura privata;In marcia / fermata / arresto;Conducente;M;Illeso;0;;;
5164679;4;21/11/2020 21:53:00;Strada Urbana;PIAZZA GIUSEPPE PRIMOLI;all'intersezione con;VIA UGO OJETTI;VIA UGO OJETTI;;;Scontro laterale fra veicoli in marcia;Intersezione semaforizzata;Due carreggiate;Asciutto;Asfaltata;Verticale ed orizzontale;Sereno;Normale;Buona;;0;0;0;2;12.5526;41.945;-1;2;Autovettura privata;In marcia / fermata / arresto;Conducente;F;Illeso;0;;;
5164682;5;22/11/2020 20:20:00;Regionale entro l'abitato;VIA TIBURTINA;all'intersezione semaforizzata con;VIALE DEL TECNOPOLO;VIALE DEL TECNOPOLO;;;Veicolo in marcia contro ostacolo fisso;Incrocio;Due carreggiate;Asciutto;Asfaltata;Verticale ed orizzontale;Sereno;Scarso;Buona;;0;0;0;1;12.6418;41.9417;-1;1;Autovettura privata;In marcia / fermata / arresto;Conducente;M;Illeso;0;;Non accertato;
5164684;19;22/11/2020 15:00:00;Strada Urbana;VIA DI S. MARIA DI GALERIA;da specificare;;;;tra V0a Perrella e  il civ. 632;Scontro frontale/laterale SX fra veicoli in marcia;Rettilineo;Una carreggiata a doppio senso;Asciutto;Asfaltata;Orizzontale;Sereno;Scarso;Buona;;1;0;0;3;12.3141;41.999;-1;1;Autovettura privata;In marcia / fermata / arresto;Conducente;M;Illeso;0;;Non accertato;Inesploso
5164684;19;22/11/2020 15:00:00;Strada Urbana;VIA DI S. MARIA DI GALERIA;da specificare;;;;tra V0a Perrella e  il civ. 632;Scontro frontale/laterale SX fra veicoli in marcia;Rettilineo;Una carreggiata a doppio senso;Asciutto;Asfaltata;Orizzontale;Sereno;Scarso;Buona;;1;0;0;3;12.3141;41.999;-1;1;Autovettura privata;In marcia / fermata / arresto;Passeggero;F;Illeso;0;;Non accertato;Inesploso
5164684;19;22/11/2020 15:00:00;Strada Urbana;VIA DI S. MARIA DI GALERIA;da specificare;;;;tra V0a Perrella e  il civ. 632;Scontro frontale/laterale SX fra veicoli in marcia;Rettilineo;Una carreggiata a doppio senso;Asciutto;Asfaltata;Orizzontale;Sereno;Scarso;Buona;;1;0;0;3;12.3141;41.999;-1;1;Autovettura privata;In marcia / fermata / arresto;Passeggero;F;Illeso;0;;Non accertato;Inesploso
5164684;19;22/11/2020 15:00:00;Strada Urbana;VIA DI S. MARIA DI GALERIA;da specificare;;;;tra V0a Perrella e  il civ. 632;Scontro frontale/laterale SX fra veicoli in marcia;Rettilineo;Una carreggiata a doppio senso;Asciutto;Asfaltata;Orizzontale;Sereno;Scarso;Buona;;1;0;0;3;12.3141;41.999;-1;2;Autovettura privata;In marcia / fermata / arresto;Conducente;M;Rimandato;0;NON DECEDUTO;Non accertato;Inesploso
5164692;4;21/11/2020 14:10:00;Strada Urbana;VIA TONALE;all'intersezione con;VIA MONTE S. VICINO;VIA MONTE S. VICINO;;;Scontro frontale/laterale DX fra veicoli in marcia;Incrocio;Una carreggiata a doppio senso;Asciutto;Asfaltata;Assente;Sereno;Normale;Buona;;0;0;0;2;12.533;41.9492;-1;1;Autovettura privata;In marcia / fermata / arresto;Conducente;M;Illeso;0;;;
5164692;4;21/11/2020 14:10:00;Strada Urbana;VIA TONALE;all'intersezione con;VIA MONTE S. VICINO;VIA MONTE S. VICINO;;;Scontro frontale/laterale DX fra veicoli in marcia;Incrocio;Una carreggiata a doppio senso;Asciutto;Asfaltata;Assente;Sereno;Normale;Buona;;0;0;0;2;12.533;41.9492;-1;2;Autovettura privata;In marcia / fermata / arresto;Conducente;M;Illeso;0;;;
5164704;1;22/11/2020 11:00:00;Strada Urbana;VIA ODOARDO BECCARI;in prossimit�;;del civico n.;127;;Veicolo in marcia contro ostacolo accidentale;Rettilineo;Una carreggiata a doppio senso;Asciutto;Asfaltata;Verticale ed orizzontale;;Scarso;Sufficiente;;0;0;0;2;;;0;1;Autovettura privata;In marcia / fermata / arresto;Conducente;M;Illeso;0;;;
5164704;1;22/11/2020 11:00:00;Strada Urbana;VIA ODOARDO BECCARI;in prossimit�;;del civico n.;127;;Veicolo in marcia contro ostacolo accidentale;Rettilineo;Una carreggiata a doppio senso;Asciutto;Asfaltata;Verticale ed orizzontale;;Scarso;Sufficiente;;0;0;0;2;;;0;1;Autovettura privata;In marcia / fermata / arresto;Passeggero;F;Illeso;0;;;
5164727;20;23/11/2020 07:50:00;Strada Urbana;VIA DEL FORO ITALICO;da specificare;;;;interno galleria FLEMING dir. Stadio Olimpico;Tamponamento Multiplo;Rettilineo;Una carreggiata a senso unico di marcia;Asciutto;Asfaltata;Orizzontale;Sereno;Normale;Sufficiente;;1;0;0;2;12.4825;41.9402;-1;1;Autovettura privata;In marcia / fermata / arresto;Conducente;M;Rifiuta cure immediate;0;NON DECEDUTO;Non accertato;Inesploso
5164727;20;23/11/2020 07:50:00;Strada Urbana;VIA DEL FORO ITALICO;da specificare;;;;interno galleria FLEMING dir. Stadio Olimpico;Tamponamento Multiplo;Rettilineo;Una carreggiata a senso unico di marcia;Asciutto;Asfaltata;Orizzontale;Sereno;Normale;Sufficiente;;1;0;0;2;12.4825;41.9402;-1;2;Autovettura privata;In marcia / fermata / arresto;Conducente;M;Illeso;0;;Non accertato;Inesploso
5164727;20;23/11/2020 07:50:00;Strada Urbana;VIA DEL FORO ITALICO;da specificare;;;;interno galleria FLEMING dir. Stadio Olimpico;Tamponamento Multiplo;Rettilineo;Una carreggiata a senso unico di marcia;Asciutto;Asfaltata;Orizzontale;Sereno;Normale;Sufficiente;;1;0;0;2;12.4825;41.9402;-1;3;Autocarro inferiore 35 q.;In marcia / fermata / arresto;Conducente;M;Illeso;0;;Non accertato;Inesploso
5164736;5;22/11/2020 19:00:00;Regionale entro l'abitato;VIA TIBURTINA;da specificare;;;;prossimit� via del Tecnopolo;Fuoriuscita dalla sede stradale;Rettilineo;Pi� di due carreggiate;Asciutto;Asfaltata;Assente;Sereno;Scarso;Buona;;0;0;0;1;12.6389;41.9411;-1;1;Autovettura privata;In marcia / fermata / arresto;Conducente;F;Illeso;0;;;
5164743;4;22/11/2020 21:30:00;Strada Urbana;VIA MONTE BERICO;in prossimit�;;del civico n.;8;;Veicolo in marcia contro veicolo in sosta;Rettilineo;Una carreggiata a senso unico di marcia;Asciutto;Asfaltata;Assente;Sereno;Scarso;Sufficiente;;0;0;0;2;12.5382;41.9412;-1;1;Autovettura privata;In marcia / fermata / arresto;Conducente;M;Illeso;0;;Non accertato;Inesploso
5164743;4;22/11/2020 21:30:00;Strada Urbana;VIA MONTE BERICO;in prossimit�;;del civico n.;8;;Veicolo in marcia contro veicolo in sosta;Rettilineo;Una carreggiata a senso unico di marcia;Asciutto;Asfaltata;Assente;Sereno;Scarso;Sufficiente;;0;0;0;2;12.5382;41.9412;-1;1;Autovettura privata;In marcia / fermata / arresto;Passeggero;F;Illeso;0;;Non accertato;Inesploso
5164743;4;22/11/2020 21:30:00;Strada Urbana;VIA MONTE BERICO;in prossimit�;;del civico n.;8;;Veicolo in marcia contro veicolo in sosta;Rettilineo;Una carreggiata a senso unico di marcia;Asciutto;Asfaltata;Assente;Sereno;Scarso;Sufficiente;;0;0;0;2;12.5382;41.9412;-1;2;Autovettura privata;Sosta;;;;;;;
5164743;4;22/11/2020 21:30:00;Strada Urbana;VIA MONTE BERICO;in prossimit�;;del civico n.;8;;Veicolo in marcia contro veicolo in sosta;Rettilineo;Una carreggiata a senso unico di marcia;Asciutto;Asfaltata;Assente;Sereno;Scarso;Sufficiente;;0;0;0;2;12.5382;41.9412;-1;3;Autovettura privata;Sosta;;;;;;;
5164747;5;21/11/2020 17:10:00;Statale entro l'abitato;VIA TIBURTINA;da specificare;;;;fronte civico 1135;Investimento di pedone;Rettilineo;Due carreggiate;Asciutto;Asfaltata;Temporanea di cantiere;Sereno;Normale;Insufficiente;;2;0;0;1;12.5927;41.9328;-1;;;;Pedone;F;Rimandato;0;NON DECEDUTO;;
5164747;5;21/11/2020 17:10:00;Statale entro l'abitato;VIA TIBURTINA;da specificare;;;;fronte civico 1135;Investimento di pedone;Rettilineo;Due carreggiate;Asciutto;Asfaltata;Temporanea di cantiere;Sereno;Normale;Insufficiente;;2;0;0;1;12.5927;41.9328;-1;;;;Pedone;M;Ricoverato;0;NON DECEDUTO;;
5164747;5;21/11/2020 17:10:00;Statale entro l'abitato;VIA TIBURTINA;da specificare;;;;fronte civico 1135;Investimento di pedone;Rettilineo;Due carreggiate;Asciutto;Asfaltata;Temporanea di cantiere;Sereno;Normale;Insufficiente;;2;0;0;1;12.5927;41.9328;-1;1;Autovettura privata;In marcia / fermata / arresto;Conducente;M;Illeso;0;;;
5164771;5;21/11/2020 13:10:00;Strada Urbana;VIA MATTEO TONDI;all'intersezione con;VIA LUDOVICO PASINI;VIA LUDOVICO PASINI;;;Scontro frontale/laterale DX fra veicoli in marcia;Incrocio;Una carreggiata a doppio senso;Asciutto;Asfaltata;Assente;Grandine in atto;Scarso;Buona;;0;0;0;5;12.5577;41.918;-1;1;Autovettura privata;In marcia / fermata / arresto;Conducente;F;Illeso;0;;Non accertato;Inesploso
5164771;5;21/11/2020 13:10:00;Strada Urbana;VIA MATTEO TONDI;all'intersezione con;VIA LUDOVICO PASINI;VIA LUDOVICO PASINI;;;Scontro frontale/laterale DX fra veicoli in marcia;Incrocio;Una carreggiata a doppio senso;Asciutto;Asfaltata;Assente;Grandine in atto;Scarso;Buona;;0;0;0;5;12.5577;41.918;-1;2;Autovettura privata;In marcia / fermata / arresto;Conducente;M;Illeso;0;;Non accertato;Inesploso
5164771;5;21/11/2020 13:10:00;Strada Urbana;VIA MATTEO TONDI;all'intersezione con;VIA LUDOVICO PASINI;VIA LUDOVICO PASINI;;;Scontro frontale/laterale DX fra veicoli in marcia;Incrocio;Una carreggiata a doppio senso;Asciutto;Asfaltata;Assente;Grandine in atto;Scarso;Buona;;0;0;0;5;12.5577;41.918;-1;2;Autovettura privata;In marcia / fermata / arresto;Passeggero;F;Illeso;0;;Utilizzato;Inesploso
5164771;5;21/11/2020 13:10:00;Strada Urbana;VIA MATTEO TONDI;all'intersezione con;VIA LUDOVICO PASINI;VIA LUDOVICO PASINI;;;Scontro frontale/laterale DX fra veicoli in marcia;Incrocio;Una carreggiata a doppio senso;Asciutto;Asfaltata;Assente;Grandine in atto;Scarso;Buona;;0;0;0;5;12.5577;41.918;-1;2;Autovettura privata;In marcia / fermata / arresto;Passeggero;M;Illeso;0;;;
5164771;5;21/11/2020 13:10:00;Strada Urbana;VIA MATTEO TONDI;all'intersezione con;VIA LUDOVICO PASINI;VIA LUDOVICO PASINI;;;Scontro frontale/laterale DX fra veicoli in marcia;Incrocio;Una carreggiata a doppio senso;Asciutto;Asfaltata;Assente;Grandine in atto;Scarso;Buona;;0;0;0;5;12.5577;41.918;-1;2;Autovettura privata;In marcia / fermata / arresto;Passeggero;M;Illeso;0;;;
5164803;17;20/11/2020 20:45:00;Strada Urbana;CIRCONVALLAZIONE CLODIA;in corrispondenza;;del civico n.;36;;Tamponamento;Rettilineo;Due carreggiate;Asciutto;Asfaltata;Verticale ed orizzontale;Sereno;Scarso;Buona;;0;0;0;2;12.4531;41.9148;-1;1;Autovettura privata;In marcia / fermata / arresto;Conducente;F;Illeso;0;;;
5164803;17;20/11/2020 20:45:00;Strada Urbana;CIRCONVALLAZIONE CLODIA;in corrispondenza;;del civico n.;36;;Tamponamento;Rettilineo;Due carreggiate;Asciutto;Asfaltata;Verticale ed orizzontale;Sereno;Scarso;Buona;;0;0;0;2;12.4531;41.9148;-1;2;Autovettura privata;In marcia / fermata / arresto;Conducente;M;Illeso;0;;;
5164814;4;22/11/2020 20:40:00;Statale entro l'abitato;VIA SALARIA;in corrispondenza;;del civico n.;825;;Tamponamento;Rettilineo;Due carreggiate;Asciutto;Asfaltata;Verticale ed orizzontale;Sereno;Normale;Sufficiente;;0;0;0;4;12.5058;41.9524;-1;1;Autovettura privata;In marcia / fermata / arresto;Conducente;M;Illeso;0;;;
5164814;4;22/11/2020 20:40:00;Statale entro l'abitato;VIA SALARIA;in corrispondenza;;del civico n.;825;;Tamponamento;Rettilineo;Due carreggiate;Asciutto;Asfaltata;Verticale ed orizzontale;Sereno;Normale;Sufficiente;;0;0;0;4;12.5058;41.9524;-1;1;Autovettura privata;In marcia / fermata / arresto;Passeggero;M;Illeso;0;;;
5164814;4;22/11/2020 20:40:00;Statale entro l'abitato;VIA SALARIA;in corrispondenza;;del civico n.;825;;Tamponamento;Rettilineo;Due carreggiate;Asciutto;Asfaltata;Verticale ed orizzontale;Sereno;Normale;Sufficiente;;0;0;0;4;12.5058;41.9524;-1;1;Autovettura privata;In marcia / fermata / arresto;Passeggero;M;Illeso;0;;;
5164814;4;22/11/2020 20:40:00;Statale entro l'abitato;VIA SALARIA;in corrispondenza;;del civico n.;825;;Tamponamento;Rettilineo;Due carreggiate;Asciutto;Asfaltata;Verticale ed orizzontale;Sereno;Normale;Sufficiente;;0;0;0;4;12.5058;41.9524;-1;2;Autovettura privata;In marcia / fermata / arresto;Conducente;M;Illeso;0;;;
5164832;13;22/11/2020;Strada Urbana;VIA DELL'IDROSCALO;da specificare;;;;altezza palo acea 51;Veicolo in marcia contro ostacolo fisso;Rettilineo;Una carreggiata a doppio senso;Asciutto;Asfaltata;Assente;Sereno;Scarso;Buona;;0;0;0;0;12.2564;41.7402;0;1;Autovettura privata;In marcia / fermata / arresto;;;;;;;
5164833;18;06/11/2020 19:30:00;Strada Urbana;VIA PIAN DEL MARMO;da specificare;;;;in prossimit� di Via Casal del Marmo;Tamponamento Multiplo;Rettilineo;Una carreggiata a doppio senso;Asciutto;Asfaltata;Assente;Sereno;Normale;Buona;;0;0;0;3;12.3827;41.9234;-1;1;Autovettura privata;In marcia / fermata / arresto;Conducente;M;Illeso;0;;;
5164833;18;06/11/2020 19:30:00;Strada Urbana;VIA PIAN DEL MARMO;da specificare;;;;in prossimit� di Via Casal del Marmo;Tamponamento Multiplo;Rettilineo;Una carreggiata a doppio senso;Asciutto;Asfaltata;Assente;Sereno;Normale;Buona;;0;0;0;3;12.3827;41.9234;-1;2;Autovettura privata;In marcia / fermata / arresto;Conducente;M;Illeso;0;;;
5164833;18;06/11/2020 19:30:00;Strada Urbana;VIA PIAN DEL MARMO;da specificare;;;;in prossimit� di Via Casal del Marmo;Tamponamento Multiplo;Rettilineo;Una carreggiata a doppio senso;Asciutto;Asfaltata;Assente;Sereno;Normale;Buona;;0;0;0;3;12.3827;41.9234;-1;3;Autovettura privata;In marcia / fermata / arresto;Conducente;M;Illeso;0;;;
5164841;12;21/11/2020 10:30:00;Strada Urbana;VIA DI TRIGORIA;in prossimit�;;del civico n.;55;;Scontro laterale fra veicoli in marcia;Rettilineo;Una carreggiata a doppio senso;Asciutto;Asfaltata;Verticale ed orizzontale;Sereno;Normale;Buona;;0;0;0;3;12.4796;41.7701;-1;1;Autovettura privata;In marcia / fermata / arresto;Conducente;M;Illeso;0;;Non accertato;Inesploso
5164841;12;21/11/2020 10:30:00;Strada Urbana;VIA DI TRIGORIA;in prossimit�;;del civico n.;55;;Scontro laterale fra veicoli in marcia;Rettilineo;Una carreggiata a doppio senso;Asciutto;Asfaltata;Verticale ed orizzontale;Sereno;Normale;Buona;;0;0;0;3;12.4796;41.7701;-1;2;Autovettura privata;In marcia / fermata / arresto;Conducente;M;Illeso;0;;Non accertato;Inesploso
5164841;12;21/11/2020 10:30:00;Strada Urbana;VIA DI TRIGORIA;in prossimit�;;del civico n.;55;;Scontro laterale fra veicoli in marcia;Rettilineo;Una carreggiata a doppio senso;Asciutto;Asfaltata;Verticale ed orizzontale;Sereno;Normale;Buona;;0;0;0;3;12.4796;41.7701;-1;2;Autovettura privata;In marcia / fermata / arresto;Passeggero;F;Illeso;0;;Non accertato;Inesploso
5164895;2;20/11/2020 14:48:00;Strada Urbana;VIA DI PRISCILLA;in corrispondenza;;del civico n.;117;;Veicolo in marcia contro veicolo in sosta;Rettilineo;Una carreggiata a doppio senso;Asciutto;Asfaltata;Verticale ed orizzontale;Nuvoloso;Normale;Buona;;0;0;0;0;12.5121;41.9329;-1;1;Autovettura privata;Sosta;;;;;;;
5164895;2;20/11/2020 14:48:00;Strada Urbana;VIA DI PRISCILLA;in corrispondenza;;del civico n.;117;;Veicolo in marcia contro veicolo in sosta;Rettilineo;Una carreggiata a doppio senso;Asciutto;Asfaltata;Verticale ed orizzontale;Nuvoloso;Normale;Buona;;0;0;0;0;12.5121;41.9329;-1;2;Autobus di linea;Allontanatosi;;;;;;;
5164904;2;21/11/2020 22:00:00;Strada Urbana;VIALE SOMALIA;in prossimit�;;del civico n.;65;;Scontro frontale/laterale DX fra veicoli in marcia;Rettilineo;Una carreggiata a doppio senso;Asciutto;Asfaltata;Verticale ed orizzontale;Sereno;Scarso;Buona;;0;0;0;3;12.5125;41.9358;-1;1;Autovettura privata;In marcia / fermata / arresto;Conducente;M;Illeso;0;;Non accertato;Inesploso
5164904;2;21/11/2020 22:00:00;Strada Urbana;VIALE SOMALIA;in prossimit�;;del civico n.;65;;Scontro frontale/laterale DX fra veicoli in marcia;Rettilineo;Una carreggiata a doppio senso;Asciutto;Asfaltata;Verticale ed orizzontale;Sereno;Scarso;Buona;;0;0;0;3;12.5125;41.9358;-1;2;Autovettura privata;In marcia / fermata / arresto;Conducente;M;Illeso;0;;Non accertato;Inesploso
5164904;2;21/11/2020 22:00:00;Strada Urbana;VIALE SOMALIA;in prossimit�;;del civico n.;65;;Scontro frontale/laterale DX fra veicoli in marcia;Rettilineo;Una carreggiata a doppio senso;Asciutto;Asfaltata;Verticale ed orizzontale;Sereno;Scarso;Buona;;0;0;0;3;12.5125;41.9358;-1;2;Autovettura privata;In marcia / fermata / arresto;Passeggero;M;Illeso;0;;Non accertato;Inesploso
5164905;2;21/11/2020 18:30:00;Strada Urbana;VIA BARNABA ORIANI;in corrispondenza;;del civico n.;22;;Veicolo in marcia contro veicoli in sosta;Rettilineo;Una carreggiata a doppio senso;Asciutto;Asfaltata;Verticale ed orizzontale;Nuvoloso;Scarso;Buona;;0;0;0;2;12.4853;41.9268;-1;1;Quadriciclo;In marcia / fermata / arresto;Conducente;F;Illeso;0;;Non accertato;Inesploso
5164905;2;21/11/2020 18:30:00;Strada Urbana;VIA BARNABA ORIANI;in corrispondenza;;del civico n.;22;;Veicolo in marcia contro veicoli in sosta;Rettilineo;Una carreggiata a doppio senso;Asciutto;Asfaltata;Verticale ed orizzontale;Nuvoloso;Scarso;Buona;;0;0;0;2;12.4853;41.9268;-1;1;Quadriciclo;In marcia / fermata / arresto;Passeggero;F;Illeso;0;;Non accertato;Inesploso
5164905;2;21/11/2020 18:30:00;Strada Urbana;VIA BARNABA ORIANI;in corrispondenza;;del civico n.;22;;Veicolo in marcia contro veicoli in sosta;Rettilineo;Una carreggiata a doppio senso;Asciutto;Asfaltata;Verticale ed orizzontale;Nuvoloso;Scarso;Buona;;0;0;0;2;12.4853;41.9268;-1;2;Autovettura privata;Sosta;;;;;;;
5164905;2;21/11/2020 18:30:00;Strada Urbana;VIA BARNABA ORIANI;in corrispondenza;;del civico n.;22;;Veicolo in marcia contro veicoli in sosta;Rettilineo;Una carreggiata a doppio senso;Asciutto;Asfaltata;Verticale ed orizzontale;Nuvoloso;Scarso;Buona;;0;0;0;2;12.4853;41.9268;-1;3;Autovettura privata;Sosta;;;;;;;
5164927;7;20/11/2020 10:40:00;Strada Urbana;VIALE ALESSANDRINO;all'intersezione con;VIA DEGLI OLMI;VIA DEGLI OLMI;;;Scontro laterale fra veicoli in marcia;Incrocio;Una carreggiata a doppio senso;Bagnato (pioggia);Asfaltata;Verticale ed orizzontale;Pioggia in atto;Normale;Buona;;1;0;0;2;12.5779;41.8792;-1;1;Autovettura privata;In marcia / fermata / arresto;Conducente;M;Illeso;0;;Non accertato;Inesploso
5164927;7;20/11/2020 10:40:00;Strada Urbana;VIALE ALESSANDRINO;all'intersezione con;VIA DEGLI OLMI;VIA DEGLI OLMI;;;Scontro laterale fra veicoli in marcia;Incrocio;Una carreggiata a doppio senso;Bagnato (pioggia);Asfaltata;Verticale ed orizzontale;Pioggia in atto;Normale;Buona;;1;0;0;2;12.5779;41.8792;-1;1;Autovettura privata;In marcia / fermata / arresto;Passeggero;M;Rimandato;0;NON DECEDUTO;Non accertato;Inesploso
5164927;7;20/11/2020 10:40:00;Strada Urbana;VIALE ALESSANDRINO;all'intersezione con;VIA DEGLI OLMI;VIA DEGLI OLMI;;;Scontro laterale fra veicoli in marcia;Incrocio;Una carreggiata a doppio senso;Bagnato (pioggia);Asfaltata;Verticale ed orizzontale;Pioggia in atto;Normale;Buona;;1;0;0;2;12.5779;41.8792;-1;2;Autovettura privata;In marcia / fermata / arresto;Conducente;M;Illeso;0;;Non accertato;Inesploso
5164931;6;23/11/2020 08:30:00;Strada Urbana;VIA ORESTE SALOMONE;all'intersezione con;VIA PIETRO ROVETTI;VIA PIETRO ROVETTI;;;Scontro frontale/laterale SX fra veicoli in marcia;Incrocio;Una carreggiata a senso unico di marcia;Asciutto;Asfaltata;Verticale ed orizzontale;Sereno;Normale;Buona;;1;0;0;1;12.5448;41.8778;-1;1;Autovettura privata;In marcia / fermata / arresto;Conducente;M;Illeso;0;;Non accertato;Inesploso
5164931;6;23/11/2020 08:30:00;Strada Urbana;VIA ORESTE SALOMONE;all'intersezione con;VIA PIETRO ROVETTI;VIA PIETRO ROVETTI;;;Scontro frontale/laterale SX fra veicoli in marcia;Incrocio;Una carreggiata a senso unico di marcia;Asciutto;Asfaltata;Verticale ed orizzontale;Sereno;Normale;Buona;;1;0;0;1;12.5448;41.8778;-1;2;Motociclo a solo;In marcia / fermata / arresto;Conducente;M;Rimandato;0;NON DECEDUTO;;
5164931;6;23/11/2020 08:30:00;Strada Urbana;VIA ORESTE SALOMONE;all'intersezione con;VIA PIETRO ROVETTI;VIA PIETRO ROVETTI;;;Scontro frontale/laterale SX fra veicoli in marcia;Incrocio;Una carreggiata a senso unico di marcia;Asciutto;Asfaltata;Verticale ed orizzontale;Sereno;Normale;Buona;;1;0;0;1;12.5448;41.8778;-1;3;Autovettura privata;Sosta;;;;;;;
5164954;1;23/11/2020 08:23:00;Strada Urbana;LUNGOTEVERE RAFFAELLO SANZIO;in corrispondenza;;del civico n.;16;;Veicolo in marcia contro veicolo arresto;Rettilineo;Una carreggiata a senso unico di marcia;Asciutto;Asfaltata;Verticale ed orizzontale;Sereno;;Buona;;1;0;0;2;12.4738;41.8905;-1;1;Autovettura privata;In marcia / fermata / arresto;Conducente;M;Illeso;0;;;
5164954;1;23/11/2020 08:23:00;Strada Urbana;LUNGOTEVERE RAFFAELLO SANZIO;in corrispondenza;;del civico n.;16;;Veicolo in marcia contro veicolo arresto;Rettilineo;Una carreggiata a senso unico di marcia;Asciutto;Asfaltata;Verticale ed orizzontale;Sereno;;Buona;;1;0;0;2;12.4738;41.8905;-1;1;Autovettura privata;In marcia / fermata / arresto;Passeggero;M;Illeso;0;;;
5164954;1;23/11/2020 08:23:00;Strada Urbana;LUNGOTEVERE RAFFAELLO SANZIO;in corrispondenza;;del civico n.;16;;Veicolo in marcia contro veicolo arresto;Rettilineo;Una carreggiata a senso unico di marcia;Asciutto;Asfaltata;Verticale ed orizzontale;Sereno;;Buona;;1;0;0;2;12.4738;41.8905;-1;2;Motociclo a solo;In marcia / fermata / arresto;Conducente;M;Rimandato;0;NON DECEDUTO;;