Protocollo;Gruppo;DataOraIncidente;Localizzazione1;STRADA1;Localizzazione2;STRADA2;Strada02;Chilometrica;DaSpecificare;NaturaIncidente;particolaritastrade;TipoStrada;FondoStradale;Pavimentazione;Segnaletica;CondizioneAtmosferica;Traffico;Visibilita;Illuminazione;NUM_FERITI;NUM_RISERVATA;NUM_MORTI;NUM_ILLESI;Longitudine;Latitudine;Confermato;Progressivo;TipoVeicolo;StatoVeicolo;TipoPersona;Sesso;Tipolesione;Deceduto;DecedutoDopo;CinturaCascoUtilizzato;Airbag;
5165138;7;21/11/2020 17:45:00;Strada Urbana;VIA CAMILLO PRAMPOLINI;da specificare;;;;Interno parcheggio Eurospin;Scontro frontale/laterale DX fra veicoli in marcia;Rettilineo;Una carreggiata a doppio senso;Asciutto;Asfaltata;Verticale ed orizzontale;Sereno;Scarso;Buona;;0;0;0;4;12.5707;41.8973;-1;2;Autovettura privata;In marcia / fermata / arresto;Passeggero;F;Illeso;0;;Non accertato;Inesploso
5165138;7;21/11/2020 17:45:00;Strada Urbana;VIA CAMILLO PRAMPOLINI;da specificare;;;;Interno parcheggio Eurospin;Scontro frontale/laterale DX fra veicoli in marcia;Rettilineo;Una carreggiata a doppio senso;Asciutto;Asfaltata;Verticale ed orizzontale;Sereno;Scarso;Buona;;0;0;0;4;12.5707;41.8973;-1;2;Autovettura privata;In marcia / fermata / arresto;Passeggero;M;Illeso;0;;Non accertato;Inesploso
5165140;7;21/11/2020 12:30:00;Strada Urbana;VIA CASILINA;all'intersezione con;PIAZZA SOR CAPANNA;PIAZZA SOR CAPANNA;;;Scontro frontale/laterale SX fra veicoli in marcia;Incrocio;Una carreggiata a doppio senso;Asciutto;Asfaltata;Verticale ed orizzontale;Sereno;Normale;Buona;;0;0;0;3;12.5787;41.8713;-1;1;Autovettura privata;In marcia / fermata / arresto;Conducente;M;Illeso;0;;Non accertato;Inesploso
5165140;7;21/11/2020 12:30:00;Strada Urbana;VIA CASILINA;all'intersezione con;PIAZZA SOR CAPANNA;PIAZZA SOR CAPANNA;;;Scontro frontale/laterale SX fra veicoli in marcia;Incrocio;Una carreggiata a doppio senso;Asciutto;Asfaltata;Verticale ed orizzontale;Sereno;Normale;Buona;;0;0;0;3;12.5787;41.8713;-1;2;Autovettura privata;In marcia / fermata / arresto;Conducente;M;Illeso;0;;Non accertato;Inesploso
5165140;7;21/11/2020 12:30:00;Strada Urbana;VIA CASILINA;all'intersezione con;PIAZZA SOR CAPANNA;PIAZZA SOR CAPANNA;;;Scontro frontale/laterale SX fra veicoli in marcia;Incrocio;Una carreggiata a doppio senso;Asciutto;Asfaltata;Verticale ed orizzontale;Sereno;Normale;Buona;;0;0;0;3;12.5787;41.8713;-1;2;Autovettura privata;In marcia / fermata / arresto;Passeggero;F;Illeso;0;;Non accertato;Inesploso
5165145;7;22/11/2020 17:00:00;Strada Urbana;VIA RAIMONDO TARGETTI;in prossimit�;;del civico n.;12;;Scontro laterale fra veicoli in marcia;Curva senza visuale libera;Una carreggiata a doppio senso;Asciutto;Asfaltata;Verticale ed orizzontale;Sereno;Normale;Insufficiente;;0;0;0;5;12.5809;41.8921;-1;1;Autovettura privata;In marcia / fermata / arresto;Conducente;M;Illeso;0;;Non accertato;Inesploso
5165145;7;22/11/2020 17:00:00;Strada Urbana;VIA RAIMONDO TARGETTI;in prossimit�;;del civico n.;12;;Scontro laterale fra veicoli in marcia;Curva senza visuale libera;Una carreggiata a doppio senso;Asciutto;Asfaltata;Verticale ed orizzontale;Sereno;Normale;Insufficiente;;0;0;0;5;12.5809;41.8921;-1;1;Autovettura privata;In marcia / fermata / arresto;Passeggero;F;Illeso;0;;Non accertato;Inesploso
5165145;7;22/11/2020 17:00:00;Strada Urbana;VIA RAIMONDO TARGETTI;in prossimit�;;del civico n.;12;;Scontro laterale fra veicoli in marcia;Curva senza visuale libera;Una carreggiata a doppio senso;Asciutto;Asfaltata;Verticale ed orizzontale;Sereno;Normale;Insufficiente;;0;0;0;5;12.5809;41.8921;-1;1;Autovettura privata;In marcia / fermata / arresto;Passeggero;F;Illeso;0;;Non accertato;Inesploso
5165145;7;22/11/2020 17:00:00;Strada Urbana;VIA RAIMONDO TARGETTI;in prossimit�;;del civico n.;12;;Scontro laterale fra veicoli in marcia;Curva senza visuale libera;Una carreggiata a doppio senso;Asciutto;Asfaltata;Verticale ed orizzontale;Sereno;Normale;Insufficiente;;0;0;0;5;12.5809;41.8921;-1;1;Autovettura privata;In marcia / fermata / arresto;Passeggero;M;Illeso;0;;Non accertato;Inesploso
5165145;7;22/11/2020 17:00:00;Strada Urbana;VIA RAIMONDO TARGETTI;in prossimit�;;del civico n.;12;;Scontro laterale fra veicoli in marcia;Curva senza visuale libera;Una carreggiata a doppio senso;Asciutto;Asfaltata;Verticale ed orizzontale;Sereno;Normale;Insufficiente;;0;0;0;5;12.5809;41.8921;-1;2;Motociclo a solo;In marcia / fermata / arresto;Conducente;M;Illeso;0;;Non accertato;
5165205;16;22/11/2020 11:00:00;Strada Urbana;VIA AURELIA ANTICA;in prossimit�;;del civico n.;327;;Veicolo in marcia contro veicolo in sosta;Rettilineo;Una carreggiata a senso unico di marcia;Asciutto;Asfaltata;Verticale ed orizzontale;Sereno;Normale;Buona;;0;0;0;1;12.4328;41.8907;-1;1;Autovettura privata;In marcia / fermata / arresto;Conducente;F;Illeso;0;;Non accertato;
5165205;16;22/11/2020 11:00:00;Strada Urbana;VIA AURELIA ANTICA;in prossimit�;;del civico n.;327;;Veicolo in marcia contro veicolo in sosta;Rettilineo;Una carreggiata a senso unico di marcia;Asciutto;Asfaltata;Verticale ed orizzontale;Sereno;Normale;Buona;;0;0;0;1;12.4328;41.8907;-1;2;Autovettura privata;Sosta;;;;;;;
5165206;16;20/11/2020 13:30:00;;VIA AURELIA ANTICA;in prossimit�;;del civico n.;284;;Infortunio per sola frenata improvvisa;;;;;;;;;;1;0;0;0;12.4375;41.8897;0;1;Motociclo a solo;In marcia / fermata / arresto;Conducente;M;Rimandato;0;NON DECEDUTO;Non accertato;
5165221;16;22/11/2020 11:40:00;Strada Urbana;VIALE DEI QUATTRO VENTI;in corrispondenza;;del civico n.;104;;Investimento di pedone;Rettilineo;Una carreggiata a doppio senso;Asciutto;Asfaltata;Verticale ed orizzontale;Sereno;Normale;Buona;;0;0;0;2;12.4584;41.8812;-1;;;;Pedone;F;Illeso;0;;;
5165221;16;22/11/2020 11:40:00;Strada Urbana;VIALE DEI QUATTRO VENTI;in corrispondenza;;del civico n.;104;;Investimento di pedone;Rettilineo;Una carreggiata a doppio senso;Asciutto;Asfaltata;Verticale ed orizzontale;Sereno;Normale;Buona;;0;0;0;2;12.4584;41.8812;-1;1;Autovettura privata;In marcia / fermata / arresto;Conducente;M;Illeso;0;;Non accertato;
5165304;1;23/11/2020 11:10:00;Strada Urbana;VIA EMANUELE FILIBERTO;in corrispondenza;;del civico n.;151;;Veicolo in marcia che urta buche nella carreggiata;Rettilineo;Una carreggiata a doppio senso;Asciutto;Asfaltata;Verticale ed orizzontale;Sereno;Scarso;Buona;;0;0;0;1;12.5067;41.8902;0;1;Ciclomotore;In marcia / fermata / arresto;Conducente;M;Illeso;0;;Non accertato;
5165310;12;20/11/2020 12:10:00;Strada Urbana;VIA DI MEZZOCAMMINO;da specificare;;;;in prossimit� largo Sergi;Scontro laterale fra veicoli in marcia;Curva a visuale libera;Una carreggiata a doppio senso;Bagnato (pioggia);Asfaltata;Verticale ed orizzontale;Pioggia in atto;Normale;Buona;;0;0;0;3;12.4451;41.7933;-1;1;Autovettura privata;In marcia / fermata / arresto;Conducente;M;Illeso;0;;;
5165310;12;20/11/2020 12:10:00;Strada Urbana;VIA DI MEZZOCAMMINO;da specificare;;;;in prossimit� largo Sergi;Scontro laterale fra veicoli in marcia;Curva a visuale libera;Una carreggiata a doppio senso;Bagnato (pioggia);Asfaltata;Verticale ed orizzontale;Pioggia in atto;Normale;Buona;;0;0;0;3;12.4451;41.7933;-1;2;Autovettura privata;In marcia / fermata / arresto;Conducente;F;Illeso;0;;;
5165310;12;20/11/2020 12:10:00;Strada Urbana;VIA DI MEZZOCAMMINO;da specificare;;;;in prossimit� largo Sergi;Scontro laterale fra veicoli in marcia;Curva a visuale libera;Una carreggiata a doppio senso;Bagnato (pioggia);Asfaltata;Verticale ed orizzontale;Pioggia in atto;Normale;Buona;;0;0;0;3;12.4451;41.7933;-1;3;Autovettura privata;In marcia / fermata / arresto;Conducente;F;Illeso;0;;Utilizzato;Inesploso
5165329;18;21/11/2020 23:50:00;Strada Urbana;VIA DELLA MADONNA DEL RIPOSO;da specificare;;;;fronte civico 2;Veicolo in marcia contro ostacolo accidentale;Rettilineo;Una carreggiata a senso unico di marcia;Asciutto;Asfaltata;Verticale ed orizzontale;Sereno;Scarso;Buona;;0;0;0;1;12.435;41.8972;-1;1;Veicolo speciale;In marcia / fermata / arresto;Conducente;M;Illeso;0;;;
5165329;18;21/11/2020 23:50:00;Strada Urbana;VIA DELLA MADONNA DEL RIPOSO;da specificare;;;;fronte civico 2;Veicolo in marcia contro ostacolo accidentale;Rettilineo;Una carreggiata a senso unico di marcia;Asciutto;Asfaltata;Verticale ed orizzontale;Sereno;Scarso;Buona;;0;0;0;1;12.435;41.8972;-1;2;Autovettura privata;Sosta;;;;;;;
5165333;1;23/11/2020 12:00:00;Strada Urbana;VIA DEL FORO OLITORIO;all'intersezione semaforizzata con;VIA LUIGI PETROSELLI;VIA LUIGI PETROSELLI;;;Scontro laterale fra veicoli in marcia;Intersezione semaforizzata;Una carreggiata a doppio senso;Asciutto;In cubetti di porfido;Verticale ed orizzontale;Sereno;Normale;Buona;;0;0;0;2;12.4804;41.8909;-1;1;Autovettura privata;In marcia / fermata / arresto;Conducente;M;Illeso;0;;Non accertato;Inesploso
5165333;1;23/11/2020 12:00:00;Strada Urbana;VIA DEL FORO OLITORIO;all'intersezione semaforizzata con;VIA LUIGI PETROSELLI;VIA LUIGI PETROSELLI;;;Scontro laterale fra veicoli in marcia;Intersezione semaforizzata;Una carreggiata a doppio senso;Asciutto;In cubetti di porfido;Verticale ed orizzontale;Sereno;Normale;Buona;;0;0;0;2;12.4804;41.8909;-1;2;Autovettura privata;In marcia / fermata / arresto;Conducente;M;Illeso;0;;Non accertato;Inesploso
5165351;18;23/11/2020 12:40:00;Strada Urbana;CIRCONVALLAZIONE CORNELIA;all'intersezione semaforizzata con;LARGO ALESSANDRO CARAVILLANI;LARGO ALESSANDRO CARAVILLANI;;;Scontro laterale fra veicoli in marcia;Intersezione semaforizzata;Due carreggiate;Asciutto;Asfaltata;Verticale ed orizzontale;Sereno;Normale;Buona;;1;0;0;1;12.4259;41.902;-1;1;Autovettura privata;In marcia / fermata / arresto;Conducente;F;Illeso;0;;Non accertato;Inesploso
5165351;18;23/11/2020 12:40:00;Strada Urbana;CIRCONVALLAZIONE CORNELIA;all'intersezione semaforizzata con;LARGO ALESSANDRO CARAVILLANI;LARGO ALESSANDRO CARAVILLANI;;;Scontro laterale fra veicoli in marcia;Intersezione semaforizzata;Due carreggiate;Asciutto;Asfaltata;Verticale ed orizzontale;Sereno;Normale;Buona;;1;0;0;1;12.4259;41.902;-1;2;Motociclo a solo;In marcia / fermata / arresto;Conducente;M;Ricoverato;0;NON DECEDUTO;Non accertato;
5165372;13;22/11/2020 09:35:00;Strada Urbana;VIA DELL'APPAGLIATORE;da specificare;;;;alt. via mdi nostra signora di bonaria;Scontro laterale fra veicoli in marcia;Rettilineo;Una carreggiata a doppio senso;Asciutto;Asfaltata;Verticale ed orizzontale;Sereno;Normale;Buona;;1;0;0;5;12.2646;41.7389;-1;1;Autovettura privata;In marcia / fermata / arresto;Conducente;M;Illeso;0;;Non accertato;Inesploso
5165372;13;22/11/2020 09:35:00;Strada Urbana;VIA DELL'APPAGLIATORE;da specificare;;;;alt. via mdi nostra signora di bonaria;Scontro laterale fra veicoli in marcia;Rettilineo;Una carreggiata a doppio senso;Asciutto;Asfaltata;Verticale ed orizzontale;Sereno;Normale;Buona;;1;0;0;5;12.2646;41.7389;-1;1;Autovettura privata;In marcia / fermata / arresto;Passeggero;F;Illeso;0;;Non accertato;Inesploso
5165372;13;22/11/2020 09:35:00;Strada Urbana;VIA DELL'APPAGLIATORE;da specificare;;;;alt. via mdi nostra signora di bonaria;Scontro laterale fra veicoli in marcia;Rettilineo;Una carreggiata a doppio senso;Asciutto;Asfaltata;Verticale ed orizzontale;Sereno;Normale;Buona;;1;0;0;5;12.2646;41.7389;-1;1;Autovettura privata;In marcia / fermata / arresto;Passeggero;F;Illeso;0;;Non accertato;Inesploso
5165372;13;22/11/2020 09:35:00;Strada Urbana;VIA DELL'APPAGLIATORE;da specificare;;;;alt. via mdi nostra signora di bonaria;Scontro laterale fra veicoli in marcia;Rettilineo;Una carreggiata a doppio senso;Asciutto;Asfaltata;Verticale ed orizzontale;Sereno;Normale;Buona;;1;0;0;5;12.2646;41.7389;-1;1;Autovettura privata;In marcia / fermata / arresto;Passeggero;F;Illeso;0;;Non accertato;Inesploso
5165372;13;22/11/2020 09:35:00;Strada Urbana;VIA DELL'APPAGLIATORE;da specificare;;;;alt. via mdi nostra signora di bonaria;Scontro laterale fra veicoli in marcia;Rettilineo;Una carreggiata a doppio senso;Asciutto;Asfaltata;Verticale ed orizzontale;Sereno;Normale;Buona;;1;0;0;5;12.2646;41.7389;-1;1;Autovettura privata;In marcia / fermata / arresto;Passeggero;F;Illeso;0;;Utilizzato;Inesploso
5165372;13;22/11/2020 09:35:00;Strada Urbana;VIA DELL'APPAGLIATORE;da specificare;;;;alt. via mdi nostra signora di bonaria;Scontro laterale fra veicoli in marcia;Rettilineo;Una carreggiata a doppio senso;Asciutto;Asfaltata;Verticale ed orizzontale;Sereno;Normale;Buona;;1;0;0;5;12.2646;41.7389;-1;2;Motociclo a solo;In marcia / fermata / arresto;Conducente;M;Rimandato;0;NON DECEDUTO;Non accertato;
5165398;12;21/11/2020 10:30:00;Strada Urbana;PIAZZALE LUIGI STURZO;all'intersezione con;VIALE DELL'ASTRONOMIA;VIALE DELL'ASTRONOMIA;;;Scontro laterale fra veicoli in marcia;Incrocio;Una carreggiata a doppio senso;Asciutto;Asfaltata;Verticale ed orizzontale;Sereno;Normale;Buona;;0;0;0;3;12.467;41.8347;-1;1;Autovettura privata;In marcia / fermata / arresto;Conducente;F;Illeso;0;;Non accertato;Esploso
5165398;12;21/11/2020 10:30:00;Strada Urbana;PIAZZALE LUIGI STURZO;all'intersezione con;VIALE DELL'ASTRONOMIA;VIALE DELL'ASTRONOMIA;;;Scontro laterale fra veicoli in marcia;Incrocio;Una carreggiata a doppio senso;Asciutto;Asfaltata;Verticale ed orizzontale;Sereno;Normale;Buona;;0;0;0;3;12.467;41.8347;-1;1;Autovettura privata;In marcia / fermata / arresto;Passeggero;F;Illeso;0;;Non accertato;Inesploso
5165398;12;21/11/2020 10:30:00;Strada Urbana;PIAZZALE LUIGI STURZO;all'intersezione con;VIALE DELL'ASTRONOMIA;VIALE DELL'ASTRONOMIA;;;Scontro laterale fra veicoli in marcia;Incrocio;Una carreggiata a doppio senso;Asciutto;Asfaltata;Verticale ed orizzontale;Sereno;Normale;Buona;;0;0;0;3;12.467;41.8347;-1;2;Autovettura privata;In marcia / fermata / arresto;Conducente;M;Illeso;0;;Non accertato;Inesploso
5165401;16;22/11/2020 21:40:00;Strada Urbana;VIA EDOARDO JENNER;all'intersezione con;VIA DELLA TRASFIGURAZIONE;VIA DELLA TRASFIGURAZIONE;;;Scontro frontale/laterale DX fra veicoli in marcia;Incrocio;Una carreggiata a doppio senso;Asciutto;Asfaltata;Verticale ed orizzontale;Sereno;Scarso;Sufficiente;;0;0;0;3;12.4447;41.8724;-1;1;Autovettura privata;In marcia / fermata / arresto;Conducente;M;Illeso;0;;Non accertato;Inesploso
5165401;16;22/11/2020 21:40:00;Strada Urbana;VIA EDOARDO JENNER;all'intersezione con;VIA DELLA TRASFIGURAZIONE;VIA DELLA TRASFIGURAZIONE;;;Scontro frontale/laterale DX fra veicoli in marcia;Incrocio;Una carreggiata a doppio senso;Asciutto;Asfaltata;Verticale ed orizzontale;Sereno;Scarso;Sufficiente;;0;0;0;3;12.4447;41.8724;-1;2;Autovettura privata;In marcia / fermata / arresto;Conducente;F;Illeso;0;;Non accertato;Inesploso
5165401;16;22/11/2020 21:40:00;Strada Urbana;VIA EDOARDO JENNER;all'intersezione con;VIA DELLA TRASFIGURAZIONE;VIA DELLA TRASFIGURAZIONE;;;Scontro frontale/laterale DX fra veicoli in marcia;Incrocio;Una carreggiata a doppio senso;Asciutto;Asfaltata;Verticale ed orizzontale;Sereno;Scarso;Sufficiente;;0;0;0;3;12.4447;41.8724;-1;2;Autovettura privata;In marcia / fermata / arresto;Passeggero;M;Illeso;0;;Non accertato;Inesploso
5165456;9;23/11/2020 12:30:00;Strada Urbana;VIA VERCELLI;in corrispondenza;;del civico n.;32;;Scontro frontale/laterale SX fra veicoli in marcia;Rettilineo;Una carreggiata a doppio senso;Asciutto;Asfaltata;Assente;Nuvoloso;Normale;Buona;;1;0;0;1;12.5172;41.8817;-1;1;Autovettura privata;In marcia / fermata / arresto;Conducente;F;Illeso;0;;Non accertato;Inesploso
5165456;9;23/11/2020 12:30:00;Strada Urbana;VIA VERCELLI;in corrispondenza;;del civico n.;32;;Scontro frontale/laterale SX fra veicoli in marcia;Rettilineo;Una carreggiata a doppio senso;Asciutto;Asfaltata;Assente;Nuvoloso;Normale;Buona;;1;0;0;1;12.5172;41.8817;-1;2;Motociclo a solo;In marcia / fermata / arresto;Conducente;M;Rimandato;0;NON DECEDUTO;Non accertato;
5165484;18;21/11/2020;Strada Urbana;VIA PAOLO MEDOLAGHI;da specificare;;;;fronte civico 50;Veicolo in marcia contro ostacolo fisso;Rettilineo;Una carreggiata a doppio senso;Asciutto;Asfaltata;Assente;Sereno;Scarso;Buona;;0;0;0;1;12.3493;41.9128;-1;1;Autovettura privata;In marcia / fermata / arresto;Conducente;M;Illeso;0;;;
5165490;18;22/11/2020 09:30:00;Strada Urbana;VIA TORRIGLIA;all'intersezione con;VIA DI TORREVECCHIA;VIA DI TORREVECCHIA;;;Investimento di pedone;Intersezione stradale segnalata;Una carreggiata a doppio senso;Asciutto;Asfaltata;Verticale ed orizzontale;Sereno;Normale;Buona;;1;0;0;1;12.4063;41.9139;-1;;;;Pedone;F;Rimandato;0;NON DECEDUTO;;
5165490;18;22/11/2020 09:30:00;Strada Urbana;VIA TORRIGLIA;all'intersezione con;VIA DI TORREVECCHIA;VIA DI TORREVECCHIA;;;Investimento di pedone;Intersezione stradale segnalata;Una carreggiata a doppio senso;Asciutto;Asfaltata;Verticale ed orizzontale;Sereno;Normale;Buona;;1;0;0;1;12.4063;41.9139;-1;1;Motociclo a solo;In marcia / fermata / arresto;Conducente;M;Illeso;0;;;
5165504;12;21/11/2020 15:30:00;Strada Urbana;VIA LAURENTINA;da specificare;;;;IN PROSSIMITA' ROTTORIA TOR PAGNOTTA;Scontro laterale fra veicoli in marcia;Rotatoria;Pi� di due carreggiate;Asciutto;Asfaltata;Verticale ed orizzontale;Sereno;Normale;Buona;;0;0;0;3;12.4821;41.8039;-1;1;Autovettura privata;In marcia / fermata / arresto;Conducente;M;Illeso;0;;;
5165504;12;21/11/2020 15:30:00;Strada Urbana;VIA LAURENTINA;da specificare;;;;IN PROSSIMITA' ROTTORIA TOR PAGNOTTA;Scontro laterale fra veicoli in marcia;Rotatoria;Pi� di due carreggiate;Asciutto;Asfaltata;Verticale ed orizzontale;Sereno;Normale;Buona;;0;0;0;3;12.4821;41.8039;-1;2;Autovettura privata;In marcia / fermata / arresto;Conducente;M;Illeso;0;;;
5165504;12;21/11/2020 15:30:00;Strada Urbana;VIA LAURENTINA;da specificare;;;;IN PROSSIMITA' ROTTORIA TOR PAGNOTTA;Scontro laterale fra veicoli in marcia;Rotatoria;Pi� di due carreggiate;Asciutto;Asfaltata;Verticale ed orizzontale;Sereno;Normale;Buona;;0;0;0;3;12.4821;41.8039;-1;2;Autovettura privata;In marcia / fermata / arresto;Passeggero;M;Illeso;0;;;
5165550;12;21/11/2020 17:30:00;Provinciale;VIA LAURENTINA;da specificare;;;;in prossimit� della chilometrica 11.1 dir. Pomezia;Veicolo in marcia che urta buche nella carreggiata;Rettilineo;Due carreggiate;Asciutto;Asfaltata;Verticale ed orizzontale;Sereno;Normale;Buona;;0;0;0;1;12.4821;41.7861;-1;1;Autovettura privata;In marcia / fermata / arresto;Conducente;M;Illeso;0;;Non accertato;Inesploso
5165637;12;22/11/2020 13:15:00;Strada Urbana;VIALE OCEANIA;in prossimit�;;del palo luce n.;1;;Veicolo in marcia contro veicolo in sosta;Rettilineo;Una carreggiata a doppio senso;Asciutto;Asfaltata;Verticale ed orizzontale;Sereno;Normale;Buona;;0;0;0;1;12.4634;41.8285;-1;1;Autovettura privata;In marcia / fermata / arresto;Conducente;M;Illeso;0;;Utilizzato;Inesploso
5165637;12;22/11/2020 13:15:00;Strada Urbana;VIALE OCEANIA;in prossimit�;;del palo luce n.;1;;Veicolo in marcia contro veicolo in sosta;Rettilineo;Una carreggiata a doppio senso;Asciutto;Asfaltata;Verticale ed orizzontale;Sereno;Normale;Buona;;0;0;0;1;12.4634;41.8285;-1;2;Autovettura privata;Sosta;;;;;;;
5165678;3;20/11/2020 20:20:00;Strada Urbana;VIA DEI VOLSCI;in prossimit�;;del civico n.;79 A;;Scontro laterale fra veicoli in marcia;Pendenza;Una carreggiata a doppio senso;Asciutto;Asfaltata;Verticale ed orizzontale;Nuvoloso;Scarso;Sufficiente;;0;0;0;1;12.5145;41.8976;-1;1;Autovettura privata;In marcia / fermata / arresto;Conducente;M;Illeso;0;;;
5165678;3;20/11/2020 20:20:00;Strada Urbana;VIA DEI VOLSCI;in prossimit�;;del civico n.;79 A;;Scontro laterale fra veicoli in marcia;Pendenza;Una carreggiata a doppio senso;Asciutto;Asfaltata;Verticale ed orizzontale;Nuvoloso;Scarso;Sufficiente;;0;0;0;1;12.5145;41.8976;-1;2;Autovettura privata;In marcia / fermata / arresto;;;;;;;
5165694;3;21/11/2020 19:25:00;Strada Urbana;VIA TIBURTINA;in prossimit�;;del civico n.;297;;Scontro laterale fra veicoli in marcia;Rettilineo;Pi� di due carreggiate;Asciutto;Asfaltata;Verticale;Sereno;Intenso;Buona;;1;0;0;2;12.5172;41.8999;-1;1;Autovettura privata;In marcia / fermata / arresto;Conducente;M;Rimandato;0;NON DECEDUTO;Non accertato;Inesploso
5165694;3;21/11/2020 19:25:00;Strada Urbana;VIA TIBURTINA;in prossimit�;;del civico n.;297;;Scontro laterale fra veicoli in marcia;Rettilineo;Pi� di due carreggiate;Asciutto;Asfaltata;Verticale;Sereno;Intenso;Buona;;1;0;0;2;12.5172;41.8999;-1;2;Autobus di linea;In marcia / fermata / arresto;Conducente;M;Illeso;0;;Non accertato;Inesploso
5165694;3;21/11/2020 19:25:00;Strada Urbana;VIA TIBURTINA;in prossimit�;;del civico n.;297;;Scontro laterale fra veicoli in marcia;Rettilineo;Pi� di due carreggiate;Asciutto;Asfaltata;Verticale;Sereno;Intenso;Buona;;1;0;0;2;12.5172;41.8999;-1;3;Autobus di linea;In marcia / fermata / arresto;Conducente;M;Illeso;0;;Non accertato;Inesploso
5165732;3;22/11/2020 16:30:00;Strada Urbana;Tang Est dir San Giovanni;da specificare;;;;tratto sopraelevato ALTEZZA V. DEGLI AUSONI;Tamponamento;Rettilineo;Una carreggiata a senso unico di marcia;Asciutto;Asfaltata;Verticale ed orizzontale;Sereno;Normale;Buona;;2;0;0;2;12.5308;41.908;-1;1;Autovettura privata;In marcia / fermata / arresto;Conducente;F;Illeso;0;;Non accertato;Inesploso
5165732;3;22/11/2020 16:30:00;Strada Urbana;Tang Est dir San Giovanni;da specificare;;;;tratto sopraelevato ALTEZZA V. DEGLI AUSONI;Tamponamento;Rettilineo;Una carreggiata a senso unico di marcia;Asciutto;Asfaltata;Verticale ed orizzontale;Sereno;Normale;Buona;;2;0;0;2;12.5308;41.908;-1;1;Autovettura privata;In marcia / fermata / arresto;Passeggero;F;Illeso;0;;Non accertato;Inesploso
5165732;3;22/11/2020 16:30:00;Strada Urbana;Tang Est dir San Giovanni;da specificare;;;;tratto sopraelevato ALTEZZA V. DEGLI AUSONI;Tamponamento;Rettilineo;Una carreggiata a senso unico di marcia;Asciutto;Asfaltata;Verticale ed orizzontale;Sereno;Normale;Buona;;2;0;0;2;12.5308;41.908;-1;2;Autovettura privata;In marcia / fermata / arresto;Conducente;M;Rimandato;0;NON DECEDUTO;Non accertato;Inesploso
5165732;3;22/11/2020 16:30:00;Strada Urbana;Tang Est dir San Giovanni;da specificare;;;;tratto sopraelevato ALTEZZA V. DEGLI AUSONI;Tamponamento;Rettilineo;Una carreggiata a senso unico di marcia;Asciutto;Asfaltata;Verticale ed orizzontale;Sereno;Normale;Buona;;2;0;0;2;12.5308;41.908;-1;2;Autovettura privata;In marcia / fermata / arresto;Passeggero;F;Rimandato;0;NON DECEDUTO;Non accertato;Inesploso
5165741;12;23/11/2020 10:25:00;Strada Urbana;VIA CRISTOFORO COLOMBO;da specificare;;;;ALTEZZA VIALE AMERICA DIR ROMA CENTRO;Tamponamento;Rettilineo;Una carreggiata a senso unico di marcia;Asciutto;Asfaltata;Verticale ed orizzontale;Sereno;Normale;Buona;;1;0;0;2;12.4688;41.8304;-1;1;Autovettura privata;In marcia / fermata / arresto;Conducente;M;Illeso;0;;Non accertato;Inesploso
5165741;12;23/11/2020 10:25:00;Strada Urbana;VIA CRISTOFORO COLOMBO;da specificare;;;;ALTEZZA VIALE AMERICA DIR ROMA CENTRO;Tamponamento;Rettilineo;Una carreggiata a senso unico di marcia;Asciutto;Asfaltata;Verticale ed orizzontale;Sereno;Normale;Buona;;1;0;0;2;12.4688;41.8304;-1;1;Autovettura privata;In marcia / fermata / arresto;Passeggero;M;Illeso;0;;Non accertato;Inesploso
5165741;12;23/11/2020 10:25:00;Strada Urbana;VIA CRISTOFORO COLOMBO;da specificare;;;;ALTEZZA VIALE AMERICA DIR ROMA CENTRO;Tamponamento;Rettilineo;Una carreggiata a senso unico di marcia;Asciutto;Asfaltata;Verticale ed orizzontale;Sereno;Normale;Buona;;1;0;0;2;12.4688;41.8304;-1;2;Motociclo con passeggero;In marcia / fermata / arresto;Conducente;M;Rimandato;0;NON DECEDUTO;Non accertato;
5165751;1;23/11/2020 13:35:00;Strada Urbana;VIA DEGLI ARTISTI;in corrispondenza;;del civico n.;22;;Veicolo in marcia contro veicolo in sosta;Rettilineo;Una carreggiata a senso unico di marcia;Asciutto;Asfaltata;Verticale ed orizzontale;Sereno;Scarso;Buona;;0;0;0;1;12.4868;41.9054;-1;1;Autovettura privata;In marcia / fermata / arresto;Conducente;M;Illeso;0;;Non accertato;Inesploso
5165751;1;23/11/2020 13:35:00;Strada Urbana;VIA DEGLI ARTISTI;in corrispondenza;;del civico n.;22;;Veicolo in marcia contro veicolo in sosta;Rettilineo;Una carreggiata a senso unico di marcia;Asciutto;Asfaltata;Verticale ed orizzontale;Sereno;Scarso;Buona;;0;0;0;1;12.4868;41.9054;-1;2;Autovettura privata;Sosta;;;;;;;