Protocollo;Gruppo;DataOraIncidente;Localizzazione1;STRADA1;Localizzazione2;STRADA2;Strada02;Chilometrica;DaSpecificare;NaturaIncidente;particolaritastrade;TipoStrada;FondoStradale;Pavimentazione;Segnaletica;CondizioneAtmosferica;Traffico;Visibilita;Illuminazione;NUM_FERITI;NUM_RISERVATA;NUM_MORTI;NUM_ILLESI;Longitudine;Latitudine;Confermato;Progressivo;TipoVeicolo;StatoVeicolo;TipoPersona;Sesso;Tipolesione;Deceduto;DecedutoDopo;CinturaCascoUtilizzato;Airbag;
5167967;13;24/11/2020 17:15:00;Strada Urbana;PIAZZALE MAGELLANO;da specificare;;;;fronte stab. IL CAPANNO;Tamponamento Multiplo;Rettilineo;Due carreggiate;Asciutto;Asfaltata;Verticale ed orizzontale;Sereno;Normale;Buona;;0;0;0;4;12.2883;41.7259;-1;4;Autocarro inferiore 35 q.;In marcia / fermata / arresto;Conducente;M;Illeso;0;;;
5167974;13;24/11/2020 18:05:00;Strada Urbana;VIA OSTIENSE;da specificare;;;;altezza parcheggio fronte Casal Bernocchi;Scontro laterale fra veicoli in marcia;Rettilineo;Una carreggiata a doppio senso;Asciutto;Asfaltata;Verticale ed orizzontale;Sereno;Normale;Buona;;0;0;0;2;12.4229;41.8109;-1;1;Autocarro inferiore 35 q.;In marcia / fermata / arresto;Conducente;M;Illeso;0;;Non accertato;Inesploso
5167974;13;24/11/2020 18:05:00;Strada Urbana;VIA OSTIENSE;da specificare;;;;altezza parcheggio fronte Casal Bernocchi;Scontro laterale fra veicoli in marcia;Rettilineo;Una carreggiata a doppio senso;Asciutto;Asfaltata;Verticale ed orizzontale;Sereno;Normale;Buona;;0;0;0;2;12.4229;41.8109;-1;1;Autocarro inferiore 35 q.;In marcia / fermata / arresto;Passeggero;M;Illeso;0;;Non accertato;Inesploso
5167974;13;24/11/2020 18:05:00;Strada Urbana;VIA OSTIENSE;da specificare;;;;altezza parcheggio fronte Casal Bernocchi;Scontro laterale fra veicoli in marcia;Rettilineo;Una carreggiata a doppio senso;Asciutto;Asfaltata;Verticale ed orizzontale;Sereno;Normale;Buona;;0;0;0;2;12.4229;41.8109;-1;2;Autovettura privata;Allontanatosi;;;;;;;
5167978;13;24/11/2020 19:00:00;Strada Urbana;VIA DEI BRAGOZZI;in prossimit�;;del civico n.;48;;Investimento di pedone;Rettilineo;Due carreggiate;Asciutto;Asfaltata;Verticale;Sereno;Normale;Buona;;1;0;0;1;12.2745;41.7346;-1;;;;Pedone;F;Rimandato;0;NON DECEDUTO;;
5167978;13;24/11/2020 19:00:00;Strada Urbana;VIA DEI BRAGOZZI;in prossimit�;;del civico n.;48;;Investimento di pedone;Rettilineo;Due carreggiate;Asciutto;Asfaltata;Verticale;Sereno;Normale;Buona;;1;0;0;1;12.2745;41.7346;-1;1;Motociclo a solo;In marcia / fermata / arresto;Conducente;M;Illeso;0;;;
5167983;19;24/11/2020 18:15:00;Strada Urbana;VIA ITALO ALIGHIERO CHIUSANO;in prossimit�;;del civico n.;13;;Veicolo in marcia contro veicolo fermo;Rettilineo;Una carreggiata a doppio senso;Asciutto;Asfaltata;Assente;Sereno;Scarso;Buona;;0;0;0;2;12.3771;42.001;-1;1;Autovettura privata;In marcia / fermata / arresto;Conducente;F;Illeso;0;;Non accertato;Inesploso
5167983;19;24/11/2020 18:15:00;Strada Urbana;VIA ITALO ALIGHIERO CHIUSANO;in prossimit�;;del civico n.;13;;Veicolo in marcia contro veicolo fermo;Rettilineo;Una carreggiata a doppio senso;Asciutto;Asfaltata;Assente;Sereno;Scarso;Buona;;0;0;0;2;12.3771;42.001;-1;2;Autovettura privata;In marcia / fermata / arresto;Conducente;M;Illeso;0;;Non accertato;Inesploso
5167994;1;24/11/2020 20:30:00;Strada Urbana;VIALE CARLO FELICE;in prossimit�;;del civico n.;105;;Veicolo in marcia contro veicoli in sosta;Rettilineo;Una carreggiata a senso unico di marcia;Asciutto;Asfaltata;Verticale ed orizzontale;Sereno;Scarso;Sufficiente;;0;0;0;1;12.5135;41.8879;-1;1;Autovettura privata;In marcia / fermata / arresto;Conducente;M;Illeso;0;;;
5167994;1;24/11/2020 20:30:00;Strada Urbana;VIALE CARLO FELICE;in prossimit�;;del civico n.;105;;Veicolo in marcia contro veicoli in sosta;Rettilineo;Una carreggiata a senso unico di marcia;Asciutto;Asfaltata;Verticale ed orizzontale;Sereno;Scarso;Sufficiente;;0;0;0;1;12.5135;41.8879;-1;2;Autovettura privata;Sosta;;;;;;;
5167994;1;24/11/2020 20:30:00;Strada Urbana;VIALE CARLO FELICE;in prossimit�;;del civico n.;105;;Veicolo in marcia contro veicoli in sosta;Rettilineo;Una carreggiata a senso unico di marcia;Asciutto;Asfaltata;Verticale ed orizzontale;Sereno;Scarso;Sufficiente;;0;0;0;1;12.5135;41.8879;-1;3;Motociclo a solo;Sosta;;;;;;;
5167994;1;24/11/2020 20:30:00;Strada Urbana;VIALE CARLO FELICE;in prossimit�;;del civico n.;105;;Veicolo in marcia contro veicoli in sosta;Rettilineo;Una carreggiata a senso unico di marcia;Asciutto;Asfaltata;Verticale ed orizzontale;Sereno;Scarso;Sufficiente;;0;0;0;1;12.5135;41.8879;-1;4;Autovettura privata;Sosta;;;;;;;
5168012;20;24/11/2020 11:50:00;Strada Urbana;VIA VEIENTANA;in corrispondenza;;del civico n.;321;;Scontro frontale/laterale SX fra veicoli in marcia;Rettilineo;Due carreggiate;Asciutto;Asfaltata;Assente;Sereno;Scarso;Buona;;0;0;0;2;12.4424;41.9942;-1;1;Autovettura privata;In marcia / fermata / arresto;Conducente;F;Illeso;0;;;
5168012;20;24/11/2020 11:50:00;Strada Urbana;VIA VEIENTANA;in corrispondenza;;del civico n.;321;;Scontro frontale/laterale SX fra veicoli in marcia;Rettilineo;Due carreggiate;Asciutto;Asfaltata;Assente;Sereno;Scarso;Buona;;0;0;0;2;12.4424;41.9942;-1;2;Autovettura privata;In marcia / fermata / arresto;Conducente;M;Illeso;0;;;
5168019;10;24/11/2020 12:50:00;Strada Urbana;VIA PIZZO DI CALABRIA;in prossimit�;;del civico n.;5;;Scontro laterale fra veicoli in marcia;Rettilineo;Una carreggiata a senso unico di marcia;Asciutto;Asfaltata;Verticale ed orizzontale;Sereno;Normale;Buona;;2;0;0;0;12.562;41.8256;-1;1;Autovettura privata;In marcia / fermata / arresto;Conducente;M;Rifiuta cure immediate;0;NON DECEDUTO;Non accertato;
5168019;10;24/11/2020 12:50:00;Strada Urbana;VIA PIZZO DI CALABRIA;in prossimit�;;del civico n.;5;;Scontro laterale fra veicoli in marcia;Rettilineo;Una carreggiata a senso unico di marcia;Asciutto;Asfaltata;Verticale ed orizzontale;Sereno;Normale;Buona;;2;0;0;0;12.562;41.8256;-1;2;Autovettura privata;In marcia / fermata / arresto;Conducente;M;Rifiuta cure immediate;0;NON DECEDUTO;;
5168044;10;24/11/2020 14:00:00;Strada Urbana;VIA TUSCOLANA;in corrispondenza;;del civico n.;1810;;Scontro laterale fra veicoli in marcia;Rettilineo;Due carreggiate;Asciutto;Asfaltata;Verticale ed orizzontale;Sereno;Normale;Buona;;0;0;0;3;12.5848;41.8421;-1;1;Motociclo a solo;In marcia / fermata / arresto;Conducente;M;Illeso;0;;Non accertato;
5168044;10;24/11/2020 14:00:00;Strada Urbana;VIA TUSCOLANA;in corrispondenza;;del civico n.;1810;;Scontro laterale fra veicoli in marcia;Rettilineo;Due carreggiate;Asciutto;Asfaltata;Verticale ed orizzontale;Sereno;Normale;Buona;;0;0;0;3;12.5848;41.8421;-1;2;Autovettura privata;In marcia / fermata / arresto;Conducente;M;Illeso;0;;Non accertato;Inesploso
5168044;10;24/11/2020 14:00:00;Strada Urbana;VIA TUSCOLANA;in corrispondenza;;del civico n.;1810;;Scontro laterale fra veicoli in marcia;Rettilineo;Due carreggiate;Asciutto;Asfaltata;Verticale ed orizzontale;Sereno;Normale;Buona;;0;0;0;3;12.5848;41.8421;-1;2;Autovettura privata;In marcia / fermata / arresto;Passeggero;F;Illeso;0;;Non accertato;Inesploso
5168048;18;24/11/2020 16:10:00;Strada Urbana;VIA GREGORIO VII;all'intersezione con;VIA CARDINALE TRIPEPI;VIA CARDINALE TRIPEPI;;;Scontro frontale/laterale SX fra veicoli in marcia;Intersezione semaforizzata;Una carreggiata a senso unico alternato;Asciutto;Asfaltata;Verticale ed orizzontale;Sereno;Normale;Buona;;1;0;0;1;12.4397;41.896;-1;1;Monopattino elettrico;In marcia / fermata / arresto;Conducente;M;Ricoverato;0;NON DECEDUTO;;
5168048;18;24/11/2020 16:10:00;Strada Urbana;VIA GREGORIO VII;all'intersezione con;VIA CARDINALE TRIPEPI;VIA CARDINALE TRIPEPI;;;Scontro frontale/laterale SX fra veicoli in marcia;Intersezione semaforizzata;Una carreggiata a senso unico alternato;Asciutto;Asfaltata;Verticale ed orizzontale;Sereno;Normale;Buona;;1;0;0;1;12.4397;41.896;-1;2;Motociclo con passeggero;In marcia / fermata / arresto;Conducente;M;Illeso;0;;Non accertato;
5168054;20;24/11/2020 17:15:00;Strada Urbana;CORSO DI FRANCIA;da specificare;;;;fronte stazione ENI direzione G.R.A.;Tamponamento Multiplo;Rettilineo;Due carreggiate;Asciutto;Asfaltata;Verticale ed orizzontale;Sereno;Normale;Sufficiente;;0;0;0;3;12.4717;41.9367;-1;1;Autovettura privata;In marcia / fermata / arresto;Conducente;M;Illeso;0;;;
5168054;20;24/11/2020 17:15:00;Strada Urbana;CORSO DI FRANCIA;da specificare;;;;fronte stazione ENI direzione G.R.A.;Tamponamento Multiplo;Rettilineo;Due carreggiate;Asciutto;Asfaltata;Verticale ed orizzontale;Sereno;Normale;Sufficiente;;0;0;0;3;12.4717;41.9367;-1;2;Autovettura privata;In marcia / fermata / arresto;Conducente;F;Illeso;0;;Non accertato;
5168054;20;24/11/2020 17:15:00;Strada Urbana;CORSO DI FRANCIA;da specificare;;;;fronte stazione ENI direzione G.R.A.;Tamponamento Multiplo;Rettilineo;Due carreggiate;Asciutto;Asfaltata;Verticale ed orizzontale;Sereno;Normale;Sufficiente;;0;0;0;3;12.4717;41.9367;-1;3;Autovettura privata;In marcia / fermata / arresto;Conducente;M;Illeso;0;;Non accertato;
5168056;9;23/11/2020 19:40:00;;VIA APPIA NUOVA;in corrispondenza;;del civico n.;688;;Veicolo in marcia contro ostacolo accidentale;;;;;;;;;;0;0;0;0;12.5321;41.8629;0;1;Motociclo a solo;In marcia / fermata / arresto;Conducente;;Illeso;0;;;
5168058;7;24/11/2020 09:15:00;Strada Urbana;VIA CASILINA;all'intersezione con;VIA GIOVANNI CAMILLO PERESIO;VIA GIOVANNI CAMILLO PERESIO;;;Scontro frontale/laterale SX fra veicoli in marcia;Intersezione stradale segnalata;Una carreggiata a doppio senso;Asciutto;Asfaltata;Verticale ed orizzontale;Sereno;Normale;Buona;;1;0;0;1;12.6212;41.8626;-1;1;Autovettura privata;In marcia / fermata / arresto;Conducente;F;Illeso;0;;Non accertato;Inesploso
5168058;7;24/11/2020 09:15:00;Strada Urbana;VIA CASILINA;all'intersezione con;VIA GIOVANNI CAMILLO PERESIO;VIA GIOVANNI CAMILLO PERESIO;;;Scontro frontale/laterale SX fra veicoli in marcia;Intersezione stradale segnalata;Una carreggiata a doppio senso;Asciutto;Asfaltata;Verticale ed orizzontale;Sereno;Normale;Buona;;1;0;0;1;12.6212;41.8626;-1;2;Motociclo a solo;In marcia / fermata / arresto;Conducente;M;Rimandato;0;NON DECEDUTO;Non accertato;
5168075;5;24/11/2020 16:50:00;Strada Urbana;VIA TIBURTINA;da specificare;;;;direzione GRA prossimit� Via Facchinetti;Scontro laterale fra veicoli in marcia;Rettilineo;Due carreggiate;Asciutto;Asfaltata;Verticale ed orizzontale;Sereno;Normale;Buona;;0;0;0;2;12.546;41.909;-1;1;Autovettura privata;In marcia / fermata / arresto;Conducente;F;Illeso;0;;Non accertato;Inesploso
5168075;5;24/11/2020 16:50:00;Strada Urbana;VIA TIBURTINA;da specificare;;;;direzione GRA prossimit� Via Facchinetti;Scontro laterale fra veicoli in marcia;Rettilineo;Due carreggiate;Asciutto;Asfaltata;Verticale ed orizzontale;Sereno;Normale;Buona;;0;0;0;2;12.546;41.909;-1;2;Autovettura privata;In marcia / fermata / arresto;Conducente;F;Illeso;0;;Non accertato;Inesploso
5168083;10;25/11/2020 07:30:00;Strada Urbana;VIA APPIA NUOVA;da specificare;;;;altezza rotatoria aeroporto direzione Albano L.;Scontro laterale fra veicoli in marcia;Rotatoria;Una carreggiata a senso unico di marcia;Asciutto;Asfaltata;Verticale ed orizzontale;Sereno;Normale;Buona;;0;0;0;2;12.5871;41.7972;-1;1;Motociclo a solo;In marcia / fermata / arresto;Conducente;F;Illeso;0;;Utilizzato;
5168083;10;25/11/2020 07:30:00;Strada Urbana;VIA APPIA NUOVA;da specificare;;;;altezza rotatoria aeroporto direzione Albano L.;Scontro laterale fra veicoli in marcia;Rotatoria;Una carreggiata a senso unico di marcia;Asciutto;Asfaltata;Verticale ed orizzontale;Sereno;Normale;Buona;;0;0;0;2;12.5871;41.7972;-1;2;Autovettura privata;In marcia / fermata / arresto;Conducente;M;Illeso;0;;Non accertato;
5168097;1;24/11/2020 18:45:00;Strada Urbana;VIA ANTONIO CANOVA;in prossimit�;;del civico n.;13;;Scontro laterale fra veicoli in marcia;Rettilineo;Una carreggiata a senso unico di marcia;Asciutto;Asfaltata;Verticale;Sereno;Scarso;Sufficiente;;0;0;0;2;12.4773;41.9074;-1;1;Motociclo a solo;In marcia / fermata / arresto;Conducente;M;Illeso;0;;;
5168097;1;24/11/2020 18:45:00;Strada Urbana;VIA ANTONIO CANOVA;in prossimit�;;del civico n.;13;;Scontro laterale fra veicoli in marcia;Rettilineo;Una carreggiata a senso unico di marcia;Asciutto;Asfaltata;Verticale;Sereno;Scarso;Sufficiente;;0;0;0;2;12.4773;41.9074;-1;2;Autovettura privata;In marcia / fermata / arresto;Conducente;M;Illeso;0;;;
5168101;9;23/11/2020 19:30:00;Strada Urbana;VIA APPIA NUOVA;in corrispondenza;;del civico n.;688;;Veicolo in marcia contro ostacolo accidentale;Rettilineo;Due carreggiate;Sdrucciolevole (terriccio);Sterrata;Verticale ed orizzontale;Sereno;Normale;Buona;;0;0;0;1;12.5321;41.8629;-1;1;Motociclo a solo;In marcia / fermata / arresto;Conducente;M;Illeso;0;;Non accertato;
5168110;9;24/11/2020 08:15:00;Strada Urbana;VIA GALLIA;all'intersezione con;VIA METAPONTO;VIA METAPONTO;;;Scontro frontale/laterale SX fra veicoli in marcia;Incrocio;Una carreggiata a doppio senso;Asciutto;Asfaltata;Verticale ed orizzontale;Sereno;Normale;Buona;;0;0;0;2;12.5035;41.8811;-1;1;Autovettura privata;In marcia / fermata / arresto;Conducente;M;Illeso;0;;Non accertato;Inesploso
5168110;9;24/11/2020 08:15:00;Strada Urbana;VIA GALLIA;all'intersezione con;VIA METAPONTO;VIA METAPONTO;;;Scontro frontale/laterale SX fra veicoli in marcia;Incrocio;Una carreggiata a doppio senso;Asciutto;Asfaltata;Verticale ed orizzontale;Sereno;Normale;Buona;;0;0;0;2;12.5035;41.8811;-1;2;Motociclo a solo;In marcia / fermata / arresto;Conducente;M;Illeso;0;;Non accertato;
5168110;9;24/11/2020 08:15:00;Strada Urbana;VIA GALLIA;all'intersezione con;VIA METAPONTO;VIA METAPONTO;;;Scontro frontale/laterale SX fra veicoli in marcia;Incrocio;Una carreggiata a doppio senso;Asciutto;Asfaltata;Verticale ed orizzontale;Sereno;Normale;Buona;;0;0;0;2;12.5035;41.8811;-1;3;Autovettura privata;Sosta;;;;;;;
5168115;17;24/11/2020 21:30:00;Strada Urbana;VIA GERMANICO;all'intersezione con;VIA SILLA;VIA SILLA;;;Tamponamento;Incrocio;Una carreggiata a senso unico di marcia;Asciutto;Asfaltata;Verticale ed orizzontale;Sereno;Normale;Sufficiente;;0;0;0;2;12.4597;41.9082;-1;1;Quadriciclo;In marcia / fermata / arresto;Conducente;F;Illeso;0;;;
5168115;17;24/11/2020 21:30:00;Strada Urbana;VIA GERMANICO;all'intersezione con;VIA SILLA;VIA SILLA;;;Tamponamento;Incrocio;Una carreggiata a senso unico di marcia;Asciutto;Asfaltata;Verticale ed orizzontale;Sereno;Normale;Sufficiente;;0;0;0;2;12.4597;41.9082;-1;1;Quadriciclo;In marcia / fermata / arresto;Passeggero;M;Illeso;0;;;
5168115;17;24/11/2020 21:30:00;Strada Urbana;VIA GERMANICO;all'intersezione con;VIA SILLA;VIA SILLA;;;Tamponamento;Incrocio;Una carreggiata a senso unico di marcia;Asciutto;Asfaltata;Verticale ed orizzontale;Sereno;Normale;Sufficiente;;0;0;0;2;12.4597;41.9082;-1;2;Motociclo a solo;In marcia / fermata / arresto;;;;;;;
5168118;4;24/11/2020 11:15:00;Strada Urbana;VIA DEI PRATI FISCALI;in corrispondenza;;del civico n.;116;;Investimento di pedone;Rettilineo;Pi� di due carreggiate;Asciutto;Asfaltata;Orizzontale;Sereno;Scarso;Buona;;0;0;0;3;12.5211;41.9465;-1;;;;Pedone;F;Illeso;0;;;
5168118;4;24/11/2020 11:15:00;Strada Urbana;VIA DEI PRATI FISCALI;in corrispondenza;;del civico n.;116;;Investimento di pedone;Rettilineo;Pi� di due carreggiate;Asciutto;Asfaltata;Orizzontale;Sereno;Scarso;Buona;;0;0;0;3;12.5211;41.9465;-1;;;;Pedone;F;Illeso;0;;;
5168118;4;24/11/2020 11:15:00;Strada Urbana;VIA DEI PRATI FISCALI;in corrispondenza;;del civico n.;116;;Investimento di pedone;Rettilineo;Pi� di due carreggiate;Asciutto;Asfaltata;Orizzontale;Sereno;Scarso;Buona;;0;0;0;3;12.5211;41.9465;-1;1;Autovettura privata;In marcia / fermata / arresto;Conducente;M;Illeso;0;;;
5168121;5;24/11/2020 19:10:00;Strada Urbana;VIA TIBURTINA;in prossimit�;;del civico n.;763;;Scontro laterale fra veicoli in marcia;Rettilineo;Due carreggiate;Asciutto;Asfaltata;Orizzontale;Sereno;Normale;Sufficiente;;1;0;0;0;12.5557;41.913;0;1;Autovettura privata;In marcia / fermata / arresto;Conducente;M;Rimandato;0;NON DECEDUTO;Non accertato;Inesploso
5168121;5;24/11/2020 19:10:00;Strada Urbana;VIA TIBURTINA;in prossimit�;;del civico n.;763;;Scontro laterale fra veicoli in marcia;Rettilineo;Due carreggiate;Asciutto;Asfaltata;Orizzontale;Sereno;Normale;Sufficiente;;1;0;0;0;12.5557;41.913;0;2;Autocarro inferiore 35 q.;Allontanatosi;;;;;;;
5168130;3;24/11/2020 10:50:00;Strada Urbana;CIRCONVALLAZIONE NOMENTANA;da specificare;;;;prossimit� civ. 158;Veicolo in marcia contro veicolo in sosta;Rettilineo;Pi� di due carreggiate;Asciutto;Asfaltata;Verticale ed orizzontale;Sereno;Normale;Buona;;0;0;0;1;12.5267;41.924;-1;1;Autovettura privata;Sosta;;;;;;;
5168130;3;24/11/2020 10:50:00;Strada Urbana;CIRCONVALLAZIONE NOMENTANA;da specificare;;;;prossimit� civ. 158;Veicolo in marcia contro veicolo in sosta;Rettilineo;Pi� di due carreggiate;Asciutto;Asfaltata;Verticale ed orizzontale;Sereno;Normale;Buona;;0;0;0;1;12.5267;41.924;-1;2;Autovettura privata;Allontanatosi;Passeggero;F;Illeso;0;;;
5168131;4;24/11/2020 14:30:00;Strada Urbana;VIA MUGELLO;in corrispondenza;;del civico n.;8/10;;Investimento di pedone;Rettilineo;Una carreggiata a senso unico di marcia;Asciutto;Asfaltata;Temporanea di cantiere;Sereno;Scarso;Buona;;0;0;0;2;12.5263;41.9434;-1;;;;Pedone;M;Illeso;0;;;
5168131;4;24/11/2020 14:30:00;Strada Urbana;VIA MUGELLO;in corrispondenza;;del civico n.;8/10;;Investimento di pedone;Rettilineo;Una carreggiata a senso unico di marcia;Asciutto;Asfaltata;Temporanea di cantiere;Sereno;Scarso;Buona;;0;0;0;2;12.5263;41.9434;-1;1;Autovettura privata;In marcia / fermata / arresto;Conducente;M;Illeso;0;;;
5168136;5;24/11/2020 19:20:00;Strada Urbana;VIA DEI MONTI TIBURTINI;da specificare;;;;dir. Tiburtina prossimit� Via Dei Durantini;Tamponamento;Rettilineo;Due carreggiate;Asciutto;Asfaltata;Verticale ed orizzontale;Sereno;Normale;Buona;;0;0;0;2;12.5434;41.9171;-1;1;Autovettura privata;In marcia / fermata / arresto;Conducente;F;Illeso;0;;Non accertato;Inesploso
5168136;5;24/11/2020 19:20:00;Strada Urbana;VIA DEI MONTI TIBURTINI;da specificare;;;;dir. Tiburtina prossimit� Via Dei Durantini;Tamponamento;Rettilineo;Due carreggiate;Asciutto;Asfaltata;Verticale ed orizzontale;Sereno;Normale;Buona;;0;0;0;2;12.5434;41.9171;-1;2;Autovettura privata;In marcia / fermata / arresto;Conducente;F;Illeso;0;;Non accertato;Inesploso
5168167;9;25/11/2020 06:15:00;Strada Urbana;VIA ALBANO;all'intersezione con;VIA GENZANO;VIA GENZANO;;;Scontro frontale/laterale SX fra veicoli in marcia;Incrocio;Una carreggiata a senso unico di marcia;Asciutto;Asfaltata;Verticale;Sereno;Scarso;Buona;;1;0;0;1;12.5322;41.8696;-1;1;Autovettura privata;In marcia / fermata / arresto;Conducente;M;Rimandato;0;NON DECEDUTO;;
5168167;9;25/11/2020 06:15:00;Strada Urbana;VIA ALBANO;all'intersezione con;VIA GENZANO;VIA GENZANO;;;Scontro frontale/laterale SX fra veicoli in marcia;Incrocio;Una carreggiata a senso unico di marcia;Asciutto;Asfaltata;Verticale;Sereno;Scarso;Buona;;1;0;0;1;12.5322;41.8696;-1;2;Autocarro inferiore 35 q.;In marcia / fermata / arresto;Conducente;M;Illeso;0;;Non accertato;Inesploso
5168167;9;25/11/2020 06:15:00;Strada Urbana;VIA ALBANO;all'intersezione con;VIA GENZANO;VIA GENZANO;;;Scontro frontale/laterale SX fra veicoli in marcia;Incrocio;Una carreggiata a senso unico di marcia;Asciutto;Asfaltata;Verticale;Sereno;Scarso;Buona;;1;0;0;1;12.5322;41.8696;-1;3;Autovettura privata;Sosta;;;;;;;
5168167;9;25/11/2020 06:15:00;Strada Urbana;VIA ALBANO;all'intersezione con;VIA GENZANO;VIA GENZANO;;;Scontro frontale/laterale SX fra veicoli in marcia;Incrocio;Una carreggiata a senso unico di marcia;Asciutto;Asfaltata;Verticale;Sereno;Scarso;Buona;;1;0;0;1;12.5322;41.8696;-1;4;Autovettura privata;Sosta;;;;;;;
5168175;18;24/11/2020 17:00:00;Strada Urbana;VIA DELLA MAGLIANELLA;da specificare;;;;rotatoria intersezione GRA direzione Centro;Scontro frontale/laterale DX fra veicoli in marcia;Rotatoria;Una carreggiata a senso unico di marcia;Asciutto;Asfaltata;Verticale ed orizzontale;Sereno;Intenso;Buona;;0;0;0;3;12.3851;41.9127;-1;1;Autovettura privata;In marcia / fermata / arresto;Conducente;M;Illeso;0;;;
5168175;18;24/11/2020 17:00:00;Strada Urbana;VIA DELLA MAGLIANELLA;da specificare;;;;rotatoria intersezione GRA direzione Centro;Scontro frontale/laterale DX fra veicoli in marcia;Rotatoria;Una carreggiata a senso unico di marcia;Asciutto;Asfaltata;Verticale ed orizzontale;Sereno;Intenso;Buona;;0;0;0;3;12.3851;41.9127;-1;2;Autovettura privata;In marcia / fermata / arresto;Conducente;F;Illeso;0;;;
5168175;18;24/11/2020 17:00:00;Strada Urbana;VIA DELLA MAGLIANELLA;da specificare;;;;rotatoria intersezione GRA direzione Centro;Scontro frontale/laterale DX fra veicoli in marcia;Rotatoria;Una carreggiata a senso unico di marcia;Asciutto;Asfaltata;Verticale ed orizzontale;Sereno;Intenso;Buona;;0;0;0;3;12.3851;41.9127;-1;2;Autovettura privata;In marcia / fermata / arresto;Passeggero;M;Illeso;0;;;
5168177;9;24/11/2020 10:30:00;Strada Urbana;VIA APPIA NUOVA;da specificare;;;;fronte via Demetriade;Scontro laterale fra veicoli in marcia;Rettilineo;Due carreggiate;Asciutto;Asfaltata;Verticale ed orizzontale;Sereno;Intenso;Buona;;0;0;0;2;12.534;41.861;-1;1;Autovettura privata;In marcia / fermata / arresto;Conducente;M;Illeso;0;;;
5168177;9;24/11/2020 10:30:00;Strada Urbana;VIA APPIA NUOVA;da specificare;;;;fronte via Demetriade;Scontro laterale fra veicoli in marcia;Rettilineo;Due carreggiate;Asciutto;Asfaltata;Verticale ed orizzontale;Sereno;Intenso;Buona;;0;0;0;2;12.534;41.861;-1;2;Motociclo a solo;In marcia / fermata / arresto;Conducente;F;Illeso;0;;;
5168187;1;24/11/2020 14:50:00;Strada Urbana;VIALE DI TRASTEVERE;in prossimit�;;del civico n.;26;;Infortunio per sola frenata improvvisa;Rettilineo;Pi� di due carreggiate;Asciutto;Asfaltata;Verticale ed orizzontale;Sereno;Normale;Buona;;0;0;0;1;;;0;1;Motociclo a solo;In marcia / fermata / arresto;Conducente;M;Illeso;0;;;
5168188;17;24/11/2020 12:00:00;Strada Urbana;VIALE VATICANO;in prossimit�;;del civico n.;90a;;Scontro laterale fra veicoli in marcia;Rettilineo;Una carreggiata a doppio senso;Asciutto;Asfaltata;Verticale;Sereno;Normale;Buona;;1;0;0;2;12.4516;41.9066;-1;1;Autocarro inferiore 35 q.;In marcia / fermata / arresto;Conducente;M;Illeso;0;;;
5168188;17;24/11/2020 12:00:00;Strada Urbana;VIALE VATICANO;in prossimit�;;del civico n.;90a;;Scontro laterale fra veicoli in marcia;Rettilineo;Una carreggiata a doppio senso;Asciutto;Asfaltata;Verticale;Sereno;Normale;Buona;;1;0;0;2;12.4516;41.9066;-1;1;Autocarro inferiore 35 q.;In marcia / fermata / arresto;Passeggero;M;Illeso;0;;;
5168188;17;24/11/2020 12:00:00;Strada Urbana;VIALE VATICANO;in prossimit�;;del civico n.;90a;;Scontro laterale fra veicoli in marcia;Rettilineo;Una carreggiata a doppio senso;Asciutto;Asfaltata;Verticale;Sereno;Normale;Buona;;1;0;0;2;12.4516;41.9066;-1;2;Motociclo a solo;In marcia / fermata / arresto;Conducente;M;Rimandato;0;NON DECEDUTO;;
5168192;16;24/11/2020 09:10:00;Strada Urbana;VIA LUIGI RONZONI;in corrispondenza;;del civico n.;76/A;;Tamponamento;Rettilineo;Una carreggiata a senso unico di marcia;Asciutto;Asfaltata;Orizzontale;Sereno;Normale;Buona;;0;0;0;2;12.4461;41.8668;-1;1;Motociclo a solo;In marcia / fermata / arresto;Conducente;M;Illeso;0;;Non accertato;
5168192;16;24/11/2020 09:10:00;Strada Urbana;VIA LUIGI RONZONI;in corrispondenza;;del civico n.;76/A;;Tamponamento;Rettilineo;Una carreggiata a senso unico di marcia;Asciutto;Asfaltata;Orizzontale;Sereno;Normale;Buona;;0;0;0;2;12.4461;41.8668;-1;2;Autovettura privata;In marcia / fermata / arresto;Conducente;M;Illeso;0;;Non accertato;Inesploso
5168222;1;24/11/2020 13:00:00;Strada Urbana;VIA DI S. SABA;in corrispondenza;;del civico n.;9;;Scontro laterale fra veicoli in marcia;Rettilineo;Una carreggiata a doppio senso;Asciutto;Asfaltata;Verticale ed orizzontale;Sereno;Normale;Buona;;1;0;0;3;12.4849;41.8797;-1;1;Autovettura privata;In marcia / fermata / arresto;Conducente;M;Illeso;0;;Non accertato;Inesploso
5168222;1;24/11/2020 13:00:00;Strada Urbana;VIA DI S. SABA;in corrispondenza;;del civico n.;9;;Scontro laterale fra veicoli in marcia;Rettilineo;Una carreggiata a doppio senso;Asciutto;Asfaltata;Verticale ed orizzontale;Sereno;Normale;Buona;;1;0;0;3;12.4849;41.8797;-1;1;Autovettura privata;In marcia / fermata / arresto;Passeggero;F;Illeso;0;;Non accertato;Inesploso