Protocollo;Gruppo;DataOraIncidente;Localizzazione1;STRADA1;Localizzazione2;STRADA2;Strada02;Chilometrica;DaSpecificare;NaturaIncidente;particolaritastrade;TipoStrada;FondoStradale;Pavimentazione;Segnaletica;CondizioneAtmosferica;Traffico;Visibilita;Illuminazione;NUM_FERITI;NUM_RISERVATA;NUM_MORTI;NUM_ILLESI;Longitudine;Latitudine;Confermato;Progressivo;TipoVeicolo;StatoVeicolo;TipoPersona;Sesso;Tipolesione;Deceduto;DecedutoDopo;CinturaCascoUtilizzato;Airbag;
5170184;1;26/11/2020 08:30:00;Strada Urbana;PIAZZA DELL'ESQUILINO;in corrispondenza;;del civico n.;7;;Veicolo in marcia contro veicolo in sosta;Rettilineo;Una carreggiata a senso unico di marcia;Asciutto;Asfaltata;Verticale ed orizzontale;Sereno;Normale;Buona;;1;0;0;0;12.4982;41.8983;-1;1;Motociclo a solo;In marcia / fermata / arresto;Conducente;M;Rimandato;0;NON DECEDUTO;Non accertato;
5170184;1;26/11/2020 08:30:00;Strada Urbana;PIAZZA DELL'ESQUILINO;in corrispondenza;;del civico n.;7;;Veicolo in marcia contro veicolo in sosta;Rettilineo;Una carreggiata a senso unico di marcia;Asciutto;Asfaltata;Verticale ed orizzontale;Sereno;Normale;Buona;;1;0;0;0;12.4982;41.8983;-1;2;Autovettura privata;Sosta;;;;;;;
5170191;4;25/11/2020 15:15:00;Strada Urbana;VIALE ADRIATICO;da specificare;;;;fronte civico 139;Scontro laterale fra veicoli in marcia;Rettilineo;Una carreggiata a senso unico di marcia;Asciutto;Asfaltata;Verticale ed orizzontale;Sereno;Intenso;Buona;;0;0;0;3;12.5361;41.9404;-1;1;Autovettura privata;In marcia / fermata / arresto;Conducente;M;Illeso;0;;Non accertato;Inesploso
5170191;4;25/11/2020 15:15:00;Strada Urbana;VIALE ADRIATICO;da specificare;;;;fronte civico 139;Scontro laterale fra veicoli in marcia;Rettilineo;Una carreggiata a senso unico di marcia;Asciutto;Asfaltata;Verticale ed orizzontale;Sereno;Intenso;Buona;;0;0;0;3;12.5361;41.9404;-1;1;Autovettura privata;In marcia / fermata / arresto;Passeggero;M;Illeso;0;;Non accertato;
5170191;4;25/11/2020 15:15:00;Strada Urbana;VIALE ADRIATICO;da specificare;;;;fronte civico 139;Scontro laterale fra veicoli in marcia;Rettilineo;Una carreggiata a senso unico di marcia;Asciutto;Asfaltata;Verticale ed orizzontale;Sereno;Intenso;Buona;;0;0;0;3;12.5361;41.9404;-1;2;Motociclo a solo;In marcia / fermata / arresto;Conducente;M;Illeso;0;;Non accertato;
5170198;4;25/11/2020 18:35:00;Strada Urbana;VIA PIERO FOSCARI;in prossimit�;;del civico n.;70;;Tamponamento;Rettilineo;Una carreggiata a senso unico di marcia;Asciutto;Asfaltata;Verticale ed orizzontale;Sereno;Scarso;Buona;;0;0;0;2;12.519;41.9516;-1;1;Autovettura privata;In marcia / fermata / arresto;Conducente;M;Illeso;0;;Non accertato;Inesploso
5170198;4;25/11/2020 18:35:00;Strada Urbana;VIA PIERO FOSCARI;in prossimit�;;del civico n.;70;;Tamponamento;Rettilineo;Una carreggiata a senso unico di marcia;Asciutto;Asfaltata;Verticale ed orizzontale;Sereno;Scarso;Buona;;0;0;0;2;12.519;41.9516;-1;2;Autovettura privata;In marcia / fermata / arresto;Conducente;F;Illeso;0;;Non accertato;Inesploso
5170210;1;26/11/2020 07:10:00;Strada Urbana;LUNGOTEVERE DEI VALLATI;in corrispondenza;;del civico n.;19;;Veicolo in marcia contro ostacolo accidentale;Rettilineo;Una carreggiata a senso unico di marcia;Bagnato (umidit� in atto);Asfaltata;Orizzontale;Sereno;Normale;Buona;;0;0;0;1;12.4728;41.8919;-1;1;Motociclo a solo;In marcia / fermata / arresto;Conducente;M;Illeso;0;;Non accertato;
5170210;1;26/11/2020 07:10:00;Strada Urbana;LUNGOTEVERE DEI VALLATI;in corrispondenza;;del civico n.;19;;Veicolo in marcia contro ostacolo accidentale;Rettilineo;Una carreggiata a senso unico di marcia;Bagnato (umidit� in atto);Asfaltata;Orizzontale;Sereno;Normale;Buona;;0;0;0;1;12.4728;41.8919;-1;2;Autovettura privata;Sosta;;;;;;;
5170211;5;25/11/2020 10:35:00;Strada Urbana;NUOVA CIRCONVALLAZIONE INTERNA;da specificare;;;;DIREZIONE SALARIA PROSSIMITA' SVINCOLO PORTONACCIO;Tamponamento;Rettilineo;Una carreggiata a doppio senso;Asciutto;Asfaltata;Verticale ed orizzontale;Sereno;Intenso;Buona;;1;0;0;1;12.5339;41.9078;-1;1;Autovettura privata;In marcia / fermata / arresto;Conducente;M;Illeso;0;;Non accertato;Inesploso
5170211;5;25/11/2020 10:35:00;Strada Urbana;NUOVA CIRCONVALLAZIONE INTERNA;da specificare;;;;DIREZIONE SALARIA PROSSIMITA' SVINCOLO PORTONACCIO;Tamponamento;Rettilineo;Una carreggiata a doppio senso;Asciutto;Asfaltata;Verticale ed orizzontale;Sereno;Intenso;Buona;;1;0;0;1;12.5339;41.9078;-1;2;Autovettura privata;In marcia / fermata / arresto;Conducente;F;Rimandato;0;NON DECEDUTO;Non accertato;Inesploso
5170216;10;25/11/2020 11:40:00;Strada Urbana;VIA ALBERTO BURRI;da specificare;;;;civ. 37 parcheggio LIDL;Veicolo in marcia contro veicolo in sosta;Rettilineo;Una carreggiata a senso unico di marcia;Asciutto;Asfaltata;Assente;Sereno;Normale;Buona;;0;0;0;0;12.5819;41.8313;-1;1;Autovettura privata;Allontanatosi;;;;;;;
5170216;10;25/11/2020 11:40:00;Strada Urbana;VIA ALBERTO BURRI;da specificare;;;;civ. 37 parcheggio LIDL;Veicolo in marcia contro veicolo in sosta;Rettilineo;Una carreggiata a senso unico di marcia;Asciutto;Asfaltata;Assente;Sereno;Normale;Buona;;0;0;0;0;12.5819;41.8313;-1;2;Autovettura privata;Sosta;;;;;;;
5170232;6;26/11/2020 10:25:00;Strada Urbana;VIA AUGUSTO DULCERI;all'intersezione con;VIA ZENODOSSIO;VIA ZENODOSSIO;;;Scontro frontale/laterale DX fra veicoli in marcia;Incrocio;Pi� di due carreggiate;Asciutto;Asfaltata;Verticale ed orizzontale;Sereno;Normale;Buona;;0;0;0;3;12.5379;41.8841;-1;1;Autovettura privata;In marcia / fermata / arresto;Conducente;F;Illeso;0;;Non accertato;Inesploso
5170232;6;26/11/2020 10:25:00;Strada Urbana;VIA AUGUSTO DULCERI;all'intersezione con;VIA ZENODOSSIO;VIA ZENODOSSIO;;;Scontro frontale/laterale DX fra veicoli in marcia;Incrocio;Pi� di due carreggiate;Asciutto;Asfaltata;Verticale ed orizzontale;Sereno;Normale;Buona;;0;0;0;3;12.5379;41.8841;-1;2;Autovettura privata;In marcia / fermata / arresto;Conducente;M;Illeso;0;;Non accertato;Inesploso
5170232;6;26/11/2020 10:25:00;Strada Urbana;VIA AUGUSTO DULCERI;all'intersezione con;VIA ZENODOSSIO;VIA ZENODOSSIO;;;Scontro frontale/laterale DX fra veicoli in marcia;Incrocio;Pi� di due carreggiate;Asciutto;Asfaltata;Verticale ed orizzontale;Sereno;Normale;Buona;;0;0;0;3;12.5379;41.8841;-1;2;Autovettura privata;In marcia / fermata / arresto;Passeggero;M;Illeso;0;;Non accertato;Inesploso
5170236;4;25/11/2020 19:00:00;Strada Urbana;VIA NOMENTANA;in prossimit�;;del civico n.;879;;Investimento di pedone;Rettilineo;Una carreggiata a doppio senso;Asciutto;Asfaltata;Verticale ed orizzontale;Sereno;Normale;Buona;;1;0;0;1;12.5539;41.942;-1;;;;Pedone;F;Rimandato;0;NON DECEDUTO;;
5170236;4;25/11/2020 19:00:00;Strada Urbana;VIA NOMENTANA;in prossimit�;;del civico n.;879;;Investimento di pedone;Rettilineo;Una carreggiata a doppio senso;Asciutto;Asfaltata;Verticale ed orizzontale;Sereno;Normale;Buona;;1;0;0;1;12.5539;41.942;-1;1;Ciclomotore;In marcia / fermata / arresto;Conducente;M;Illeso;0;;;
5170244;1;26/11/2020 11:15:00;Strada Urbana;VIA BARBERINI;in corrispondenza;;del civico n.;48;;Veicolo in marcia contro veicoli in sosta;Rettilineo;Una carreggiata a senso unico di marcia;Asciutto;Acciotolata;Verticale ed orizzontale;Sereno;Normale;Buona;;0;0;0;1;12.4918;41.9046;-1;1;Autovettura privata;In marcia / fermata / arresto;Conducente;F;Illeso;0;;Non accertato;Inesploso
5170244;1;26/11/2020 11:15:00;Strada Urbana;VIA BARBERINI;in corrispondenza;;del civico n.;48;;Veicolo in marcia contro veicoli in sosta;Rettilineo;Una carreggiata a senso unico di marcia;Asciutto;Acciotolata;Verticale ed orizzontale;Sereno;Normale;Buona;;0;0;0;1;12.4918;41.9046;-1;2;Autovettura privata;Sosta;;;;;;;
5170375;7;26/11/2020 13:00:00;Strada Urbana;VIA MOLFETTA;all'intersezione con;VIA MANFREDONIA;VIA MANFREDONIA;;;Scontro frontale/laterale DX fra veicoli in marcia;Incrocio;Due carreggiate;Asciutto;Asfaltata;Verticale ed orizzontale;Sereno;Normale;Buona;;0;0;0;2;12.5764;41.89;-1;1;Motociclo a solo;In marcia / fermata / arresto;Conducente;M;Illeso;0;;Non accertato;
5170375;7;26/11/2020 13:00:00;Strada Urbana;VIA MOLFETTA;all'intersezione con;VIA MANFREDONIA;VIA MANFREDONIA;;;Scontro frontale/laterale DX fra veicoli in marcia;Incrocio;Due carreggiate;Asciutto;Asfaltata;Verticale ed orizzontale;Sereno;Normale;Buona;;0;0;0;2;12.5764;41.89;-1;2;Autovettura privata;In marcia / fermata / arresto;Conducente;M;Illeso;0;;Non accertato;Inesploso
5170386;1;23/11/2020 20:20:00;Strada Urbana;VIA LUIGI SANTINI;in prossimit�;;del civico n.;19;;Veicolo in marcia contro veicoli in sosta;Rettilineo;Una carreggiata a senso unico di marcia;Asciutto;In cubetti di porfido;Verticale ed orizzontale;Sereno;Scarso;Buona;;0;0;0;0;12.4685;41.8871;-1;1;Autocarro inferiore 35 q.;Allontanatosi;;;;;;;
5170386;1;23/11/2020 20:20:00;Strada Urbana;VIA LUIGI SANTINI;in prossimit�;;del civico n.;19;;Veicolo in marcia contro veicoli in sosta;Rettilineo;Una carreggiata a senso unico di marcia;Asciutto;In cubetti di porfido;Verticale ed orizzontale;Sereno;Scarso;Buona;;0;0;0;0;12.4685;41.8871;-1;2;Motociclo a solo;Sosta;;;;;;;
5170439;1;26/11/2020 09:40:00;Strada Urbana;LUNGOTEVERE DE' CENCI;da specificare;;;;all'intersezione con via del Tempio;Veicolo in marcia contro veicoli in sosta;Curva a visuale libera;Una carreggiata a senso unico di marcia;Viscido da liquidi oleosi;Asfaltata;Verticale ed orizzontale;Sereno;Normale;Buona;;1;0;0;2;12.4775;41.8918;-1;1;Autocarro superiore 35 q.;In marcia / fermata / arresto;Conducente;M;Illeso;0;;Non accertato;
5170439;1;26/11/2020 09:40:00;Strada Urbana;LUNGOTEVERE DE' CENCI;da specificare;;;;all'intersezione con via del Tempio;Veicolo in marcia contro veicoli in sosta;Curva a visuale libera;Una carreggiata a senso unico di marcia;Viscido da liquidi oleosi;Asfaltata;Verticale ed orizzontale;Sereno;Normale;Buona;;1;0;0;2;12.4775;41.8918;-1;1;Autocarro superiore 35 q.;In marcia / fermata / arresto;Passeggero;M;Illeso;0;;Non accertato;Inesploso
5170439;1;26/11/2020 09:40:00;Strada Urbana;LUNGOTEVERE DE' CENCI;da specificare;;;;all'intersezione con via del Tempio;Veicolo in marcia contro veicoli in sosta;Curva a visuale libera;Una carreggiata a senso unico di marcia;Viscido da liquidi oleosi;Asfaltata;Verticale ed orizzontale;Sereno;Normale;Buona;;1;0;0;2;12.4775;41.8918;-1;2;Motociclo a solo;In marcia / fermata / arresto;Conducente;M;Rimandato;0;NON DECEDUTO;;
5170439;1;26/11/2020 09:40:00;Strada Urbana;LUNGOTEVERE DE' CENCI;da specificare;;;;all'intersezione con via del Tempio;Veicolo in marcia contro veicoli in sosta;Curva a visuale libera;Una carreggiata a senso unico di marcia;Viscido da liquidi oleosi;Asfaltata;Verticale ed orizzontale;Sereno;Normale;Buona;;1;0;0;2;12.4775;41.8918;-1;3;Autovettura privata;Sosta;;;;;;;
5170447;10;26/11/2020 13:22:00;Strada Urbana;CIRCONVALLAZIONE TUSCOLANA;all'intersezione semaforizzata con;VIALE ANICIO GALLO;VIALE ANICIO GALLO;;;Scontro laterale fra veicoli in marcia;Incrocio;Due carreggiate;Asciutto;Asfaltata;Verticale ed orizzontale;Sereno;Normale;Buona;;0;0;0;2;12.5671;41.8506;-1;1;Autobus di linea;In marcia / fermata / arresto;Conducente;M;Illeso;0;;;
5170447;10;26/11/2020 13:22:00;Strada Urbana;CIRCONVALLAZIONE TUSCOLANA;all'intersezione semaforizzata con;VIALE ANICIO GALLO;VIALE ANICIO GALLO;;;Scontro laterale fra veicoli in marcia;Incrocio;Due carreggiate;Asciutto;Asfaltata;Verticale ed orizzontale;Sereno;Normale;Buona;;0;0;0;2;12.5671;41.8506;-1;2;Autovettura privata;In marcia / fermata / arresto;Conducente;M;Illeso;0;;Non accertato;
5170503;10;26/11/2020 14:25:00;Strada Urbana;VIALE ANICIO GALLO;all'intersezione con;VIALE GIULIO AGRICOLA;VIALE GIULIO AGRICOLA;;;Scontro frontale/laterale DX fra veicoli in marcia;Incrocio;Due carreggiate;Asciutto;Asfaltata;Verticale ed orizzontale;Sereno;Normale;Buona;;0;0;0;2;12.5607;41.8549;-1;1;Motociclo a solo;In marcia / fermata / arresto;Conducente;M;Illeso;0;;;
5170503;10;26/11/2020 14:25:00;Strada Urbana;VIALE ANICIO GALLO;all'intersezione con;VIALE GIULIO AGRICOLA;VIALE GIULIO AGRICOLA;;;Scontro frontale/laterale DX fra veicoli in marcia;Incrocio;Due carreggiate;Asciutto;Asfaltata;Verticale ed orizzontale;Sereno;Normale;Buona;;0;0;0;2;12.5607;41.8549;-1;2;Autovettura privata;In marcia / fermata / arresto;Conducente;M;Illeso;0;;Non accertato;
5170522;6;26/11/2020 13:00:00;Strada Urbana;VIA TOR DE' SCHIAVI;in corrispondenza;;del civico n.;332;;Scontro laterale fra veicoli in marcia;Rettilineo;Due carreggiate;Asciutto;Asfaltata;Verticale ed orizzontale;Sereno;Normale;Buona;;0;0;0;2;12.5605;41.8907;-1;1;Autovettura pubblica;In marcia / fermata / arresto;Conducente;M;Illeso;0;;Non accertato;Inesploso
5170522;6;26/11/2020 13:00:00;Strada Urbana;VIA TOR DE' SCHIAVI;in corrispondenza;;del civico n.;332;;Scontro laterale fra veicoli in marcia;Rettilineo;Due carreggiate;Asciutto;Asfaltata;Verticale ed orizzontale;Sereno;Normale;Buona;;0;0;0;2;12.5605;41.8907;-1;2;Autovettura privata;In marcia / fermata / arresto;Conducente;M;Illeso;0;;Non accertato;Inesploso
5170527;18;26/11/2020 12:05:00;Strada Urbana;VIA SUOR MARIA AGOSTINA;all'intersezione con;VIA CERESETO;VIA CERESETO;;;Scontro laterale fra veicoli in marcia;Incrocio;Una carreggiata a doppio senso;Asciutto;Asfaltata;Verticale ed orizzontale;Nuvoloso;Normale;Buona;;0;0;0;3;12.3869;41.904;-1;1;Autovettura privata;In marcia / fermata / arresto;Conducente;M;Illeso;0;;Non accertato;Inesploso
5170527;18;26/11/2020 12:05:00;Strada Urbana;VIA SUOR MARIA AGOSTINA;all'intersezione con;VIA CERESETO;VIA CERESETO;;;Scontro laterale fra veicoli in marcia;Incrocio;Una carreggiata a doppio senso;Asciutto;Asfaltata;Verticale ed orizzontale;Nuvoloso;Normale;Buona;;0;0;0;3;12.3869;41.904;-1;2;Autocarro inferiore 35 q.;In marcia / fermata / arresto;Conducente;M;Illeso;0;;Non accertato;Inesploso
5170527;18;26/11/2020 12:05:00;Strada Urbana;VIA SUOR MARIA AGOSTINA;all'intersezione con;VIA CERESETO;VIA CERESETO;;;Scontro laterale fra veicoli in marcia;Incrocio;Una carreggiata a doppio senso;Asciutto;Asfaltata;Verticale ed orizzontale;Nuvoloso;Normale;Buona;;0;0;0;3;12.3869;41.904;-1;2;Autocarro inferiore 35 q.;In marcia / fermata / arresto;Passeggero;M;Illeso;0;;Non accertato;Inesploso
5170649;2;26/11/2020 11:34:00;Strada Urbana;VIALE ETIOPIA;in prossimit�;;del civico n.;4;;Scontro frontale fra veicoli in marcia;Rettilineo;Una carreggiata a senso unico di marcia;Asciutto;Asfaltata;Verticale ed orizzontale;Sereno;Normale;Buona;;1;0;0;2;12.5253;41.9304;-1;1;Autovettura di polizia;In marcia / fermata / arresto;Conducente;M;Illeso;0;;Non accertato;Inesploso
5170649;2;26/11/2020 11:34:00;Strada Urbana;VIALE ETIOPIA;in prossimit�;;del civico n.;4;;Scontro frontale fra veicoli in marcia;Rettilineo;Una carreggiata a senso unico di marcia;Asciutto;Asfaltata;Verticale ed orizzontale;Sereno;Normale;Buona;;1;0;0;2;12.5253;41.9304;-1;1;Autovettura di polizia;In marcia / fermata / arresto;Passeggero;M;Illeso;0;;Non accertato;Inesploso
5170649;2;26/11/2020 11:34:00;Strada Urbana;VIALE ETIOPIA;in prossimit�;;del civico n.;4;;Scontro frontale fra veicoli in marcia;Rettilineo;Una carreggiata a senso unico di marcia;Asciutto;Asfaltata;Verticale ed orizzontale;Sereno;Normale;Buona;;1;0;0;2;12.5253;41.9304;-1;2;Motociclo a solo;In marcia / fermata / arresto;Conducente;F;Rimandato;0;NON DECEDUTO;;
5170662;12;26/11/2020 12:30:00;Strada Urbana;VIA LAURENTINA;in prossimit�;;del civico n.;571;;Tamponamento;Rettilineo;Due carreggiate;Asciutto;Asfaltata;Verticale ed orizzontale;Sereno;Normale;Buona;;0;0;0;2;12.4796;41.8239;-1;1;Autovettura privata;In marcia / fermata / arresto;Conducente;M;Illeso;0;;Non accertato;Inesploso
5170662;12;26/11/2020 12:30:00;Strada Urbana;VIA LAURENTINA;in prossimit�;;del civico n.;571;;Tamponamento;Rettilineo;Due carreggiate;Asciutto;Asfaltata;Verticale ed orizzontale;Sereno;Normale;Buona;;0;0;0;2;12.4796;41.8239;-1;2;Autovettura privata;In marcia / fermata / arresto;Conducente;M;Illeso;0;;Non accertato;Inesploso
5170694;7;26/11/2020 14:45:00;Strada Urbana;VIA DEI FIORI;in prossimit�;;del civico n.;19;;Veicolo in marcia contro veicolo in sosta;Rettilineo;Una carreggiata a senso unico di marcia;Asciutto;Asfaltata;Assente;Sereno;Normale;Buona;;0;0;0;1;12.5783;41.8741;-1;1;Autovettura privata;In marcia / fermata / arresto;Conducente;M;Illeso;0;;;
5170694;7;26/11/2020 14:45:00;Strada Urbana;VIA DEI FIORI;in prossimit�;;del civico n.;19;;Veicolo in marcia contro veicolo in sosta;Rettilineo;Una carreggiata a senso unico di marcia;Asciutto;Asfaltata;Assente;Sereno;Normale;Buona;;0;0;0;1;12.5783;41.8741;-1;2;Autovettura privata;Sosta;;;;;;;
5170877;12;26/11/2020 13:35:00;Strada Urbana;VIA DI ACQUA ACETOSA OSTIENSE;da specificare;;;;INTERNO PARCHEGGIO IX GRUPPO EUR;Veicolo in marcia contro animale;Rettilineo;Una carreggiata a senso unico di marcia;Asciutto;Asfaltata;Verticale ed orizzontale;Sereno;Scarso;Buona;;0;0;0;0;12.4781;41.8013;-1;1;Autovettura privata;Sosta;;;;;;;
5170984;3;25/11/2020 07:30:00;Strada Urbana;VIA TIBURTINA;da specificare;;;;DIREZIONE CENTRO PROSSIMITA' IMMISSIONE TANG.EST;Scontro laterale fra veicoli in marcia;Rettilineo;Una carreggiata a senso unico di marcia;Asciutto;Asfaltata;Verticale ed orizzontale;Sereno;Normale;Buona;;0;0;0;2;12.5739;41.9257;-1;1;Autovettura privata;In marcia / fermata / arresto;Conducente;M;Illeso;0;;;
5170984;3;25/11/2020 07:30:00;Strada Urbana;VIA TIBURTINA;da specificare;;;;DIREZIONE CENTRO PROSSIMITA' IMMISSIONE TANG.EST;Scontro laterale fra veicoli in marcia;Rettilineo;Una carreggiata a senso unico di marcia;Asciutto;Asfaltata;Verticale ed orizzontale;Sereno;Normale;Buona;;0;0;0;2;12.5739;41.9257;-1;2;Autocarro inferiore 35 q.;In marcia / fermata / arresto;Conducente;M;Illeso;0;;;
5170986;6;26/11/2020 17:30:00;Strada Urbana;VIA PRENESTINA;in corrispondenza;;del civico n.;80;;Tamponamento;Rettilineo;Due carreggiate;Asciutto;Asfaltata;Orizzontale;Sereno;Normale;Buona;;0;0;0;7;12.5243;41.8908;-1;1;Autovettura privata;In marcia / fermata / arresto;Conducente;F;Illeso;0;;Non accertato;Inesploso
5170986;6;26/11/2020 17:30:00;Strada Urbana;VIA PRENESTINA;in corrispondenza;;del civico n.;80;;Tamponamento;Rettilineo;Due carreggiate;Asciutto;Asfaltata;Orizzontale;Sereno;Normale;Buona;;0;0;0;7;12.5243;41.8908;-1;1;Autovettura privata;In marcia / fermata / arresto;Passeggero;F;Illeso;0;;Non accertato;Inesploso
5170986;6;26/11/2020 17:30:00;Strada Urbana;VIA PRENESTINA;in corrispondenza;;del civico n.;80;;Tamponamento;Rettilineo;Due carreggiate;Asciutto;Asfaltata;Orizzontale;Sereno;Normale;Buona;;0;0;0;7;12.5243;41.8908;-1;1;Autovettura privata;In marcia / fermata / arresto;Passeggero;F;Illeso;0;;Non accertato;Inesploso
5170986;6;26/11/2020 17:30:00;Strada Urbana;VIA PRENESTINA;in corrispondenza;;del civico n.;80;;Tamponamento;Rettilineo;Due carreggiate;Asciutto;Asfaltata;Orizzontale;Sereno;Normale;Buona;;0;0;0;7;12.5243;41.8908;-1;2;Autovettura privata;In marcia / fermata / arresto;Conducente;M;Illeso;0;;Non accertato;Inesploso
5170986;6;26/11/2020 17:30:00;Strada Urbana;VIA PRENESTINA;in corrispondenza;;del civico n.;80;;Tamponamento;Rettilineo;Due carreggiate;Asciutto;Asfaltata;Orizzontale;Sereno;Normale;Buona;;0;0;0;7;12.5243;41.8908;-1;2;Autovettura privata;In marcia / fermata / arresto;Passeggero;F;Illeso;0;;Non accertato;Inesploso
5170986;6;26/11/2020 17:30:00;Strada Urbana;VIA PRENESTINA;in corrispondenza;;del civico n.;80;;Tamponamento;Rettilineo;Due carreggiate;Asciutto;Asfaltata;Orizzontale;Sereno;Normale;Buona;;0;0;0;7;12.5243;41.8908;-1;2;Autovettura privata;In marcia / fermata / arresto;Passeggero;F;Illeso;0;;Non accertato;Inesploso
5170986;6;26/11/2020 17:30:00;Strada Urbana;VIA PRENESTINA;in corrispondenza;;del civico n.;80;;Tamponamento;Rettilineo;Due carreggiate;Asciutto;Asfaltata;Orizzontale;Sereno;Normale;Buona;;0;0;0;7;12.5243;41.8908;-1;2;Autovettura privata;In marcia / fermata / arresto;Passeggero;M;Illeso;0;;Non accertato;Inesploso
5170992;3;25/11/2020 13:15:00;Strada Urbana;CIRCONVALLAZIONE TIBURTINA;all'intersezione con;VIA BENIAMINO DE RITIS;VIA BENIAMINO DE RITIS;;;Scontro laterale fra veicoli in marcia;Intersezione stradale segnalata;Una carreggiata a senso unico di marcia;Asciutto;Asfaltata;Verticale ed orizzontale;Sereno;Normale;Buona;;1;0;0;1;12.5406;41.9086;-1;1;Autovettura privata;In marcia / fermata / arresto;Conducente;M;Illeso;0;;;
5170992;3;25/11/2020 13:15:00;Strada Urbana;CIRCONVALLAZIONE TIBURTINA;all'intersezione con;VIA BENIAMINO DE RITIS;VIA BENIAMINO DE RITIS;;;Scontro laterale fra veicoli in marcia;Intersezione stradale segnalata;Una carreggiata a senso unico di marcia;Asciutto;Asfaltata;Verticale ed orizzontale;Sereno;Normale;Buona;;1;0;0;1;12.5406;41.9086;-1;2;Motociclo a solo;In marcia / fermata / arresto;Conducente;M;Ricoverato;0;NON DECEDUTO;;
5171256;8;26/11/2020 11:20:00;Strada Urbana;VIA GAGLIANO DEL CAPO;in corrispondenza;;del civico n.;1;;Investimento di pedone;Rettilineo;Una carreggiata a doppio senso;Asciutto;Asfaltata;Verticale ed orizzontale;Sereno;Scarso;Buona;;1;0;0;1;12.6557;41.8564;-1;;;;Pedone;M;Rimandato;0;NON DECEDUTO;;
5171256;8;26/11/2020 11:20:00;Strada Urbana;VIA GAGLIANO DEL CAPO;in corrispondenza;;del civico n.;1;;Investimento di pedone;Rettilineo;Una carreggiata a doppio senso;Asciutto;Asfaltata;Verticale ed orizzontale;Sereno;Scarso;Buona;;1;0;0;1;12.6557;41.8564;-1;1;Autovettura privata;In marcia / fermata / arresto;Conducente;M;Illeso;0;;Non accertato;Inesploso
5171283;8;26/11/2020 09:00:00;Strada Urbana;VIA DI TORRE SPACCATA;all'intersezione con;VIA DEL FOSSO DI S. MAURA;VIA DEL FOSSO DI S. MAURA;;;Scontro laterale fra veicoli in marcia;Incrocio;Una carreggiata a doppio senso;Asciutto;Asfaltata;Verticale ed orizzontale;Sereno;Normale;Buona;;0;0;0;2;12.5916;41.8588;-1;1;Autovettura privata;In marcia / fermata / arresto;Conducente;M;Illeso;0;;Non accertato;Inesploso
5171283;8;26/11/2020 09:00:00;Strada Urbana;VIA DI TORRE SPACCATA;all'intersezione con;VIA DEL FOSSO DI S. MAURA;VIA DEL FOSSO DI S. MAURA;;;Scontro laterale fra veicoli in marcia;Incrocio;Una carreggiata a doppio senso;Asciutto;Asfaltata;Verticale ed orizzontale;Sereno;Normale;Buona;;0;0;0;2;12.5916;41.8588;-1;2;Autoarticolato;In marcia / fermata / arresto;Conducente;M;Illeso;0;;Non accertato;Inesploso
5171284;18;26/11/2020 17:30:00;Strada Urbana;VIA DI BOCCEA;da specificare;;;;IN PROSSIMITA' VIA DEL QUARTACCIO;Tamponamento;Rettilineo;Una carreggiata a senso unico di marcia;Asciutto;Asfaltata;Verticale ed orizzontale;Sereno;Intenso;Buona;;0;0;0;4;12.3847;41.9149;-1;1;Autovettura privata;In marcia / fermata / arresto;Conducente;F;Illeso;0;;;
5171284;18;26/11/2020 17:30:00;Strada Urbana;VIA DI BOCCEA;da specificare;;;;IN PROSSIMITA' VIA DEL QUARTACCIO;Tamponamento;Rettilineo;Una carreggiata a senso unico di marcia;Asciutto;Asfaltata;Verticale ed orizzontale;Sereno;Intenso;Buona;;0;0;0;4;12.3847;41.9149;-1;1;Autovettura privata;In marcia / fermata / arresto;Passeggero;M;Illeso;0;;;
5171284;18;26/11/2020 17:30:00;Strada Urbana;VIA DI BOCCEA;da specificare;;;;IN PROSSIMITA' VIA DEL QUARTACCIO;Tamponamento;Rettilineo;Una carreggiata a senso unico di marcia;Asciutto;Asfaltata;Verticale ed orizzontale;Sereno;Intenso;Buona;;0;0;0;4;12.3847;41.9149;-1;1;Autovettura privata;In marcia / fermata / arresto;Passeggero;M;Illeso;0;;;
5171284;18;26/11/2020 17:30:00;Strada Urbana;VIA DI BOCCEA;da specificare;;;;IN PROSSIMITA' VIA DEL QUARTACCIO;Tamponamento;Rettilineo;Una carreggiata a senso unico di marcia;Asciutto;Asfaltata;Verticale ed orizzontale;Sereno;Intenso;Buona;;0;0;0;4;12.3847;41.9149;-1;2;Autovettura privata;In marcia / fermata / arresto;Conducente;F;Illeso;0;;;
5171285;8;26/11/2020 12:05:00;Statale entro l'abitato;VIA CASILINA;in prossimit�;;del civico n.;1750;;Tamponamento Multiplo;Rettilineo;Una carreggiata a doppio senso;Asciutto;Asfaltata;Verticale ed orizzontale;Sereno;Intenso;Buona;;1;0;0;3;12.666;41.864;-1;1;Autovettura privata;In marcia / fermata / arresto;Conducente;M;Illeso;0;;Non accertato;Inesploso