Protocollo;Gruppo;DataOraIncidente;Localizzazione1;STRADA1;Localizzazione2;STRADA2;Strada02;Chilometrica;DaSpecificare;NaturaIncidente;particolaritastrade;TipoStrada;FondoStradale;Pavimentazione;Segnaletica;CondizioneAtmosferica;Traffico;Visibilita;Illuminazione;NUM_FERITI;NUM_RISERVATA;NUM_MORTI;NUM_ILLESI;Longitudine;Latitudine;Confermato;Progressivo;TipoVeicolo;StatoVeicolo;TipoPersona;Sesso;Tipolesione;Deceduto;DecedutoDopo;CinturaCascoUtilizzato;Airbag;
5171537;13;26/11/2020 12:40:00;Strada Urbana;VIA CARLO ALBIZZATI;all'intersezione con;VIA GIANDOMENICO BERTOLI;VIA GIANDOMENICO BERTOLI;;;Scontro frontale/laterale DX fra veicoli in marcia;Intersezione stradale segnalata;Una carreggiata a doppio senso;Asciutto;Asfaltata;Verticale;Sereno;Normale;Buona;;0;0;0;2;12.3282;41.7843;-1;2;Autovettura privata;In marcia / fermata / arresto;Conducente;M;Illeso;0;;Non accertato;
5171541;4;26/11/2020 10:50:00;Strada Urbana;VIA RADICOFANI;in prossimit�;;del civico n.;71;;Scontro frontale fra veicoli in marcia;Rettilineo;Una carreggiata a doppio senso;Asciutto;Asfaltata;Verticale ed orizzontale;Sereno;Scarso;Buona;;1;0;0;2;12.5078;41.9748;-1;1;Autovettura privata;In marcia / fermata / arresto;Conducente;M;Illeso;0;;;
5171541;4;26/11/2020 10:50:00;Strada Urbana;VIA RADICOFANI;in prossimit�;;del civico n.;71;;Scontro frontale fra veicoli in marcia;Rettilineo;Una carreggiata a doppio senso;Asciutto;Asfaltata;Verticale ed orizzontale;Sereno;Scarso;Buona;;1;0;0;2;12.5078;41.9748;-1;2;Autovettura privata;In marcia / fermata / arresto;Conducente;M;Illeso;0;;;
5171541;4;26/11/2020 10:50:00;Strada Urbana;VIA RADICOFANI;in prossimit�;;del civico n.;71;;Scontro frontale fra veicoli in marcia;Rettilineo;Una carreggiata a doppio senso;Asciutto;Asfaltata;Verticale ed orizzontale;Sereno;Scarso;Buona;;1;0;0;2;12.5078;41.9748;-1;2;Autovettura privata;In marcia / fermata / arresto;Passeggero;M;Rimandato;0;NON DECEDUTO;;
5171550;13;26/11/2020 19:25:00;Strada Urbana;VIA SAFFO;all'intersezione con;VIA FANOCLE;VIA FANOCLE;;;Scontro frontale/laterale DX fra veicoli in marcia;Incrocio;Una carreggiata a senso unico di marcia;Asciutto;Asfaltata;Verticale ed orizzontale;Sereno;Scarso;Buona;;2;0;0;0;12.3644;41.7649;-1;1;Autovettura privata;In marcia / fermata / arresto;Conducente;M;Rimandato;0;NON DECEDUTO;Non accertato;Inesploso
5171550;13;26/11/2020 19:25:00;Strada Urbana;VIA SAFFO;all'intersezione con;VIA FANOCLE;VIA FANOCLE;;;Scontro frontale/laterale DX fra veicoli in marcia;Incrocio;Una carreggiata a senso unico di marcia;Asciutto;Asfaltata;Verticale ed orizzontale;Sereno;Scarso;Buona;;2;0;0;0;12.3644;41.7649;-1;2;Autovettura privata;In marcia / fermata / arresto;Conducente;M;Rimandato;0;NON DECEDUTO;Non accertato;Inesploso
5171618;13;26/11/2020 16:15:00;;VIALE DEI ROMAGNOLI;da specificare;;;;L.GO CAPELVENERE ;Tamponamento;;;;;;;;;;0;0;0;3;;;0;1;Autovettura privata;In marcia / fermata / arresto;Conducente;M;Illeso;0;;Non accertato;Inesploso
5171618;13;26/11/2020 16:15:00;;VIALE DEI ROMAGNOLI;da specificare;;;;L.GO CAPELVENERE ;Tamponamento;;;;;;;;;;0;0;0;3;;;0;2;Autovettura pubblica;In marcia / fermata / arresto;Conducente;M;Illeso;0;;Non accertato;Inesploso
5171618;13;26/11/2020 16:15:00;;VIALE DEI ROMAGNOLI;da specificare;;;;L.GO CAPELVENERE ;Tamponamento;;;;;;;;;;0;0;0;3;;;0;2;Autovettura pubblica;In marcia / fermata / arresto;Passeggero;F;Illeso;0;;;
5171626;10;27/11/2020 09:50:00;Strada Urbana;PIAZZA DEI DECEMVIRI;all'intersezione con;VIA ARRIGO SOLMI;VIA ARRIGO SOLMI;;;Scontro frontale/laterale SX fra veicoli in marcia;Rotatoria;Una carreggiata a doppio senso;Asciutto;Asfaltata;Verticale ed orizzontale;Sereno;Normale;Buona;;0;0;0;2;12.5683;41.859;-1;1;Autovettura privata;In marcia / fermata / arresto;Conducente;M;Illeso;0;;Non accertato;Inesploso
5171626;10;27/11/2020 09:50:00;Strada Urbana;PIAZZA DEI DECEMVIRI;all'intersezione con;VIA ARRIGO SOLMI;VIA ARRIGO SOLMI;;;Scontro frontale/laterale SX fra veicoli in marcia;Rotatoria;Una carreggiata a doppio senso;Asciutto;Asfaltata;Verticale ed orizzontale;Sereno;Normale;Buona;;0;0;0;2;12.5683;41.859;-1;2;Autovettura privata;In marcia / fermata / arresto;Conducente;M;Illeso;0;;Non accertato;Inesploso
5171700;4;26/11/2020 15:00:00;Strada Urbana;VIA PIETRO POMPILIO RODOTA';all'intersezione con;VIA AURELIO GOTTI;VIA AURELIO GOTTI;;;Scontro frontale/laterale DX fra veicoli in marcia;Intersezione non regolata/non segnalata;Una carreggiata a senso unico di marcia;Asciutto;Asfaltata;Verticale;Sereno;Normale;Buona;;0;0;0;3;12.5649;41.9762;-1;1;Autovettura privata;In marcia / fermata / arresto;Conducente;M;Illeso;0;;Non accertato;Inesistente
5171700;4;26/11/2020 15:00:00;Strada Urbana;VIA PIETRO POMPILIO RODOTA';all'intersezione con;VIA AURELIO GOTTI;VIA AURELIO GOTTI;;;Scontro frontale/laterale DX fra veicoli in marcia;Intersezione non regolata/non segnalata;Una carreggiata a senso unico di marcia;Asciutto;Asfaltata;Verticale;Sereno;Normale;Buona;;0;0;0;3;12.5649;41.9762;-1;2;Autovettura privata;In marcia / fermata / arresto;Conducente;M;Illeso;0;;Non accertato;Inesploso
5171700;4;26/11/2020 15:00:00;Strada Urbana;VIA PIETRO POMPILIO RODOTA';all'intersezione con;VIA AURELIO GOTTI;VIA AURELIO GOTTI;;;Scontro frontale/laterale DX fra veicoli in marcia;Intersezione non regolata/non segnalata;Una carreggiata a senso unico di marcia;Asciutto;Asfaltata;Verticale;Sereno;Normale;Buona;;0;0;0;3;12.5649;41.9762;-1;2;Autovettura privata;In marcia / fermata / arresto;Passeggero;F;Illeso;0;;Non accertato;Inesploso
5171700;4;26/11/2020 15:00:00;Strada Urbana;VIA PIETRO POMPILIO RODOTA';all'intersezione con;VIA AURELIO GOTTI;VIA AURELIO GOTTI;;;Scontro frontale/laterale DX fra veicoli in marcia;Intersezione non regolata/non segnalata;Una carreggiata a senso unico di marcia;Asciutto;Asfaltata;Verticale;Sereno;Normale;Buona;;0;0;0;3;12.5649;41.9762;-1;3;Autovettura privata;Sosta;;;;;;;
5171750;6;27/11/2020 08:30:00;Provinciale entro l'abitato;VIA CASILINA;in prossimit�;;del civico n.;196;;Veicolo in marcia contro veicoli in arresto;Rettilineo;Due carreggiate;Asciutto;Asfaltata;Orizzontale;Nuvoloso;Normale;Buona;;0;0;0;4;12.5322;41.8835;-1;1;Autovettura privata;In marcia / fermata / arresto;Conducente;M;Illeso;0;;Non accertato;Inesploso
5171750;6;27/11/2020 08:30:00;Provinciale entro l'abitato;VIA CASILINA;in prossimit�;;del civico n.;196;;Veicolo in marcia contro veicoli in arresto;Rettilineo;Due carreggiate;Asciutto;Asfaltata;Orizzontale;Nuvoloso;Normale;Buona;;0;0;0;4;12.5322;41.8835;-1;1;Autovettura privata;In marcia / fermata / arresto;Passeggero;F;Illeso;0;;Non accertato;Inesploso
5171750;6;27/11/2020 08:30:00;Provinciale entro l'abitato;VIA CASILINA;in prossimit�;;del civico n.;196;;Veicolo in marcia contro veicoli in arresto;Rettilineo;Due carreggiate;Asciutto;Asfaltata;Orizzontale;Nuvoloso;Normale;Buona;;0;0;0;4;12.5322;41.8835;-1;2;Autovettura privata;In marcia / fermata / arresto;Conducente;M;Illeso;0;;Non accertato;Inesploso
5171750;6;27/11/2020 08:30:00;Provinciale entro l'abitato;VIA CASILINA;in prossimit�;;del civico n.;196;;Veicolo in marcia contro veicoli in arresto;Rettilineo;Due carreggiate;Asciutto;Asfaltata;Orizzontale;Nuvoloso;Normale;Buona;;0;0;0;4;12.5322;41.8835;-1;3;Autovettura privata;In marcia / fermata / arresto;Conducente;M;Illeso;0;;Non accertato;Inesploso
5171754;13;26/11/2020 18:15:00;Strada Urbana;VIA CESARE LAURENTI;all'intersezione con;VIA CAPO SPARTIVENTO;VIA CAPO SPARTIVENTO;;;Scontro frontale/laterale SX fra veicoli in marcia;Incrocio;Due carreggiate;Asciutto;Asfaltata;Verticale ed orizzontale;Nebbia;Intenso;Sufficiente;;0;0;0;2;12.2856;41.7368;-1;1;Autocarro inferiore 35 q.;In marcia / fermata / arresto;Conducente;F;Illeso;0;;Non accertato;
5171754;13;26/11/2020 18:15:00;Strada Urbana;VIA CESARE LAURENTI;all'intersezione con;VIA CAPO SPARTIVENTO;VIA CAPO SPARTIVENTO;;;Scontro frontale/laterale SX fra veicoli in marcia;Incrocio;Due carreggiate;Asciutto;Asfaltata;Verticale ed orizzontale;Nebbia;Intenso;Sufficiente;;0;0;0;2;12.2856;41.7368;-1;2;Autocarro inferiore 35 q.;In marcia / fermata / arresto;Conducente;M;Illeso;0;;Non accertato;Inesploso
5171771;16;26/11/2020 09:20:00;Strada Urbana;VIA DEL CASALETTO;in corrispondenza;;del civico n.;115;;Tamponamento;Rettilineo;Una carreggiata a doppio senso;Asciutto;Asfaltata;Verticale ed orizzontale;Sereno;Normale;Buona;;1;0;0;1;12.4406;41.8751;-1;1;Autovettura privata;In marcia / fermata / arresto;Conducente;F;Illeso;0;;Non accertato;
5171771;16;26/11/2020 09:20:00;Strada Urbana;VIA DEL CASALETTO;in corrispondenza;;del civico n.;115;;Tamponamento;Rettilineo;Una carreggiata a doppio senso;Asciutto;Asfaltata;Verticale ed orizzontale;Sereno;Normale;Buona;;1;0;0;1;12.4406;41.8751;-1;2;Motociclo a solo;In marcia / fermata / arresto;Conducente;M;Rimandato;0;NON DECEDUTO;Non accertato;
5171789;16;26/11/2020 11:00:00;Strada Urbana;VIA GUIDO GUINIZELLI;in prossimit�;;del civico n.;13;;Veicolo in marcia contro veicolo in sosta;Rettilineo;Una carreggiata a senso unico di marcia;Asciutto;Asfaltata;Verticale ed orizzontale;Sereno;Normale;Buona;;0;0;0;0;12.4599;41.8772;-1;1;Autovettura privata;Sosta;;;;;;;
5171789;16;26/11/2020 11:00:00;Strada Urbana;VIA GUIDO GUINIZELLI;in prossimit�;;del civico n.;13;;Veicolo in marcia contro veicolo in sosta;Rettilineo;Una carreggiata a senso unico di marcia;Asciutto;Asfaltata;Verticale ed orizzontale;Sereno;Normale;Buona;;0;0;0;0;12.4599;41.8772;-1;2;Autocarro inferiore 35 q.;Allontanatosi;;;;;;;
5171798;4;26/11/2020 18:30:00;Statale entro l'abitato;VIA SALARIA;in prossimit�;;della chilometrica;15.8;;Scontro laterale fra veicoli in marcia;Rettilineo;Una carreggiata a doppio senso;Asciutto;Asfaltata;Verticale ed orizzontale;Sereno;Normale;Buona;;1;0;0;3;12.6805;42.1556;-1;1;Autovettura privata;In marcia / fermata / arresto;Conducente;M;Illeso;0;;Non accertato;Inesploso
5171798;4;26/11/2020 18:30:00;Statale entro l'abitato;VIA SALARIA;in prossimit�;;della chilometrica;15.8;;Scontro laterale fra veicoli in marcia;Rettilineo;Una carreggiata a doppio senso;Asciutto;Asfaltata;Verticale ed orizzontale;Sereno;Normale;Buona;;1;0;0;3;12.6805;42.1556;-1;1;Autovettura privata;In marcia / fermata / arresto;Passeggero;F;Illeso;0;;Non accertato;Inesploso
5171798;4;26/11/2020 18:30:00;Statale entro l'abitato;VIA SALARIA;in prossimit�;;della chilometrica;15.8;;Scontro laterale fra veicoli in marcia;Rettilineo;Una carreggiata a doppio senso;Asciutto;Asfaltata;Verticale ed orizzontale;Sereno;Normale;Buona;;1;0;0;3;12.6805;42.1556;-1;1;Autovettura privata;In marcia / fermata / arresto;Passeggero;F;Illeso;0;;Non accertato;Inesploso
5171798;4;26/11/2020 18:30:00;Statale entro l'abitato;VIA SALARIA;in prossimit�;;della chilometrica;15.8;;Scontro laterale fra veicoli in marcia;Rettilineo;Una carreggiata a doppio senso;Asciutto;Asfaltata;Verticale ed orizzontale;Sereno;Normale;Buona;;1;0;0;3;12.6805;42.1556;-1;2;Autovettura privata;In marcia / fermata / arresto;Conducente;F;Rifiuta cure immediate;0;NON DECEDUTO;Non accertato;Inesploso
5171805;18;27/11/2020 07:00:00;Strada Urbana;VIA DI TORREVECCHIA;all'intersezione con;VIA ODOARDO GIOVE;VIA ODOARDO GIOVE;;;Scontro frontale/laterale DX fra veicoli in marcia;Intersezione stradale segnalata;Una carreggiata a doppio senso;Bagnato (pioggia);Asfaltata;Verticale ed orizzontale;Sereno;Scarso;Buona;;1;0;0;1;12.4056;41.9134;-1;1;Autovettura privata;In marcia / fermata / arresto;Conducente;M;Illeso;0;;;
5171805;18;27/11/2020 07:00:00;Strada Urbana;VIA DI TORREVECCHIA;all'intersezione con;VIA ODOARDO GIOVE;VIA ODOARDO GIOVE;;;Scontro frontale/laterale DX fra veicoli in marcia;Intersezione stradale segnalata;Una carreggiata a doppio senso;Bagnato (pioggia);Asfaltata;Verticale ed orizzontale;Sereno;Scarso;Buona;;1;0;0;1;12.4056;41.9134;-1;2;Autovettura privata;In marcia / fermata / arresto;Conducente;F;Rifiuta cure immediate;0;NON DECEDUTO;;
5171850;4;26/11/2020 20:05:00;Strada Urbana;VIA DELLA BUFALOTTA;in corrispondenza;;del civico n.;596;;Scontro laterale fra veicoli in marcia;Rettilineo;Una carreggiata a doppio senso;Asciutto;Asfaltata;Orizzontale;Sereno;Scarso;Buona;;1;0;0;4;12.5484;41.9633;-1;1;Motociclo a solo;In marcia / fermata / arresto;Conducente;M;Rifiuta cure immediate;0;NON DECEDUTO;Non accertato;
5171850;4;26/11/2020 20:05:00;Strada Urbana;VIA DELLA BUFALOTTA;in corrispondenza;;del civico n.;596;;Scontro laterale fra veicoli in marcia;Rettilineo;Una carreggiata a doppio senso;Asciutto;Asfaltata;Orizzontale;Sereno;Scarso;Buona;;1;0;0;4;12.5484;41.9633;-1;2;Autovettura privata;In marcia / fermata / arresto;Conducente;F;Illeso;0;;Non accertato;Inesploso
5171850;4;26/11/2020 20:05:00;Strada Urbana;VIA DELLA BUFALOTTA;in corrispondenza;;del civico n.;596;;Scontro laterale fra veicoli in marcia;Rettilineo;Una carreggiata a doppio senso;Asciutto;Asfaltata;Orizzontale;Sereno;Scarso;Buona;;1;0;0;4;12.5484;41.9633;-1;2;Autovettura privata;In marcia / fermata / arresto;Passeggero;F;Illeso;0;;Non accertato;Inesploso
5171850;4;26/11/2020 20:05:00;Strada Urbana;VIA DELLA BUFALOTTA;in corrispondenza;;del civico n.;596;;Scontro laterale fra veicoli in marcia;Rettilineo;Una carreggiata a doppio senso;Asciutto;Asfaltata;Orizzontale;Sereno;Scarso;Buona;;1;0;0;4;12.5484;41.9633;-1;2;Autovettura privata;In marcia / fermata / arresto;Passeggero;F;Illeso;0;;Non accertato;Inesploso
5171850;4;26/11/2020 20:05:00;Strada Urbana;VIA DELLA BUFALOTTA;in corrispondenza;;del civico n.;596;;Scontro laterale fra veicoli in marcia;Rettilineo;Una carreggiata a doppio senso;Asciutto;Asfaltata;Orizzontale;Sereno;Scarso;Buona;;1;0;0;4;12.5484;41.9633;-1;2;Autovettura privata;In marcia / fermata / arresto;Passeggero;F;Illeso;0;;Non accertato;Inesploso
5171854;2;26/11/2020 21:30:00;Strada Urbana;VIA ISONZO;in prossimit�;;del civico n.;28 FRONTE;;Veicolo in marcia contro veicolo in sosta;Rettilineo;Una carreggiata a senso unico di marcia;Asciutto;Asfaltata;Verticale ed orizzontale;Sereno;Scarso;Sufficiente;;0;0;0;1;12.4974;41.9128;-1;1;Autocarro inferiore 35 q.;In marcia / fermata / arresto;Conducente;M;Illeso;0;;Non accertato;Inesploso
5171854;2;26/11/2020 21:30:00;Strada Urbana;VIA ISONZO;in prossimit�;;del civico n.;28 FRONTE;;Veicolo in marcia contro veicolo in sosta;Rettilineo;Una carreggiata a senso unico di marcia;Asciutto;Asfaltata;Verticale ed orizzontale;Sereno;Scarso;Sufficiente;;0;0;0;1;12.4974;41.9128;-1;2;Autovettura privata;Sosta;;;;;;;
5171856;2;26/11/2020 12:00:00;Strada Urbana;VIA EMANUELE GIANTURCO;in corrispondenza;;del civico n.;11;;Veicolo in marcia contro veicoli in sosta;Rettilineo;Una carreggiata a doppio senso;Asciutto;Asfaltata;Verticale ed orizzontale;Sereno;Normale;Buona;;0;0;0;0;12.4737;41.9148;-1;1;Autobus di linea;Allontanatosi;;;;;;;
5171856;2;26/11/2020 12:00:00;Strada Urbana;VIA EMANUELE GIANTURCO;in corrispondenza;;del civico n.;11;;Veicolo in marcia contro veicoli in sosta;Rettilineo;Una carreggiata a doppio senso;Asciutto;Asfaltata;Verticale ed orizzontale;Sereno;Normale;Buona;;0;0;0;0;12.4737;41.9148;-1;2;Autovettura privata;Sosta;;;;;;;
5171856;2;26/11/2020 12:00:00;Strada Urbana;VIA EMANUELE GIANTURCO;in corrispondenza;;del civico n.;11;;Veicolo in marcia contro veicoli in sosta;Rettilineo;Una carreggiata a doppio senso;Asciutto;Asfaltata;Verticale ed orizzontale;Sereno;Normale;Buona;;0;0;0;0;12.4737;41.9148;-1;3;Autovettura privata;Sosta;;;;;;;
5171858;2;26/11/2020 19:57:00;Strada Urbana;VIA ALESSANDRIA;in prossimit�;;del civico n.;220;;Veicolo in marcia contro veicolo fermo;Rettilineo;Una carreggiata a senso unico di marcia;Asciutto;In cubetti di porfido;Verticale ed orizzontale;Sereno;Scarso;Sufficiente;;0;0;0;2;12.5069;41.9146;-1;1;Autovettura privata;In marcia / fermata / arresto;Conducente;M;Illeso;0;;Non accertato;Inesploso
5171858;2;26/11/2020 19:57:00;Strada Urbana;VIA ALESSANDRIA;in prossimit�;;del civico n.;220;;Veicolo in marcia contro veicolo fermo;Rettilineo;Una carreggiata a senso unico di marcia;Asciutto;In cubetti di porfido;Verticale ed orizzontale;Sereno;Scarso;Sufficiente;;0;0;0;2;12.5069;41.9146;-1;2;Autovettura privata;In marcia / fermata / arresto;Conducente;M;Illeso;0;;Non accertato;Inesploso
5171858;2;26/11/2020 19:57:00;Strada Urbana;VIA ALESSANDRIA;in prossimit�;;del civico n.;220;;Veicolo in marcia contro veicolo fermo;Rettilineo;Una carreggiata a senso unico di marcia;Asciutto;In cubetti di porfido;Verticale ed orizzontale;Sereno;Scarso;Sufficiente;;0;0;0;2;12.5069;41.9146;-1;3;Motociclo a solo;Sosta;;;;;;;
5171859;2;26/11/2020 15:25:00;Strada Urbana;VIA DI S. MARIA GORETTI;all'intersezione con;VIA LAGO TANA;VIA LAGO TANA;;;Veicolo in marcia contro veicolo arresto;Incrocio;Una carreggiata a senso unico di marcia;Asciutto;Asfaltata;Verticale ed orizzontale;Sereno;Intenso;Buona;;0;0;0;2;12.5209;41.9318;-1;1;Macchina operatrice;In marcia / fermata / arresto;Conducente;F;Illeso;0;;Non accertato;Inesploso
5171859;2;26/11/2020 15:25:00;Strada Urbana;VIA DI S. MARIA GORETTI;all'intersezione con;VIA LAGO TANA;VIA LAGO TANA;;;Veicolo in marcia contro veicolo arresto;Incrocio;Una carreggiata a senso unico di marcia;Asciutto;Asfaltata;Verticale ed orizzontale;Sereno;Intenso;Buona;;0;0;0;2;12.5209;41.9318;-1;2;Autovettura privata;In marcia / fermata / arresto;Conducente;F;Illeso;0;;Non accertato;Inesploso
5171860;2;26/11/2020 19:00:00;Strada Urbana;PIAZZA UNGHERIA;all'intersezione semaforizzata con;VIALE GIOACCHINO ROSSINI;VIALE GIOACCHINO ROSSINI;;;Veicolo in marcia contro veicolo in sosta;Incrocio;Una carreggiata a senso unico di marcia;Asciutto;Asfaltata;Verticale ed orizzontale;Sereno;Normale;Sufficiente;;0;0;0;1;12.4924;41.9224;-1;1;Autovettura privata;Sosta;;;;;;;
5171860;2;26/11/2020 19:00:00;Strada Urbana;PIAZZA UNGHERIA;all'intersezione semaforizzata con;VIALE GIOACCHINO ROSSINI;VIALE GIOACCHINO ROSSINI;;;Veicolo in marcia contro veicolo in sosta;Incrocio;Una carreggiata a senso unico di marcia;Asciutto;Asfaltata;Verticale ed orizzontale;Sereno;Normale;Sufficiente;;0;0;0;1;12.4924;41.9224;-1;2;Vettura tranviaria;In marcia / fermata / arresto;Conducente;M;Illeso;0;;Esente;
5171889;4;26/11/2020 21:00:00;Strada Urbana;VIA MONTE FAVINO;in corrispondenza;;del civico n.;3;;Veicolo in marcia contro veicolo in sosta;Rettilineo;Una carreggiata a senso unico di marcia;Asciutto;Asfaltata;Verticale ed orizzontale;Sereno;Scarso;Sufficiente;;0;0;0;0;12.5268;41.9491;-1;1;Motociclo a solo;Allontanatosi;;;;;;;
5171889;4;26/11/2020 21:00:00;Strada Urbana;VIA MONTE FAVINO;in corrispondenza;;del civico n.;3;;Veicolo in marcia contro veicolo in sosta;Rettilineo;Una carreggiata a senso unico di marcia;Asciutto;Asfaltata;Verticale ed orizzontale;Sereno;Scarso;Sufficiente;;0;0;0;0;12.5268;41.9491;-1;2;Autovettura privata;Sosta;;;;;;;
5171897;18;27/11/2020 10:15:00;Strada Urbana;VIA GIACINTO DE VECCHI PIERALICE;all'intersezione semaforizzata con;VIA BALDO DEGLI UBALDI;VIA BALDO DEGLI UBALDI;;;Scontro laterale fra veicoli in marcia;Intersezione semaforizzata;Una carreggiata a doppio senso;Asciutto;Asfaltata;Verticale ed orizzontale;Sereno;Normale;Buona;;0;0;0;3;12.4387;41.9012;-1;1;Autovettura privata;In marcia / fermata / arresto;Conducente;M;Illeso;0;;;
5171897;18;27/11/2020 10:15:00;Strada Urbana;VIA GIACINTO DE VECCHI PIERALICE;all'intersezione semaforizzata con;VIA BALDO DEGLI UBALDI;VIA BALDO DEGLI UBALDI;;;Scontro laterale fra veicoli in marcia;Intersezione semaforizzata;Una carreggiata a doppio senso;Asciutto;Asfaltata;Verticale ed orizzontale;Sereno;Normale;Buona;;0;0;0;3;12.4387;41.9012;-1;2;Autovettura privata;In marcia / fermata / arresto;Conducente;M;Illeso;0;;;
5171897;18;27/11/2020 10:15:00;Strada Urbana;VIA GIACINTO DE VECCHI PIERALICE;all'intersezione semaforizzata con;VIA BALDO DEGLI UBALDI;VIA BALDO DEGLI UBALDI;;;Scontro laterale fra veicoli in marcia;Intersezione semaforizzata;Una carreggiata a doppio senso;Asciutto;Asfaltata;Verticale ed orizzontale;Sereno;Normale;Buona;;0;0;0;3;12.4387;41.9012;-1;2;Autovettura privata;In marcia / fermata / arresto;Passeggero;F;Illeso;0;;;
5172001;1;25/11/2020 09:45:00;Strada Urbana;VIA DI PORTA S. SEBASTIANO;in prossimit�;;del civico n.;2;;Scontro laterale fra veicoli in marcia;Rettilineo;Una carreggiata a doppio senso;Asciutto;Acciotolata;Verticale ed orizzontale;Sereno;Scarso;Buona;;1;0;0;2;12.4969;41.8789;-1;1;Autovettura privata;In marcia / fermata / arresto;Conducente;M;Rifiuta cure immediate;0;NON DECEDUTO;Non accertato;Inesploso
5172001;1;25/11/2020 09:45:00;Strada Urbana;VIA DI PORTA S. SEBASTIANO;in prossimit�;;del civico n.;2;;Scontro laterale fra veicoli in marcia;Rettilineo;Una carreggiata a doppio senso;Asciutto;Acciotolata;Verticale ed orizzontale;Sereno;Scarso;Buona;;1;0;0;2;12.4969;41.8789;-1;1;Autovettura privata;In marcia / fermata / arresto;Passeggero;F;Illeso;0;;Non accertato;Inesploso
5172001;1;25/11/2020 09:45:00;Strada Urbana;VIA DI PORTA S. SEBASTIANO;in prossimit�;;del civico n.;2;;Scontro laterale fra veicoli in marcia;Rettilineo;Una carreggiata a doppio senso;Asciutto;Acciotolata;Verticale ed orizzontale;Sereno;Scarso;Buona;;1;0;0;2;12.4969;41.8789;-1;2;Autocarro inferiore 35 q.;In marcia / fermata / arresto;Conducente;M;Illeso;0;;Non accertato;Inesploso
5172052;1;26/11/2020 11:14:00;Strada Urbana;VIA PIEMONTE;all'intersezione con;VIA SALLUSTIANA;VIA SALLUSTIANA;;;Scontro laterale fra veicoli in marcia;Incrocio;Una carreggiata a doppio senso;Asciutto;Asfaltata;Verticale ed orizzontale;Sereno;Normale;Buona;;0;0;0;3;12.4939;41.9071;-1;1;Autovettura privata;In marcia / fermata / arresto;Conducente;M;Illeso;0;;Non accertato;Inesploso
5172052;1;26/11/2020 11:14:00;Strada Urbana;VIA PIEMONTE;all'intersezione con;VIA SALLUSTIANA;VIA SALLUSTIANA;;;Scontro laterale fra veicoli in marcia;Incrocio;Una carreggiata a doppio senso;Asciutto;Asfaltata;Verticale ed orizzontale;Sereno;Normale;Buona;;0;0;0;3;12.4939;41.9071;-1;1;Autovettura privata;In marcia / fermata / arresto;Passeggero;F;Illeso;0;;Non accertato;Inesploso
5172052;1;26/11/2020 11:14:00;Strada Urbana;VIA PIEMONTE;all'intersezione con;VIA SALLUSTIANA;VIA SALLUSTIANA;;;Scontro laterale fra veicoli in marcia;Incrocio;Una carreggiata a doppio senso;Asciutto;Asfaltata;Verticale ed orizzontale;Sereno;Normale;Buona;;0;0;0;3;12.4939;41.9071;-1;2;Autovettura privata;In marcia / fermata / arresto;Conducente;M;Illeso;0;;Non accertato;Inesploso
5172086;19;27/11/2020 12:00:00;Strada Urbana;VIA DELLA PINETA SACCHETTI;in prossimit�;;del civico n.;171;;Tamponamento;Rettilineo;Una carreggiata a senso unico di marcia;Asciutto;Asfaltata;Verticale ed orizzontale;Sereno;Normale;Buona;;0;0;0;2;12.4248;41.924;-1;1;Autovettura privata;In marcia / fermata / arresto;Conducente;M;Illeso;0;;Non accertato;Inesploso
5172086;19;27/11/2020 12:00:00;Strada Urbana;VIA DELLA PINETA SACCHETTI;in prossimit�;;del civico n.;171;;Tamponamento;Rettilineo;Una carreggiata a senso unico di marcia;Asciutto;Asfaltata;Verticale ed orizzontale;Sereno;Normale;Buona;;0;0;0;2;12.4248;41.924;-1;2;Autovettura privata;In marcia / fermata / arresto;Conducente;M;Illeso;0;;Non accertato;Inesploso
5172092;19;27/11/2020 12:20:00;Strada Urbana;VIA DI TORREVECCHIA;in prossimit�;;del civico n.;321;;Veicolo in marcia contro veicolo in sosta;Rettilineo;Una carreggiata a doppio senso;Asciutto;Asfaltata;Verticale ed orizzontale;Sereno;Normale;Buona;;0;0;0;0;12.416;41.9269;-1;1;Autovettura privata;In marcia / fermata / arresto;;;;;;;
5172092;19;27/11/2020 12:20:00;Strada Urbana;VIA DI TORREVECCHIA;in prossimit�;;del civico n.;321;;Veicolo in marcia contro veicolo in sosta;Rettilineo;Una carreggiata a doppio senso;Asciutto;Asfaltata;Verticale ed orizzontale;Sereno;Normale;Buona;;0;0;0;0;12.416;41.9269;-1;2;Autovettura privata;Sosta;;;;;;;
5172099;1;26/11/2020 08:50:00;Strada Urbana;PIAZZA VITTORIO EMANUELE II;all'intersezione semaforizzata con;VIA EMANUELE FILIBERTO;VIA EMANUELE FILIBERTO;;;Scontro frontale fra veicoli in marcia;Intersezione semaforizzata;Una carreggiata a doppio senso;Asciutto;Asfaltata;Verticale ed orizzontale;Sereno;Normale;Buona;;2;0;0;0;12.5053;41.8932;-1;1;Motociclo a solo;In marcia / fermata / arresto;Conducente;M;Rifiuta cure immediate;0;NON DECEDUTO;Non accertato;