Protocollo;Gruppo;DataOraIncidente;Localizzazione1;STRADA1;Localizzazione2;STRADA2;Strada02;Chilometrica;DaSpecificare;NaturaIncidente;particolaritastrade;TipoStrada;FondoStradale;Pavimentazione;Segnaletica;CondizioneAtmosferica;Traffico;Visibilita;Illuminazione;NUM_FERITI;NUM_RISERVATA;NUM_MORTI;NUM_ILLESI;Longitudine;Latitudine;Confermato;Progressivo;TipoVeicolo;StatoVeicolo;TipoPersona;Sesso;Tipolesione;Deceduto;DecedutoDopo;CinturaCascoUtilizzato;Airbag;
5173697;12;28/11/2020 10:15:00;Provinciale entro l'abitato;VIA DI PRATICA;in corrispondenza;;della chilometrica;3;;Veicolo in marcia contro ostacolo accidentale;Rettilineo;Una carreggiata a doppio senso;Asciutto;Asfaltata;Verticale ed orizzontale;Nuvoloso;Scarso;Buona;;0;0;0;1;12.4452;41.6892;-1;1;Autovettura privata;In marcia / fermata / arresto;Conducente;M;Illeso;0;;Utilizzato;Inesploso
5173753;12;28/11/2020 09:10:00;Strada Urbana;VIA LAURENTINA;all'intersezione con;VIA DI TOR PAGNOTTA;VIA DI TOR PAGNOTTA;;;Scontro frontale fra veicoli in marcia;Rotatoria;Una carreggiata a senso unico di marcia;Asciutto;Asfaltata;Verticale ed orizzontale;Nuvoloso;Scarso;Buona;;0;0;0;2;12.4856;41.8103;-1;1;Autovettura privata;In marcia / fermata / arresto;Conducente;M;Illeso;0;;Utilizzato;Inesploso
5173753;12;28/11/2020 09:10:00;Strada Urbana;VIA LAURENTINA;all'intersezione con;VIA DI TOR PAGNOTTA;VIA DI TOR PAGNOTTA;;;Scontro frontale fra veicoli in marcia;Rotatoria;Una carreggiata a senso unico di marcia;Asciutto;Asfaltata;Verticale ed orizzontale;Nuvoloso;Scarso;Buona;;0;0;0;2;12.4856;41.8103;-1;2;Autovettura privata;In marcia / fermata / arresto;Conducente;M;Illeso;0;;;
5173755;13;28/11/2020 13:40:00;Strada Urbana;PIAZZA TOLOSETTO FARINATA DEGLI UBERTI;in prossimit�;;del civico n.;1;;Scontro frontale/laterale DX fra veicoli in marcia;Rettilineo;Due carreggiate;Asciutto;Asfaltata;Verticale ed orizzontale;Nuvoloso;Normale;Buona;;0;0;0;2;12.2912;41.7351;-1;1;Autovettura privata;In marcia / fermata / arresto;Conducente;F;Illeso;0;;Non accertato;
5173755;13;28/11/2020 13:40:00;Strada Urbana;PIAZZA TOLOSETTO FARINATA DEGLI UBERTI;in prossimit�;;del civico n.;1;;Scontro frontale/laterale DX fra veicoli in marcia;Rettilineo;Due carreggiate;Asciutto;Asfaltata;Verticale ed orizzontale;Nuvoloso;Normale;Buona;;0;0;0;2;12.2912;41.7351;-1;2;Autovettura privata;In marcia / fermata / arresto;Conducente;M;Illeso;0;;Non utilizzato;
5173833;13;28/11/2020 15:00:00;Strada Urbana;LUNGOMARE LUTAZIO CATULO;da specificare;;;;prossimit� via ugolini vivaldi;Tamponamento Multiplo;Rettilineo;Due carreggiate;Asciutto;Asfaltata;Verticale ed orizzontale;Nuvoloso;Normale;Buona;;0;0;0;4;12.3102;41.7169;-1;1;Autovettura privata;In marcia / fermata / arresto;Conducente;M;Illeso;0;;Non accertato;
5173833;13;28/11/2020 15:00:00;Strada Urbana;LUNGOMARE LUTAZIO CATULO;da specificare;;;;prossimit� via ugolini vivaldi;Tamponamento Multiplo;Rettilineo;Due carreggiate;Asciutto;Asfaltata;Verticale ed orizzontale;Nuvoloso;Normale;Buona;;0;0;0;4;12.3102;41.7169;-1;2;Autovettura privata;In marcia / fermata / arresto;Conducente;M;Illeso;0;;Non accertato;
5173833;13;28/11/2020 15:00:00;Strada Urbana;LUNGOMARE LUTAZIO CATULO;da specificare;;;;prossimit� via ugolini vivaldi;Tamponamento Multiplo;Rettilineo;Due carreggiate;Asciutto;Asfaltata;Verticale ed orizzontale;Nuvoloso;Normale;Buona;;0;0;0;4;12.3102;41.7169;-1;2;Autovettura privata;In marcia / fermata / arresto;Passeggero;F;Illeso;0;;Non accertato;
5173833;13;28/11/2020 15:00:00;Strada Urbana;LUNGOMARE LUTAZIO CATULO;da specificare;;;;prossimit� via ugolini vivaldi;Tamponamento Multiplo;Rettilineo;Due carreggiate;Asciutto;Asfaltata;Verticale ed orizzontale;Nuvoloso;Normale;Buona;;0;0;0;4;12.3102;41.7169;-1;3;Autovettura privata;In marcia / fermata / arresto;Conducente;F;Illeso;0;;Non accertato;
5173835;17;28/11/2020 16:25:00;Strada Urbana;VIALE ANGELICO;in corrispondenza;;del civico n.;21;;Veicolo in marcia contro ostacolo fisso;Rettilineo;Pi� di due carreggiate;Asciutto;Asfaltata;Verticale ed orizzontale;Nuvoloso;Normale;Buona;;0;0;0;1;12.458;41.9126;-1;1;Autovettura privata;In marcia / fermata / arresto;Conducente;M;Illeso;0;;;
5173950;7;28/11/2020 20:20:00;Strada Urbana;VIA LUIGI RUSSOLO;da specificare;;;;snc;Scontro frontale fra veicoli in marcia;Curva senza visuale libera;Una carreggiata a doppio senso;Bagnato (pioggia);Asfaltata;Assente;Pioggia in atto;Scarso;Insufficiente;;2;0;0;0;12.6162;41.9111;-1;1;Autovettura privata;In marcia / fermata / arresto;Conducente;M;Ricoverato;0;NON DECEDUTO;;
5173950;7;28/11/2020 20:20:00;Strada Urbana;VIA LUIGI RUSSOLO;da specificare;;;;snc;Scontro frontale fra veicoli in marcia;Curva senza visuale libera;Una carreggiata a doppio senso;Bagnato (pioggia);Asfaltata;Assente;Pioggia in atto;Scarso;Insufficiente;;2;0;0;0;12.6162;41.9111;-1;2;Autovettura privata;In marcia / fermata / arresto;Conducente;M;Rimandato;0;NON DECEDUTO;;
5173968;13;28/11/2020 12:20:00;Strada Urbana;VIA DANILO STIEPOVICH;all'intersezione con;VIA ARMANDO CRISCIANI;VIA ARMANDO CRISCIANI;;;Scontro frontale/laterale SX fra veicoli in marcia;Incrocio;Una carreggiata a senso unico di marcia;Asciutto;Asfaltata;Verticale ed orizzontale;Sereno;Intenso;Buona;;0;0;0;4;12.2697;41.7397;-1;1;Autovettura privata;In marcia / fermata / arresto;Conducente;F;Illeso;0;;;
5173968;13;28/11/2020 12:20:00;Strada Urbana;VIA DANILO STIEPOVICH;all'intersezione con;VIA ARMANDO CRISCIANI;VIA ARMANDO CRISCIANI;;;Scontro frontale/laterale SX fra veicoli in marcia;Incrocio;Una carreggiata a senso unico di marcia;Asciutto;Asfaltata;Verticale ed orizzontale;Sereno;Intenso;Buona;;0;0;0;4;12.2697;41.7397;-1;1;Autovettura privata;In marcia / fermata / arresto;Passeggero;F;Illeso;0;;;
5173968;13;28/11/2020 12:20:00;Strada Urbana;VIA DANILO STIEPOVICH;all'intersezione con;VIA ARMANDO CRISCIANI;VIA ARMANDO CRISCIANI;;;Scontro frontale/laterale SX fra veicoli in marcia;Incrocio;Una carreggiata a senso unico di marcia;Asciutto;Asfaltata;Verticale ed orizzontale;Sereno;Intenso;Buona;;0;0;0;4;12.2697;41.7397;-1;2;Autovettura privata;In marcia / fermata / arresto;Conducente;F;Illeso;0;;;
5173968;13;28/11/2020 12:20:00;Strada Urbana;VIA DANILO STIEPOVICH;all'intersezione con;VIA ARMANDO CRISCIANI;VIA ARMANDO CRISCIANI;;;Scontro frontale/laterale SX fra veicoli in marcia;Incrocio;Una carreggiata a senso unico di marcia;Asciutto;Asfaltata;Verticale ed orizzontale;Sereno;Intenso;Buona;;0;0;0;4;12.2697;41.7397;-1;2;Autovettura privata;In marcia / fermata / arresto;Passeggero;F;Illeso;0;;;
5173979;13;28/11/2020 10:40:00;Strada Urbana;VIA ISOLE DEL CAPO VERDE;in prossimit�;;del civico n.;206;;Tamponamento;Rettilineo;Due carreggiate;Asciutto;Asfaltata;Verticale ed orizzontale;Sereno;Normale;Buona;;0;0;0;2;12.2735;41.7384;-1;1;Autovettura privata;In marcia / fermata / arresto;Conducente;M;Illeso;0;;Non accertato;Inesploso
5173979;13;28/11/2020 10:40:00;Strada Urbana;VIA ISOLE DEL CAPO VERDE;in prossimit�;;del civico n.;206;;Tamponamento;Rettilineo;Due carreggiate;Asciutto;Asfaltata;Verticale ed orizzontale;Sereno;Normale;Buona;;0;0;0;2;12.2735;41.7384;-1;2;Autovettura privata;In marcia / fermata / arresto;Conducente;F;Illeso;0;;Non accertato;Inesploso
5174018;15;28/11/2020 13:30:00;Strada Urbana;VIA QUIRINO MAJORANA;in corrispondenza;;del civico n.;80;;Infortunio per caduta del veicolo;Rettilineo;Una carreggiata a doppio senso;Asciutto;Asfaltata;Orizzontale;Sereno;Normale;Buona;;0;0;0;1;12.4628;41.8677;-1;1;Motociclo a solo;In marcia / fermata / arresto;Conducente;M;Illeso;0;;;
5174019;15;28/11/2020 13:25:00;Strada Urbana;VIA QUIRINO MAJORANA;in corrispondenza;;del civico n.;80;;Veicolo in marcia contro ostacolo fisso;Rettilineo;Una carreggiata a doppio senso;Asciutto;Asfaltata;Orizzontale;Sereno;Normale;Buona;;0;0;0;1;12.4628;41.8677;-1;1;Velocipede;In marcia / fermata / arresto;Conducente;M;Illeso;0;;Esente;
5174020;15;28/11/2020 12:45:00;Strada Urbana;VIA SARZANA;all'intersezione con;VIA DEL TRULLO;VIA DEL TRULLO;;;Tamponamento;Intersezione stradale segnalata;Una carreggiata a doppio senso;Asciutto;Asfaltata;Verticale ed orizzontale;Nuvoloso;Normale;Buona;;0;0;0;2;12.4382;41.8417;-1;1;Autovettura privata;In marcia / fermata / arresto;Conducente;M;Illeso;0;;Non accertato;Inesploso
5174020;15;28/11/2020 12:45:00;Strada Urbana;VIA SARZANA;all'intersezione con;VIA DEL TRULLO;VIA DEL TRULLO;;;Tamponamento;Intersezione stradale segnalata;Una carreggiata a doppio senso;Asciutto;Asfaltata;Verticale ed orizzontale;Nuvoloso;Normale;Buona;;0;0;0;2;12.4382;41.8417;-1;2;Autovettura privata;In marcia / fermata / arresto;Conducente;M;Illeso;0;;Non accertato;Inesploso
5174022;15;28/11/2020 19:40:00;Strada Urbana;VIA PIETRO FRATTINI;all'intersezione con;VIA LUIGI ANGELONI;VIA LUIGI ANGELONI;;;Scontro laterale fra veicoli in marcia;Incrocio;Una carreggiata a doppio senso;Asciutto;Asfaltata;Verticale ed orizzontale;Sereno;Normale;Sufficiente;;1;0;0;1;12.4491;41.8499;-1;1;Autovettura privata;In marcia / fermata / arresto;Conducente;M;Illeso;0;;Non accertato;Inesploso
5174022;15;28/11/2020 19:40:00;Strada Urbana;VIA PIETRO FRATTINI;all'intersezione con;VIA LUIGI ANGELONI;VIA LUIGI ANGELONI;;;Scontro laterale fra veicoli in marcia;Incrocio;Una carreggiata a doppio senso;Asciutto;Asfaltata;Verticale ed orizzontale;Sereno;Normale;Sufficiente;;1;0;0;1;12.4491;41.8499;-1;2;Motociclo a solo;In marcia / fermata / arresto;Conducente;M;Rimandato;0;NON DECEDUTO;;
5174111;7;27/11/2020 16:45:00;Strada Urbana;VIALE PALMIRO TOGLIATTI;da specificare;;;;prossimit� P.le P. Pascali ;Scontro laterale fra veicoli in marcia;Rettilineo;Due carreggiate;Asciutto;Asfaltata;Verticale ed orizzontale;Sereno;Normale;Buona;;0;0;0;1;12.5758;41.8971;-1;1;Autovettura privata;In marcia / fermata / arresto;Conducente;M;Illeso;0;;Non accertato;Inesploso
5174111;7;27/11/2020 16:45:00;Strada Urbana;VIALE PALMIRO TOGLIATTI;da specificare;;;;prossimit� P.le P. Pascali ;Scontro laterale fra veicoli in marcia;Rettilineo;Due carreggiate;Asciutto;Asfaltata;Verticale ed orizzontale;Sereno;Normale;Buona;;0;0;0;1;12.5758;41.8971;-1;2;Autovettura privata;In marcia / fermata / arresto;;;;;;;
5174139;1;28/11/2020 20:00:00;Strada Urbana;VIA DELLA NAVICELLA;all'intersezione con;VIA DI S. ERASMO;VIA DI S. ERASMO;;;Scontro frontale/laterale SX fra veicoli in marcia;Intersezione stradale segnalata;Una carreggiata a doppio senso;Asciutto;Asfaltata;Verticale ed orizzontale;Sereno;Scarso;Buona;;1;0;0;1;12.4963;41.8839;-1;1;Autovettura privata;In marcia / fermata / arresto;Conducente;M;Illeso;0;;;
5174139;1;28/11/2020 20:00:00;Strada Urbana;VIA DELLA NAVICELLA;all'intersezione con;VIA DI S. ERASMO;VIA DI S. ERASMO;;;Scontro frontale/laterale SX fra veicoli in marcia;Intersezione stradale segnalata;Una carreggiata a doppio senso;Asciutto;Asfaltata;Verticale ed orizzontale;Sereno;Scarso;Buona;;1;0;0;1;12.4963;41.8839;-1;2;Motociclo a solo;In marcia / fermata / arresto;Conducente;M;Ricoverato;0;NON DECEDUTO;;
5174156;12;27/11/2020 19:00:00;Strada Urbana;VIA CRISTOFORO COLOMBO;all'intersezione con;VIALE EUROPA;VIALE EUROPA;;;Tamponamento;Intersezione semaforizzata;Una carreggiata a senso unico di marcia;Asciutto;Asfaltata;Verticale ed orizzontale;Nuvoloso;Normale;Buona;;2;0;0;0;12.4693;41.8308;-1;1;Autovettura privata;In marcia / fermata / arresto;Conducente;M;Rimandato;0;NON DECEDUTO;Non accertato;Esploso
5174156;12;27/11/2020 19:00:00;Strada Urbana;VIA CRISTOFORO COLOMBO;all'intersezione con;VIALE EUROPA;VIALE EUROPA;;;Tamponamento;Intersezione semaforizzata;Una carreggiata a senso unico di marcia;Asciutto;Asfaltata;Verticale ed orizzontale;Nuvoloso;Normale;Buona;;2;0;0;0;12.4693;41.8308;-1;2;Autovettura privata;In marcia / fermata / arresto;Conducente;F;Rimandato;0;NON DECEDUTO;;
5174166;7;28/11/2020 12:30:00;Strada Urbana;VIALE PALMIRO TOGLIATTI;da specificare;;;;altezza palo luce 108;Scontro laterale fra veicoli in marcia;Rettilineo;Pi� di due carreggiate;Asciutto;Asfaltata;Orizzontale;Nuvoloso;Scarso;Buona;;0;0;0;2;12.568;41.8678;-1;1;Autovettura privata;In marcia / fermata / arresto;Conducente;M;Illeso;0;;Non accertato;Inesploso
5174166;7;28/11/2020 12:30:00;Strada Urbana;VIALE PALMIRO TOGLIATTI;da specificare;;;;altezza palo luce 108;Scontro laterale fra veicoli in marcia;Rettilineo;Pi� di due carreggiate;Asciutto;Asfaltata;Orizzontale;Nuvoloso;Scarso;Buona;;0;0;0;2;12.568;41.8678;-1;1;Autovettura privata;In marcia / fermata / arresto;Passeggero;F;Illeso;0;;Non accertato;Inesploso
5174166;7;28/11/2020 12:30:00;Strada Urbana;VIALE PALMIRO TOGLIATTI;da specificare;;;;altezza palo luce 108;Scontro laterale fra veicoli in marcia;Rettilineo;Pi� di due carreggiate;Asciutto;Asfaltata;Orizzontale;Nuvoloso;Scarso;Buona;;0;0;0;2;12.568;41.8678;-1;2;Autovettura privata;Allontanatosi;;;;;;;
5174172;1;28/11/2020 15:30:00;Strada Urbana;VIA DELLO STATUTO;in corrispondenza;;del civico n.;39;;Scontro laterale fra veicoli in marcia;Rettilineo;Una carreggiata a doppio senso;Asciutto;Acciotolata;Verticale ed orizzontale;Sereno;Intenso;Buona;;0;0;0;2;12.5007;41.895;-1;1;Autovettura privata;In marcia / fermata / arresto;Conducente;M;Illeso;0;;Non accertato;Inesploso
5174172;1;28/11/2020 15:30:00;Strada Urbana;VIA DELLO STATUTO;in corrispondenza;;del civico n.;39;;Scontro laterale fra veicoli in marcia;Rettilineo;Una carreggiata a doppio senso;Asciutto;Acciotolata;Verticale ed orizzontale;Sereno;Intenso;Buona;;0;0;0;2;12.5007;41.895;-1;2;Autovettura privata;In marcia / fermata / arresto;Conducente;M;Illeso;0;;;
5174174;12;28/11/2020 13:20:00;Statale;VIA PONTINA;da specificare;;;;svincolo Vitinia (sopraelevata);Tamponamento Multiplo;Rettilineo;Una carreggiata a senso unico di marcia;Asciutto;Asfaltata;Verticale ed orizzontale;Sereno;Normale;Buona;;0;0;0;4;12.4522;41.7941;-1;1;Autovettura privata;In marcia / fermata / arresto;Conducente;F;Illeso;0;;Utilizzato;Inesploso
5174174;12;28/11/2020 13:20:00;Statale;VIA PONTINA;da specificare;;;;svincolo Vitinia (sopraelevata);Tamponamento Multiplo;Rettilineo;Una carreggiata a senso unico di marcia;Asciutto;Asfaltata;Verticale ed orizzontale;Sereno;Normale;Buona;;0;0;0;4;12.4522;41.7941;-1;2;Autovettura privata;In marcia / fermata / arresto;Conducente;M;Illeso;0;;;
5174174;12;28/11/2020 13:20:00;Statale;VIA PONTINA;da specificare;;;;svincolo Vitinia (sopraelevata);Tamponamento Multiplo;Rettilineo;Una carreggiata a senso unico di marcia;Asciutto;Asfaltata;Verticale ed orizzontale;Sereno;Normale;Buona;;0;0;0;4;12.4522;41.7941;-1;3;Autovettura privata;In marcia / fermata / arresto;Conducente;M;Illeso;0;;;
5174174;12;28/11/2020 13:20:00;Statale;VIA PONTINA;da specificare;;;;svincolo Vitinia (sopraelevata);Tamponamento Multiplo;Rettilineo;Una carreggiata a senso unico di marcia;Asciutto;Asfaltata;Verticale ed orizzontale;Sereno;Normale;Buona;;0;0;0;4;12.4522;41.7941;-1;3;Autovettura privata;In marcia / fermata / arresto;Passeggero;F;Illeso;0;;Utilizzato;Inesploso
5174203;12;28/11/2020 14:40:00;Strada Urbana;VIA CLARICE TARTUFARI;in corrispondenza;;del civico n.;163;;Veicolo in marcia contro ostacolo fisso;Rettilineo;Una carreggiata a doppio senso;Asciutto;Asfaltata;Verticale ed orizzontale;Sereno;Scarso;Buona;;0;0;0;1;12.4374;41.7516;-1;1;Autocarro superiore 35 q.;In marcia / fermata / arresto;Conducente;M;Illeso;0;;Utilizzato;Inesploso
5174234;12;27/11/2020 17:00:00;Provinciale entro l'abitato;VIA OSTIENSE;da specificare;;;;PROX INGRESSO CARRABILE METRO MAGLIANA;Scontro frontale/laterale DX fra veicoli in marcia;Rettilineo;Una carreggiata a doppio senso;Asciutto;Asfaltata;Verticale ed orizzontale;Sereno;Normale;Buona;;1;0;0;1;12.4229;41.8109;-1;1;Autovettura privata;In marcia / fermata / arresto;Conducente;M;Illeso;0;;Utilizzato;Inesploso
5174234;12;27/11/2020 17:00:00;Provinciale entro l'abitato;VIA OSTIENSE;da specificare;;;;PROX INGRESSO CARRABILE METRO MAGLIANA;Scontro frontale/laterale DX fra veicoli in marcia;Rettilineo;Una carreggiata a doppio senso;Asciutto;Asfaltata;Verticale ed orizzontale;Sereno;Normale;Buona;;1;0;0;1;12.4229;41.8109;-1;2;Motociclo a solo;In marcia / fermata / arresto;Conducente;M;Rimandato;0;NON DECEDUTO;;
5174236;2;28/11/2020 10:00:00;Strada Urbana;VIA SALARIA;da specificare;;;;alt. via Filomarino;Scontro frontale/laterale SX fra veicoli in marcia;Rettilineo;Una carreggiata a doppio senso;Asciutto;Asfaltata;Verticale ed orizzontale;Nuvoloso;Normale;Buona;;0;0;0;2;13.0816;42.4174;-1;1;Autovettura privata;In marcia / fermata / arresto;Conducente;M;Illeso;0;;Non accertato;Inesploso
5174236;2;28/11/2020 10:00:00;Strada Urbana;VIA SALARIA;da specificare;;;;alt. via Filomarino;Scontro frontale/laterale SX fra veicoli in marcia;Rettilineo;Una carreggiata a doppio senso;Asciutto;Asfaltata;Verticale ed orizzontale;Nuvoloso;Normale;Buona;;0;0;0;2;13.0816;42.4174;-1;2;Motociclo a solo;In marcia / fermata / arresto;Conducente;M;Illeso;0;;Non accertato;
5174237;2;28/11/2020 14:40:00;Strada Urbana;VIA DELLE VALLI;da specificare;;;;alt. rampa ingresso Tang. Est dir. Conca D'Oro;Scontro frontale/laterale SX fra veicoli in marcia;Rettilineo;Due carreggiate;Asciutto;Asfaltata;Verticale ed orizzontale;Nuvoloso;Normale;Buona;;0;0;0;4;12.5272;41.9386;-1;1;Autovettura privata;In marcia / fermata / arresto;Conducente;M;Illeso;0;;Non accertato;
5174237;2;28/11/2020 14:40:00;Strada Urbana;VIA DELLE VALLI;da specificare;;;;alt. rampa ingresso Tang. Est dir. Conca D'Oro;Scontro frontale/laterale SX fra veicoli in marcia;Rettilineo;Due carreggiate;Asciutto;Asfaltata;Verticale ed orizzontale;Nuvoloso;Normale;Buona;;0;0;0;4;12.5272;41.9386;-1;2;Autovettura privata;In marcia / fermata / arresto;Conducente;M;Illeso;0;;;
5174237;2;28/11/2020 14:40:00;Strada Urbana;VIA DELLE VALLI;da specificare;;;;alt. rampa ingresso Tang. Est dir. Conca D'Oro;Scontro frontale/laterale SX fra veicoli in marcia;Rettilineo;Due carreggiate;Asciutto;Asfaltata;Verticale ed orizzontale;Nuvoloso;Normale;Buona;;0;0;0;4;12.5272;41.9386;-1;2;Autovettura privata;In marcia / fermata / arresto;Passeggero;F;Illeso;0;;;
5174237;2;28/11/2020 14:40:00;Strada Urbana;VIA DELLE VALLI;da specificare;;;;alt. rampa ingresso Tang. Est dir. Conca D'Oro;Scontro frontale/laterale SX fra veicoli in marcia;Rettilineo;Due carreggiate;Asciutto;Asfaltata;Verticale ed orizzontale;Nuvoloso;Normale;Buona;;0;0;0;4;12.5272;41.9386;-1;2;Autovettura privata;In marcia / fermata / arresto;Passeggero;M;Illeso;0;;;
5174239;2;28/11/2020 17:00:00;Strada Urbana;PIAZZALE FLAMINIO;in prossimit�;;del civico n.;1;;Scontro laterale fra veicoli in marcia;Rettilineo;Una carreggiata a senso unico di marcia;Asciutto;Asfaltata;Verticale ed orizzontale;Sereno;Intenso;Buona;;0;0;0;4;12.4751;41.912;-1;1;Autovettura privata;In marcia / fermata / arresto;Conducente;F;Illeso;0;;Non accertato;Inesploso
5174239;2;28/11/2020 17:00:00;Strada Urbana;PIAZZALE FLAMINIO;in prossimit�;;del civico n.;1;;Scontro laterale fra veicoli in marcia;Rettilineo;Una carreggiata a senso unico di marcia;Asciutto;Asfaltata;Verticale ed orizzontale;Sereno;Intenso;Buona;;0;0;0;4;12.4751;41.912;-1;1;Autovettura privata;In marcia / fermata / arresto;Passeggero;F;Illeso;0;;Non accertato;Inesploso
5174239;2;28/11/2020 17:00:00;Strada Urbana;PIAZZALE FLAMINIO;in prossimit�;;del civico n.;1;;Scontro laterale fra veicoli in marcia;Rettilineo;Una carreggiata a senso unico di marcia;Asciutto;Asfaltata;Verticale ed orizzontale;Sereno;Intenso;Buona;;0;0;0;4;12.4751;41.912;-1;2;Autovettura privata;In marcia / fermata / arresto;Conducente;F;Illeso;0;;Non accertato;Inesploso
5174239;2;28/11/2020 17:00:00;Strada Urbana;PIAZZALE FLAMINIO;in prossimit�;;del civico n.;1;;Scontro laterale fra veicoli in marcia;Rettilineo;Una carreggiata a senso unico di marcia;Asciutto;Asfaltata;Verticale ed orizzontale;Sereno;Intenso;Buona;;0;0;0;4;12.4751;41.912;-1;2;Autovettura privata;In marcia / fermata / arresto;Passeggero;F;Illeso;0;;Non accertato;Inesploso
5174328;19;29/11/2020 10:45:00;Strada Urbana;VIA DI CASAL DEL MARMO;in prossimit�;;del civico n.;4;;Scontro laterale fra veicoli in marcia;Rettilineo;Una carreggiata a senso unico di marcia;Asciutto;Asfaltata;Verticale ed orizzontale;Nuvoloso;Normale;Buona;;0;0;0;2;12.4121;41.9583;-1;1;Autovettura privata;In marcia / fermata / arresto;Conducente;M;Illeso;0;;;
5174328;19;29/11/2020 10:45:00;Strada Urbana;VIA DI CASAL DEL MARMO;in prossimit�;;del civico n.;4;;Scontro laterale fra veicoli in marcia;Rettilineo;Una carreggiata a senso unico di marcia;Asciutto;Asfaltata;Verticale ed orizzontale;Nuvoloso;Normale;Buona;;0;0;0;2;12.4121;41.9583;-1;2;Motociclo a solo;In marcia / fermata / arresto;Conducente;M;Illeso;0;;;
5174353;7;29/11/2020 12:15:00;Strada Urbana;VIA PAPIRIA;in prossimit�;;del civico n.;80;;Veicolo in marcia contro veicolo fermo;Rettilineo;Una carreggiata a doppio senso;Asciutto;Asfaltata;Orizzontale;Sereno;Normale;Buona;;1;0;0;2;12.5615;41.8633;-1;1;Autovettura privata;In marcia / fermata / arresto;Conducente;M;Illeso;0;;Non accertato;Inesploso
5174353;7;29/11/2020 12:15:00;Strada Urbana;VIA PAPIRIA;in prossimit�;;del civico n.;80;;Veicolo in marcia contro veicolo fermo;Rettilineo;Una carreggiata a doppio senso;Asciutto;Asfaltata;Orizzontale;Sereno;Normale;Buona;;1;0;0;2;12.5615;41.8633;-1;1;Autovettura privata;In marcia / fermata / arresto;Passeggero;F;Illeso;0;;Non accertato;Inesploso
5174353;7;29/11/2020 12:15:00;Strada Urbana;VIA PAPIRIA;in prossimit�;;del civico n.;80;;Veicolo in marcia contro veicolo fermo;Rettilineo;Una carreggiata a doppio senso;Asciutto;Asfaltata;Orizzontale;Sereno;Normale;Buona;;1;0;0;2;12.5615;41.8633;-1;2;Autovettura privata;In marcia / fermata / arresto;Conducente;M;Rimandato;0;NON DECEDUTO;Non accertato;Inesploso
5174379;2;29/11/2020 10:50:00;Strada Urbana;VIALE GIORGIO WASHINGTON;da specificare;;;;alt. capolinea n. 70033;Ribaltamento senza urto contro ostacolo fisso;Rettilineo;Una carreggiata a doppio senso;Bagnato (pioggia);Asfaltata;Orizzontale;Nuvoloso;Scarso;Buona;;1;0;0;0;12.4781;41.9127;-1;1;Velocipede;In marcia / fermata / arresto;Conducente;F;Ricoverato;0;NON DECEDUTO;Esente;
5174385;6;28/11/2020 21:10:00;Strada Urbana;VIA DELLA MARRANELLA;all'intersezione con;VIA VISCONTE MAGGIOLO;VIA VISCONTE MAGGIOLO;;;Scontro frontale/laterale DX fra veicoli in marcia;Incrocio;Una carreggiata a senso unico di marcia;Asciutto;Asfaltata;Verticale ed orizzontale;Sereno;Scarso;Sufficiente;;1;0;0;1;12.5423;41.8833;-1;1;Autovettura privata;In marcia / fermata / arresto;Conducente;M;Illeso;0;;Non accertato;Inesploso
5174385;6;28/11/2020 21:10:00;Strada Urbana;VIA DELLA MARRANELLA;all'intersezione con;VIA VISCONTE MAGGIOLO;VIA VISCONTE MAGGIOLO;;;Scontro frontale/laterale DX fra veicoli in marcia;Incrocio;Una carreggiata a senso unico di marcia;Asciutto;Asfaltata;Verticale ed orizzontale;Sereno;Scarso;Sufficiente;;1;0;0;1;12.5423;41.8833;-1;2;Motociclo a solo;In marcia / fermata / arresto;Conducente;M;Rimandato;0;NON DECEDUTO;;
5174385;6;28/11/2020 21:10:00;Strada Urbana;VIA DELLA MARRANELLA;all'intersezione con;VIA VISCONTE MAGGIOLO;VIA VISCONTE MAGGIOLO;;;Scontro frontale/laterale DX fra veicoli in marcia;Incrocio;Una carreggiata a senso unico di marcia;Asciutto;Asfaltata;Verticale ed orizzontale;Sereno;Scarso;Sufficiente;;1;0;0;1;12.5423;41.8833;-1;3;Autovettura privata;Sosta;;;;;;;
5174464;6;28/11/2020 13:10:00;Strada Urbana;VIALE DELLA VENEZIA GIULIA;all'intersezione con;VIA ROVIGNO D'ISTRIA;VIA ROVIGNO D'ISTRIA;;;Tamponamento;Incrocio;Una carreggiata a doppio senso;Asciutto;Asfaltata;Verticale ed orizzontale;Nuvoloso;Scarso;Buona;;0;0;0;2;12.5564;41.8964;-1;1;Autovettura privata;In marcia / fermata / arresto;Conducente;M;Illeso;0;;Non accertato;Inesploso
5174464;6;28/11/2020 13:10:00;Strada Urbana;VIALE DELLA VENEZIA GIULIA;all'intersezione con;VIA ROVIGNO D'ISTRIA;VIA ROVIGNO D'ISTRIA;;;Tamponamento;Incrocio;Una carreggiata a doppio senso;Asciutto;Asfaltata;Verticale ed orizzontale;Nuvoloso;Scarso;Buona;;0;0;0;2;12.5564;41.8964;-1;2;Autovettura privata;In marcia / fermata / arresto;Conducente;M;Illeso;0;;Non accertato;Inesploso