Protocollo;Gruppo;DataOraIncidente;Localizzazione1;STRADA1;Localizzazione2;STRADA2;Strada02;Chilometrica;DaSpecificare;NaturaIncidente;particolaritastrade;TipoStrada;FondoStradale;Pavimentazione;Segnaletica;CondizioneAtmosferica;Traffico;Visibilita;Illuminazione;NUM_FERITI;NUM_RISERVATA;NUM_MORTI;NUM_ILLESI;Longitudine;Latitudine;Confermato;Progressivo;TipoVeicolo;StatoVeicolo;TipoPersona;Sesso;Tipolesione;Deceduto;DecedutoDopo;CinturaCascoUtilizzato;Airbag;
5177004;5;30/11/2020 14:10:00;Strada Urbana;VIA DI TOR CERVARA;da specificare;;;;prossimit� Via Dei Laghi Sportivi;Scontro laterale fra veicoli in marcia;Rettilineo;Una carreggiata a doppio senso;Asciutto;Asfaltata;Orizzontale;Sereno;Normale;Buona;;0;0;0;3;12.5872;41.9276;-1;1;Autovettura privata;In marcia / fermata / arresto;Conducente;M;Illeso;0;;Non accertato;Inesploso
5177004;5;30/11/2020 14:10:00;Strada Urbana;VIA DI TOR CERVARA;da specificare;;;;prossimit� Via Dei Laghi Sportivi;Scontro laterale fra veicoli in marcia;Rettilineo;Una carreggiata a doppio senso;Asciutto;Asfaltata;Orizzontale;Sereno;Normale;Buona;;0;0;0;3;12.5872;41.9276;-1;1;Autovettura privata;In marcia / fermata / arresto;Passeggero;M;Illeso;0;;Non accertato;Inesploso
5177004;5;30/11/2020 14:10:00;Strada Urbana;VIA DI TOR CERVARA;da specificare;;;;prossimit� Via Dei Laghi Sportivi;Scontro laterale fra veicoli in marcia;Rettilineo;Una carreggiata a doppio senso;Asciutto;Asfaltata;Orizzontale;Sereno;Normale;Buona;;0;0;0;3;12.5872;41.9276;-1;2;Autovettura privata;In marcia / fermata / arresto;Conducente;F;Illeso;0;;Non accertato;Inesploso
5177019;5;30/11/2020 17:40:00;Strada Urbana;VIALE KANT;da specificare;;;;fronte mercato Casal De' Pazzi;Scontro laterale fra veicoli in marcia;Rettilineo;Due carreggiate;Asciutto;Asfaltata;Orizzontale;Sereno;Normale;Buona;;1;0;0;1;12.5545;41.9346;-1;1;Motociclo a solo;In marcia / fermata / arresto;Conducente;M;Rifiuta cure immediate;0;NON DECEDUTO;;
5177019;5;30/11/2020 17:40:00;Strada Urbana;VIALE KANT;da specificare;;;;fronte mercato Casal De' Pazzi;Scontro laterale fra veicoli in marcia;Rettilineo;Due carreggiate;Asciutto;Asfaltata;Orizzontale;Sereno;Normale;Buona;;1;0;0;1;12.5545;41.9346;-1;2;Autovettura privata;In marcia / fermata / arresto;Conducente;M;Illeso;0;;;
5177024;1;29/11/2020 16:55:00;Strada Urbana;VIA MERULANA;all'intersezione con;VIA ANGELO POLIZIANO;VIA ANGELO POLIZIANO;;;Scontro frontale/laterale DX fra veicoli in marcia;Incrocio;Una carreggiata a doppio senso;Asciutto;Asfaltata;Verticale ed orizzontale;Sereno;Intenso;Sufficiente;;0;0;0;5;12.5016;41.8927;-1;1;Autovettura privata;In marcia / fermata / arresto;Conducente;M;Illeso;0;;;
5177024;1;29/11/2020 16:55:00;Strada Urbana;VIA MERULANA;all'intersezione con;VIA ANGELO POLIZIANO;VIA ANGELO POLIZIANO;;;Scontro frontale/laterale DX fra veicoli in marcia;Incrocio;Una carreggiata a doppio senso;Asciutto;Asfaltata;Verticale ed orizzontale;Sereno;Intenso;Sufficiente;;0;0;0;5;12.5016;41.8927;-1;2;Autovettura privata;In marcia / fermata / arresto;Conducente;M;Illeso;0;;;
5177024;1;29/11/2020 16:55:00;Strada Urbana;VIA MERULANA;all'intersezione con;VIA ANGELO POLIZIANO;VIA ANGELO POLIZIANO;;;Scontro frontale/laterale DX fra veicoli in marcia;Incrocio;Una carreggiata a doppio senso;Asciutto;Asfaltata;Verticale ed orizzontale;Sereno;Intenso;Sufficiente;;0;0;0;5;12.5016;41.8927;-1;2;Autovettura privata;In marcia / fermata / arresto;Passeggero;M;Illeso;0;;;
5177050;2;30/11/2020 21:35:00;Strada Urbana;VIA ALESSANDRIA;all'intersezione con;VIA REGGIO EMILIA;VIA REGGIO EMILIA;;;Scontro laterale fra veicoli in marcia;Intersezione stradale segnalata;Una carreggiata a senso unico di marcia;Asciutto;Asfaltata;Verticale ed orizzontale;Sereno;Normale;Buona;;0;0;0;2;12.5039;41.9127;-1;1;Autovettura privata;In marcia / fermata / arresto;Conducente;M;Illeso;0;;Non accertato;Inesploso
5177050;2;30/11/2020 21:35:00;Strada Urbana;VIA ALESSANDRIA;all'intersezione con;VIA REGGIO EMILIA;VIA REGGIO EMILIA;;;Scontro laterale fra veicoli in marcia;Intersezione stradale segnalata;Una carreggiata a senso unico di marcia;Asciutto;Asfaltata;Verticale ed orizzontale;Sereno;Normale;Buona;;0;0;0;2;12.5039;41.9127;-1;2;Autovettura privata;In marcia / fermata / arresto;Conducente;M;Illeso;0;;Non accertato;Inesploso
5177078;1;30/11/2020 16:45:00;Strada Urbana;VIA QUATTRO NOVEMBRE;in prossimit�;;del civico n.;154;;Tamponamento;Rettilineo;Una carreggiata a senso unico di marcia;Asciutto;Asfaltata;Temporanea di cantiere;Sereno;Normale;Buona;;0;0;0;3;12.4859;41.8965;-1;1;Autovettura privata;In marcia / fermata / arresto;Conducente;M;Illeso;0;;Non accertato;Inesploso
5177078;1;30/11/2020 16:45:00;Strada Urbana;VIA QUATTRO NOVEMBRE;in prossimit�;;del civico n.;154;;Tamponamento;Rettilineo;Una carreggiata a senso unico di marcia;Asciutto;Asfaltata;Temporanea di cantiere;Sereno;Normale;Buona;;0;0;0;3;12.4859;41.8965;-1;1;Autovettura privata;In marcia / fermata / arresto;Passeggero;M;Illeso;0;;Non accertato;Inesploso
5177078;1;30/11/2020 16:45:00;Strada Urbana;VIA QUATTRO NOVEMBRE;in prossimit�;;del civico n.;154;;Tamponamento;Rettilineo;Una carreggiata a senso unico di marcia;Asciutto;Asfaltata;Temporanea di cantiere;Sereno;Normale;Buona;;0;0;0;3;12.4859;41.8965;-1;2;Autovettura pubblica;In marcia / fermata / arresto;Conducente;M;Illeso;0;;Non accertato;Inesploso
5177109;16;30/11/2020 08:12:00;Strada Urbana;VIA CAMILLO DE LELLIS;all'intersezione con;VIA PIETRO D'ASSISI;VIA PIETRO D'ASSISI;;;Scontro laterale fra veicoli in marcia;Incrocio;Una carreggiata a senso unico di marcia;Asciutto;Asfaltata;Assente;Sereno;Normale;Buona;;0;0;0;3;12.4506;41.8692;-1;1;Autovettura privata;In marcia / fermata / arresto;Conducente;F;Illeso;0;;Non accertato;
5177109;16;30/11/2020 08:12:00;Strada Urbana;VIA CAMILLO DE LELLIS;all'intersezione con;VIA PIETRO D'ASSISI;VIA PIETRO D'ASSISI;;;Scontro laterale fra veicoli in marcia;Incrocio;Una carreggiata a senso unico di marcia;Asciutto;Asfaltata;Assente;Sereno;Normale;Buona;;0;0;0;3;12.4506;41.8692;-1;2;Autovettura privata;In marcia / fermata / arresto;Conducente;M;Illeso;0;;Non accertato;
5177109;16;30/11/2020 08:12:00;Strada Urbana;VIA CAMILLO DE LELLIS;all'intersezione con;VIA PIETRO D'ASSISI;VIA PIETRO D'ASSISI;;;Scontro laterale fra veicoli in marcia;Incrocio;Una carreggiata a senso unico di marcia;Asciutto;Asfaltata;Assente;Sereno;Normale;Buona;;0;0;0;3;12.4506;41.8692;-1;2;Autovettura privata;In marcia / fermata / arresto;Passeggero;F;Illeso;0;;Non accertato;
5177109;16;30/11/2020 08:12:00;Strada Urbana;VIA CAMILLO DE LELLIS;all'intersezione con;VIA PIETRO D'ASSISI;VIA PIETRO D'ASSISI;;;Scontro laterale fra veicoli in marcia;Incrocio;Una carreggiata a senso unico di marcia;Asciutto;Asfaltata;Assente;Sereno;Normale;Buona;;0;0;0;3;12.4506;41.8692;-1;3;Autovettura privata;Sosta;;;;;;;
5177127;7;30/11/2020 14:00:00;Strada Urbana;VIA MOLFETTA;all'intersezione con;VIA UGENTO;VIA UGENTO;;;Scontro laterale fra veicoli in marcia;Incrocio;Una carreggiata a doppio senso;Asciutto;Asfaltata;Assente;Sereno;Normale;Buona;;1;0;0;2;12.5775;41.89;-1;1;Autovettura privata;In marcia / fermata / arresto;Conducente;M;Illeso;0;;;
5177127;7;30/11/2020 14:00:00;Strada Urbana;VIA MOLFETTA;all'intersezione con;VIA UGENTO;VIA UGENTO;;;Scontro laterale fra veicoli in marcia;Incrocio;Una carreggiata a doppio senso;Asciutto;Asfaltata;Assente;Sereno;Normale;Buona;;1;0;0;2;12.5775;41.89;-1;1;Autovettura privata;In marcia / fermata / arresto;Passeggero;F;Illeso;0;;;
5177127;7;30/11/2020 14:00:00;Strada Urbana;VIA MOLFETTA;all'intersezione con;VIA UGENTO;VIA UGENTO;;;Scontro laterale fra veicoli in marcia;Incrocio;Una carreggiata a doppio senso;Asciutto;Asfaltata;Assente;Sereno;Normale;Buona;;1;0;0;2;12.5775;41.89;-1;2;Motociclo a solo;In marcia / fermata / arresto;Conducente;M;Ricoverato;0;NON DECEDUTO;;
5177160;1;30/11/2020 09:30:00;Strada Urbana;VIA ELENIANA;in corrispondenza;;del civico n.;4;;Scontro frontale/laterale DX fra veicoli in marcia;Rettilineo;Una carreggiata a doppio senso;Asciutto;Asfaltata;Verticale;Sereno;Normale;Buona;;0;0;0;2;;;0;1;Autovettura privata;In marcia / fermata / arresto;Conducente;M;Illeso;0;;;
5177160;1;30/11/2020 09:30:00;Strada Urbana;VIA ELENIANA;in corrispondenza;;del civico n.;4;;Scontro frontale/laterale DX fra veicoli in marcia;Rettilineo;Una carreggiata a doppio senso;Asciutto;Asfaltata;Verticale;Sereno;Normale;Buona;;0;0;0;2;;;0;2;Autovettura privata;In marcia / fermata / arresto;Conducente;M;Illeso;0;;;
5177175;9;30/11/2020 23:30:00;Strada Urbana;VIA NOCERA UMBRA;in corrispondenza;;del civico n.;158;;Veicolo in marcia contro veicoli in sosta;Rettilineo;Due carreggiate;Asciutto;Asfaltata;Verticale ed orizzontale;Sereno;Scarso;Sufficiente;;0;0;0;1;12.5303;41.8788;-1;1;Autovettura privata;In marcia / fermata / arresto;Conducente;M;Illeso;0;;Non accertato;Inesploso
5177175;9;30/11/2020 23:30:00;Strada Urbana;VIA NOCERA UMBRA;in corrispondenza;;del civico n.;158;;Veicolo in marcia contro veicoli in sosta;Rettilineo;Due carreggiate;Asciutto;Asfaltata;Verticale ed orizzontale;Sereno;Scarso;Sufficiente;;0;0;0;1;12.5303;41.8788;-1;2;Autovettura privata;Sosta;;;;;;;
5177175;9;30/11/2020 23:30:00;Strada Urbana;VIA NOCERA UMBRA;in corrispondenza;;del civico n.;158;;Veicolo in marcia contro veicoli in sosta;Rettilineo;Due carreggiate;Asciutto;Asfaltata;Verticale ed orizzontale;Sereno;Scarso;Sufficiente;;0;0;0;1;12.5303;41.8788;-1;3;Autovettura privata;Sosta;;;;;;;
5177204;1;30/11/2020 12:55:00;Strada Urbana;VIA MARSALA;in prossimit�;;del civico n.;108;;Tamponamento;Rettilineo;Una carreggiata a doppio senso;Asciutto;Asfaltata;Verticale ed orizzontale;Sereno;Scarso;Buona;;0;0;0;2;12.5069;41.8995;-1;1;Autovettura privata;In marcia / fermata / arresto;Conducente;M;Illeso;0;;Non accertato;Inesploso
5177204;1;30/11/2020 12:55:00;Strada Urbana;VIA MARSALA;in prossimit�;;del civico n.;108;;Tamponamento;Rettilineo;Una carreggiata a doppio senso;Asciutto;Asfaltata;Verticale ed orizzontale;Sereno;Scarso;Buona;;0;0;0;2;12.5069;41.8995;-1;2;Motociclo a solo;In marcia / fermata / arresto;Conducente;M;Illeso;0;;Non accertato;
5177241;16;30/11/2020 10:40:00;Strada Urbana;VIA CRESCENZO DEL MONTE;in corrispondenza;;del civico n.;15;;Veicolo in marcia contro veicolo fermo;Rettilineo;Una carreggiata a doppio senso;Asciutto;Asfaltata;Assente;Sereno;Normale;Buona;;0;0;0;1;12.4668;41.8752;0;1;Autovettura privata;In marcia / fermata / arresto;Conducente;F;Illeso;0;;Non accertato;
5177241;16;30/11/2020 10:40:00;Strada Urbana;VIA CRESCENZO DEL MONTE;in corrispondenza;;del civico n.;15;;Veicolo in marcia contro veicolo fermo;Rettilineo;Una carreggiata a doppio senso;Asciutto;Asfaltata;Assente;Sereno;Normale;Buona;;0;0;0;1;12.4668;41.8752;0;2;Autovettura privata;In marcia / fermata / arresto;;;;;;;
5177290;16;30/11/2020 11:50:00;Strada Urbana;CIRCONVALLAZIONE GIANICOLENSE;da specificare;;;;fronte civico 98;Tamponamento Multiplo;Rettilineo;Pi� di due carreggiate;Asciutto;Asfaltata;Verticale ed orizzontale;Sereno;Normale;Buona;;0;0;0;5;12.4496;41.8725;-1;1;Autovettura privata;In marcia / fermata / arresto;Conducente;F;Illeso;0;;Non accertato;
5177290;16;30/11/2020 11:50:00;Strada Urbana;CIRCONVALLAZIONE GIANICOLENSE;da specificare;;;;fronte civico 98;Tamponamento Multiplo;Rettilineo;Pi� di due carreggiate;Asciutto;Asfaltata;Verticale ed orizzontale;Sereno;Normale;Buona;;0;0;0;5;12.4496;41.8725;-1;2;Autovettura privata;In marcia / fermata / arresto;Conducente;M;Illeso;0;;Non accertato;
5177290;16;30/11/2020 11:50:00;Strada Urbana;CIRCONVALLAZIONE GIANICOLENSE;da specificare;;;;fronte civico 98;Tamponamento Multiplo;Rettilineo;Pi� di due carreggiate;Asciutto;Asfaltata;Verticale ed orizzontale;Sereno;Normale;Buona;;0;0;0;5;12.4496;41.8725;-1;2;Autovettura privata;In marcia / fermata / arresto;Passeggero;M;Illeso;0;;Non accertato;
5177290;16;30/11/2020 11:50:00;Strada Urbana;CIRCONVALLAZIONE GIANICOLENSE;da specificare;;;;fronte civico 98;Tamponamento Multiplo;Rettilineo;Pi� di due carreggiate;Asciutto;Asfaltata;Verticale ed orizzontale;Sereno;Normale;Buona;;0;0;0;5;12.4496;41.8725;-1;3;Autovettura privata;In marcia / fermata / arresto;Conducente;F;Illeso;0;;Non accertato;
5177290;16;30/11/2020 11:50:00;Strada Urbana;CIRCONVALLAZIONE GIANICOLENSE;da specificare;;;;fronte civico 98;Tamponamento Multiplo;Rettilineo;Pi� di due carreggiate;Asciutto;Asfaltata;Verticale ed orizzontale;Sereno;Normale;Buona;;0;0;0;5;12.4496;41.8725;-1;4;Autovettura privata;In marcia / fermata / arresto;Conducente;M;Illeso;0;;Non accertato;
5177312;7;30/11/2020 17:15:00;Strada Urbana;LARGO DELLA PRIMAVERA;in prossimit�;;del civico n.;30;;Veicolo in marcia contro veicoli in sosta;Rettilineo;Una carreggiata a doppio senso;Asciutto;Asfaltata;Assente;Sereno;Scarso;Sufficiente;;0;0;0;0;12.562;41.8876;-1;1;Autovettura privata;Sosta;;;;;;;
5177312;7;30/11/2020 17:15:00;Strada Urbana;LARGO DELLA PRIMAVERA;in prossimit�;;del civico n.;30;;Veicolo in marcia contro veicoli in sosta;Rettilineo;Una carreggiata a doppio senso;Asciutto;Asfaltata;Assente;Sereno;Scarso;Sufficiente;;0;0;0;0;12.562;41.8876;-1;2;Autocarro inferiore 35 q.;In marcia / fermata / arresto;;;;;;;
5177379;16;30/11/2020 16:10:00;Strada Urbana;PIAZZALE DEI QUATTRO VENTI;in prossimit�;;del palo luce n.;33;;Scontro laterale fra veicoli in marcia;Rettilineo;Una carreggiata a doppio senso;Asciutto;Asfaltata;Verticale ed orizzontale;Sereno;Normale;Buona;;1;0;0;2;12.458;41.8781;-1;1;Autovettura privata;In marcia / fermata / arresto;Conducente;M;Illeso;0;;Non accertato;
5177379;16;30/11/2020 16:10:00;Strada Urbana;PIAZZALE DEI QUATTRO VENTI;in prossimit�;;del palo luce n.;33;;Scontro laterale fra veicoli in marcia;Rettilineo;Una carreggiata a doppio senso;Asciutto;Asfaltata;Verticale ed orizzontale;Sereno;Normale;Buona;;1;0;0;2;12.458;41.8781;-1;1;Autovettura privata;In marcia / fermata / arresto;Passeggero;F;Illeso;0;;Non accertato;
5177379;16;30/11/2020 16:10:00;Strada Urbana;PIAZZALE DEI QUATTRO VENTI;in prossimit�;;del palo luce n.;33;;Scontro laterale fra veicoli in marcia;Rettilineo;Una carreggiata a doppio senso;Asciutto;Asfaltata;Verticale ed orizzontale;Sereno;Normale;Buona;;1;0;0;2;12.458;41.8781;-1;2;Motociclo a solo;In marcia / fermata / arresto;Conducente;F;Rimandato;0;NON DECEDUTO;Non accertato;
5177386;16;30/11/2020 16:55:00;Strada Urbana;VIA DEL CASALETTO;in corrispondenza;;del civico n.;557;;Scontro laterale fra veicoli in marcia;Curva senza visuale libera;Una carreggiata a doppio senso;Asciutto;Asfaltata;Verticale ed orizzontale;Sereno;Scarso;Sufficiente;;0;0;0;3;12.4393;41.8588;-1;1;Autovettura privata;In marcia / fermata / arresto;Conducente;M;Illeso;0;;Non accertato;
5177386;16;30/11/2020 16:55:00;Strada Urbana;VIA DEL CASALETTO;in corrispondenza;;del civico n.;557;;Scontro laterale fra veicoli in marcia;Curva senza visuale libera;Una carreggiata a doppio senso;Asciutto;Asfaltata;Verticale ed orizzontale;Sereno;Scarso;Sufficiente;;0;0;0;3;12.4393;41.8588;-1;1;Autovettura privata;In marcia / fermata / arresto;Passeggero;M;Illeso;0;;Non accertato;
5177386;16;30/11/2020 16:55:00;Strada Urbana;VIA DEL CASALETTO;in corrispondenza;;del civico n.;557;;Scontro laterale fra veicoli in marcia;Curva senza visuale libera;Una carreggiata a doppio senso;Asciutto;Asfaltata;Verticale ed orizzontale;Sereno;Scarso;Sufficiente;;0;0;0;3;12.4393;41.8588;-1;2;Autovettura privata;In marcia / fermata / arresto;Conducente;M;Illeso;0;;Non accertato;
5177867;12;30/11/2020 17:05:00;Strada Urbana;VIA PONTINA;da specificare;;;;complanare 343 dir Roma;Scontro laterale fra veicoli in marcia;Rettilineo;Una carreggiata a doppio senso;Asciutto;Asfaltata;Verticale ed orizzontale;Sereno;Normale;Buona;;0;0;0;3;12.4522;41.7941;-1;1;Autocarro inferiore 35 q.;In marcia / fermata / arresto;Conducente;M;Illeso;0;;Utilizzato;Inesploso
5177867;12;30/11/2020 17:05:00;Strada Urbana;VIA PONTINA;da specificare;;;;complanare 343 dir Roma;Scontro laterale fra veicoli in marcia;Rettilineo;Una carreggiata a doppio senso;Asciutto;Asfaltata;Verticale ed orizzontale;Sereno;Normale;Buona;;0;0;0;3;12.4522;41.7941;-1;2;Autovettura privata;In marcia / fermata / arresto;Conducente;F;Illeso;0;;Utilizzato;Inesploso
5177867;12;30/11/2020 17:05:00;Strada Urbana;VIA PONTINA;da specificare;;;;complanare 343 dir Roma;Scontro laterale fra veicoli in marcia;Rettilineo;Una carreggiata a doppio senso;Asciutto;Asfaltata;Verticale ed orizzontale;Sereno;Normale;Buona;;0;0;0;3;12.4522;41.7941;-1;2;Autovettura privata;In marcia / fermata / arresto;Passeggero;F;Illeso;0;;Utilizzato;Inesploso
5178715;23;10/11/2020 10:45:00;Strada Urbana;PIAZZA DI PORTA CAPENA;all'intersezione con;VIA DEI CERCHI;VIA DEI CERCHI;;;Scontro frontale/laterale DX fra veicoli in marcia;Incrocio;Pi� di due carreggiate;Asciutto;Asfaltata;Verticale ed orizzontale;Sereno;Normale;Buona;;0;0;0;3;12.4895;41.8842;-1;1;Motociclo a solo;In marcia / fermata / arresto;Conducente;M;Illeso;0;;;
5178715;23;10/11/2020 10:45:00;Strada Urbana;PIAZZA DI PORTA CAPENA;all'intersezione con;VIA DEI CERCHI;VIA DEI CERCHI;;;Scontro frontale/laterale DX fra veicoli in marcia;Incrocio;Pi� di due carreggiate;Asciutto;Asfaltata;Verticale ed orizzontale;Sereno;Normale;Buona;;0;0;0;3;12.4895;41.8842;-1;2;Autovettura privata;In marcia / fermata / arresto;Conducente;M;Illeso;0;;Non accertato;Inesploso
5178715;23;10/11/2020 10:45:00;Strada Urbana;PIAZZA DI PORTA CAPENA;all'intersezione con;VIA DEI CERCHI;VIA DEI CERCHI;;;Scontro frontale/laterale DX fra veicoli in marcia;Incrocio;Pi� di due carreggiate;Asciutto;Asfaltata;Verticale ed orizzontale;Sereno;Normale;Buona;;0;0;0;3;12.4895;41.8842;-1;2;Autovettura privata;In marcia / fermata / arresto;Passeggero;F;Illeso;0;;;
5178985;18;30/11/2020 13:20:00;Strada Urbana;VIA MATTIA BATTISTINI;in corrispondenza;;del civico n.;195;;Scontro laterale fra veicoli in marcia;Rettilineo;Una carreggiata a doppio senso;Asciutto;Asfaltata;Orizzontale;Sereno;Normale;Buona;;0;0;0;3;12.4185;41.9128;-1;1;Autovettura privata;In marcia / fermata / arresto;Conducente;M;Illeso;0;;;
5178985;18;30/11/2020 13:20:00;Strada Urbana;VIA MATTIA BATTISTINI;in corrispondenza;;del civico n.;195;;Scontro laterale fra veicoli in marcia;Rettilineo;Una carreggiata a doppio senso;Asciutto;Asfaltata;Orizzontale;Sereno;Normale;Buona;;0;0;0;3;12.4185;41.9128;-1;1;Autovettura privata;In marcia / fermata / arresto;Passeggero;F;Illeso;0;;;
5178985;18;30/11/2020 13:20:00;Strada Urbana;VIA MATTIA BATTISTINI;in corrispondenza;;del civico n.;195;;Scontro laterale fra veicoli in marcia;Rettilineo;Una carreggiata a doppio senso;Asciutto;Asfaltata;Orizzontale;Sereno;Normale;Buona;;0;0;0;3;12.4185;41.9128;-1;2;Autocarro inferiore 35 q.;In marcia / fermata / arresto;Conducente;M;Illeso;0;;;
5179052;3;30/11/2020 13:15:00;Strada Urbana;VIALE DELLE PROVINCIE;in prossimit�;;del civico n.;25;;Tamponamento Multiplo;Rettilineo;Due carreggiate;Asciutto;Asfaltata;Verticale ed orizzontale;Sereno;Normale;Buona;;0;0;0;3;12.521;41.912;-1;1;Autovettura privata;In marcia / fermata / arresto;Conducente;M;Illeso;0;;Non accertato;
5179052;3;30/11/2020 13:15:00;Strada Urbana;VIALE DELLE PROVINCIE;in prossimit�;;del civico n.;25;;Tamponamento Multiplo;Rettilineo;Due carreggiate;Asciutto;Asfaltata;Verticale ed orizzontale;Sereno;Normale;Buona;;0;0;0;3;12.521;41.912;-1;2;Autovettura privata;In marcia / fermata / arresto;Conducente;F;Illeso;0;;Non accertato;
5179052;3;30/11/2020 13:15:00;Strada Urbana;VIALE DELLE PROVINCIE;in prossimit�;;del civico n.;25;;Tamponamento Multiplo;Rettilineo;Due carreggiate;Asciutto;Asfaltata;Verticale ed orizzontale;Sereno;Normale;Buona;;0;0;0;3;12.521;41.912;-1;3;Autovettura privata;In marcia / fermata / arresto;Conducente;M;Illeso;0;;Non accertato;
5179081;13;28/11/2020 10:15:00;Strada Urbana;VIA DI MACCHIA SAPONARA;all'intersezione con;VIA TESPI;VIA TESPI;;;Tamponamento;Incrocio;Una carreggiata a doppio senso;Asciutto;Asfaltata;Verticale ed orizzontale;Sereno;Normale;Sufficiente;;0;0;0;1;12.3582;41.7667;0;1;Autovettura privata;In marcia / fermata / arresto;Conducente;F;Illeso;0;;Non accertato;
5179081;13;28/11/2020 10:15:00;Strada Urbana;VIA DI MACCHIA SAPONARA;all'intersezione con;VIA TESPI;VIA TESPI;;;Tamponamento;Incrocio;Una carreggiata a doppio senso;Asciutto;Asfaltata;Verticale ed orizzontale;Sereno;Normale;Sufficiente;;0;0;0;1;12.3582;41.7667;0;2;Autovettura privata;In marcia / fermata / arresto;;;;;;;
5185411;1;29/11/2020 18:15:00;Strada Urbana;PIAZZA VITTORIO EMANUELE II;da specificare;;;;fronte palo ACEA n. 5;Investimento di pedone;Rettilineo;Una carreggiata a senso unico di marcia;Asciutto;Asfaltata;Verticale;Sereno;Normale;Sufficiente;;1;0;0;0;12.5043;41.8955;-1;;;;Pedone;M;Rifiuta cure immediate;0;NON DECEDUTO;;
5185411;1;29/11/2020 18:15:00;Strada Urbana;PIAZZA VITTORIO EMANUELE II;da specificare;;;;fronte palo ACEA n. 5;Investimento di pedone;Rettilineo;Una carreggiata a senso unico di marcia;Asciutto;Asfaltata;Verticale;Sereno;Normale;Sufficiente;;1;0;0;0;12.5043;41.8955;-1;1;Autovettura privata;Allontanatosi;;;;;;;
5191042;6;23/11/2020 09:40:00;Strada Urbana;VIA SAN GIUSTO;da specificare;;;;altezza entrata case popolari;Veicolo in marcia contro ostacolo accidentale;Rettilineo;Una carreggiata a senso unico di marcia;Asciutto;Asfaltata;Assente;Sereno;Normale;Buona;;0;0;0;1;12.5608;41.8984;-1;1;Autovettura privata;In marcia / fermata / arresto;Conducente;M;Illeso;0;;Non accertato;Inesploso
5193362;2;26/11/2020 16:50:00;Strada Urbana;VIA FRANCESCO SIACCI;all'intersezione semaforizzata con;PIAZZA PITAGORA;PIAZZA PITAGORA;;;Scontro laterale fra veicoli in marcia;Intersezione semaforizzata;Una carreggiata a doppio senso;Asciutto;Asfaltata;Verticale ed orizzontale;Sereno;Normale;Buona;;0;0;0;2;12.49;41.9221;-1;1;Quadriciclo;In marcia / fermata / arresto;Conducente;M;Illeso;0;;;
5193362;2;26/11/2020 16:50:00;Strada Urbana;VIA FRANCESCO SIACCI;all'intersezione semaforizzata con;PIAZZA PITAGORA;PIAZZA PITAGORA;;;Scontro laterale fra veicoli in marcia;Intersezione semaforizzata;Una carreggiata a doppio senso;Asciutto;Asfaltata;Verticale ed orizzontale;Sereno;Normale;Buona;;0;0;0;2;12.49;41.9221;-1;2;Motociclo a solo;In marcia / fermata / arresto;Conducente;M;Illeso;0;;;
5222118;20;25/11/2020 12:00:00;Strada Urbana;VIA CAPOPRATI;da specificare;;;;p.t� circolo "L'isola che non c'�";Veicolo in marcia contro ostacolo accidentale;Rettilineo;Una carreggiata a doppio senso;Asciutto;Asfaltata;Assente;Sereno;Scarso;Buona;;1;0;0;0;12.4597;41.9312;-1;1;Velocipede;In marcia / fermata / arresto;Conducente;F;Rimandato;0;NON DECEDUTO;Esente;
5232255;23;07/11/2020 21:50:00;Strada Urbana;VIA CRISTOFORO COLOMBO;all'intersezione con;VIA CESARE FEDERICI;VIA CESARE FEDERICI;;;Tamponamento;Incrocio;Una carreggiata a senso unico di marcia;Asciutto;Asfaltata;Verticale ed orizzontale;Sereno;Scarso;Buona;;0;0;0;2;12.4536;41.8089;0;1;Autovettura privata;In marcia / fermata / arresto;Conducente;M;Illeso;0;;Non accertato;Inesploso
5232255;23;07/11/2020 21:50:00;Strada Urbana;VIA CRISTOFORO COLOMBO;all'intersezione con;VIA CESARE FEDERICI;VIA CESARE FEDERICI;;;Tamponamento;Incrocio;Una carreggiata a senso unico di marcia;Asciutto;Asfaltata;Verticale ed orizzontale;Sereno;Scarso;Buona;;0;0;0;2;12.4536;41.8089;0;2;Autovettura privata;In marcia / fermata / arresto;Conducente;F;Illeso;0;;;
5236759;5;06/11/2020 15:00:00;Strada Urbana;NUOVA CIRCONVALLAZIONE INTERNA;da specificare;;;;direzione san giovanni ingresso batteria nomentana;Infortunio per sola frenata improvvisa;Galleria illuminata;Una carreggiata a senso unico di marcia;Asciutto;Asfaltata;Orizzontale;Sereno;Normale;Sufficiente;;1;0;0;0;12.5302;41.9153;-1;1;Motociclo a solo;In marcia / fermata / arresto;Conducente;M;Ricoverato;0;NON DECEDUTO;;
5241707;3;10/11/2020 10:35:00;Strada Urbana;VIA NOMENTANA;in prossimit�;;del civico n.;122;;Veicolo in marcia contro ostacolo fisso;Rettilineo;Una carreggiata a senso unico di marcia;Asciutto;Asfaltata;Verticale ed orizzontale;Sereno;Normale;Buona;;0;0;0;0;12.5175;41.9205;0;1;Autocarro superiore 35 q.;Allontanatosi;;;;;;;